<annotation><filename>img_m1_s10_270_p_ic100.jpg</filename><folder>users/joselusava//santiago</folder><source><submittedBy>Jose Saca</submittedBy></source><imagesize><nrows>3200</nrows><ncols>4800</ncols></imagesize><object><name>m1_s10_270_p_ic100</name><deleted>0</deleted><verified>0</verified><occluded>no</occluded><attributes></attributes><parts><hasparts></hasparts><ispartof></ispartof></parts><date>27-08-20 12:15:26:730</date><id>0</id><type>bounding_box</type><polygon><username>anonymous</username><pt><x>965</x><y>727</y><time>27-08-20 12:15:12:833</time></pt><pt><x>3682</x><y>727</y><time>27-08-20 12:15:19:499</time></pt><pt><x>3682</x><y>2811</y><time>undefined</time></pt><pt><x>965</x><y>2811</y><time>undefined</time></pt><closed_date>27-08-20 12:15:19:501</closed_date></polygon></object></annotation>