<annotation><filename>m1_s07_204_x.jpg</filename><folder>users/joselusava//santiago</folder><source><submittedBy>Jose Saca</submittedBy></source><imagesize><nrows>3200</nrows><ncols>4800</ncols></imagesize><object><name>m1_s07_204_x</name><deleted>0</deleted><verified>0</verified><occluded>no</occluded><attributes></attributes><parts><hasparts></hasparts><ispartof></ispartof></parts><date>24-08-20 16:16:12:288</date><id>0</id><type>bounding_box</type><polygon><username>anonymous</username><pt><x>610</x><y>526</y><time>24-08-20 16:15:57:075</time></pt><pt><x>4210</x><y>526</y><time>24-08-20 16:16:01:042</time></pt><pt><x>4210</x><y>2339</y><time>undefined</time></pt><pt><x>610</x><y>2339</y><time>undefined</time></pt><closed_date>24-08-20 16:16:01:043</closed_date></polygon></object></annotation>