<annotation><filename>m1_s05_138_p_nic092.jpg</filename><folder>users/joselusava//jacob/138</folder><source><submittedBy>Jose Saca</submittedBy></source><imagesize><nrows>3200</nrows><ncols>4800</ncols></imagesize><object><name>m1_s05_138_p_nic092</name><deleted>0</deleted><verified>0</verified><occluded>no</occluded><attributes></attributes><parts><hasparts></hasparts><ispartof></ispartof></parts><date>24-08-20 12:49:28:914</date><id>0</id><type>bounding_box</type><polygon><username>anonymous</username><pt><x>526</x><y>1579</y><time>24-08-20 12:49:26:223</time></pt><pt><x>1552</x><y>1579</y><time>24-08-20 12:49:27:892</time></pt><pt><x>1552</x><y>2902</y><time>undefined</time></pt><pt><x>526</x><y>2902</y><time>undefined</time></pt><closed_date>24-08-20 12:49:27:892</closed_date></polygon></object></annotation>