<annotation><filename>m1_s05_138_p_nic024.jpg</filename><folder>users/joselusava//jacob/138</folder><source><submittedBy>Jose Saca</submittedBy></source><imagesize><nrows>3200</nrows><ncols>4800</ncols></imagesize><object><name>m1_s05_138_p_nic024</name><deleted>0</deleted><verified>0</verified><occluded>no</occluded><attributes></attributes><parts><hasparts></hasparts><ispartof></ispartof></parts><date>23-08-20 23:34:28:550</date><id>0</id><type>bounding_box</type><polygon><username>anonymous</username><pt><x>3818</x><y>1901</y><time>23-08-20 23:34:21:328</time></pt><pt><x>4459</x><y>1901</y><time>23-08-20 23:34:23:992</time></pt><pt><x>4459</x><y>2883</y><time>undefined</time></pt><pt><x>3818</x><y>2883</y><time>undefined</time></pt><closed_date>23-08-20 23:34:23:992</closed_date></polygon></object></annotation>