<annotation><filename>m1_s08_258_x.jpg</filename><folder>users/joselusava//santiago</folder><source><submittedBy>Jose Saca</submittedBy></source><imagesize><nrows>3200</nrows><ncols>4800</ncols></imagesize><object><name>m1_s08_258_x</name><deleted>0</deleted><verified>0</verified><occluded>no</occluded><attributes></attributes><parts><hasparts></hasparts><ispartof></ispartof></parts><date>25-08-20 14:09:35:927</date><id>0</id><type>bounding_box</type><polygon><username>anonymous</username><pt><x>580</x><y>245</y><time>25-08-20 14:09:25:024</time></pt><pt><x>3927</x><y>245</y><time>25-08-20 14:09:28:848</time></pt><pt><x>3927</x><y>2998</y><time>undefined</time></pt><pt><x>580</x><y>2998</y><time>undefined</time></pt><closed_date>25-08-20 14:09:28:850</closed_date></polygon></object></annotation>