<annotation><filename>img_m1_s10_270_p_nic050.jpg</filename><folder>users/joselusava//santiago</folder><source><submittedBy>Jose Saca</submittedBy></source><imagesize><nrows>3200</nrows><ncols>4800</ncols></imagesize><object><name>m1_s10_270_p_nic050</name><deleted>0</deleted><verified>0</verified><occluded>no</occluded><attributes></attributes><parts><hasparts></hasparts><ispartof></ispartof></parts><date>27-08-20 14:21:48:192</date><id>0</id><type>bounding_box</type><polygon><username>anonymous</username><pt><x>2448</x><y>1681</y><time>27-08-20 14:21:38:974</time></pt><pt><x>3898</x><y>1681</y><time>27-08-20 14:21:40:628</time></pt><pt><x>3898</x><y>2851</y><time>undefined</time></pt><pt><x>2448</x><y>2851</y><time>undefined</time></pt><closed_date>27-08-20 14:21:40:629</closed_date></polygon></object></annotation>