<annotation><filename>img_m1_s10_270_p_nic097.jpg</filename><folder>users/joselusava//santiago</folder><source><submittedBy>Jose Saca</submittedBy></source><imagesize><nrows>3200</nrows><ncols>4800</ncols></imagesize><object><name>m1_s10_270_p_nic097</name><deleted>0</deleted><verified>0</verified><occluded>no</occluded><attributes></attributes><parts><hasparts></hasparts><ispartof></ispartof></parts><date>28-08-20 14:53:22:856</date><id>0</id><type>bounding_box</type><polygon><username>anonymous</username><pt><x>2009</x><y>522</y><time>28-08-20 14:53:14:386</time></pt><pt><x>3625</x><y>522</y><time>28-08-20 14:53:16:253</time></pt><pt><x>3625</x><y>1811</y><time>undefined</time></pt><pt><x>2009</x><y>1811</y><time>undefined</time></pt><closed_date>28-08-20 14:53:16:254</closed_date></polygon></object></annotation>