<annotation><filename>img_m1_s10_270_p_nic067.jpg</filename><folder>users/joselusava//santiago</folder><source><submittedBy>Jose Saca</submittedBy></source><imagesize><nrows>3200</nrows><ncols>4800</ncols></imagesize><object><name>m1_s10_270_p_nic067</name><deleted>0</deleted><verified>0</verified><occluded>no</occluded><attributes></attributes><parts><hasparts></hasparts><ispartof></ispartof></parts><date>28-08-20 14:03:07:838</date><id>0</id><type>bounding_box</type><polygon><username>anonymous</username><pt><x>396</x><y>1004</y><time>28-08-20 14:02:53:275</time></pt><pt><x>1778</x><y>1004</y><time>28-08-20 14:03:00:610</time></pt><pt><x>1778</x><y>2282</y><time>undefined</time></pt><pt><x>396</x><y>2282</y><time>undefined</time></pt><closed_date>28-08-20 14:03:00:611</closed_date></polygon></object></annotation>