<annotation><filename>m1_s07_194_p_ic079.jpg</filename><folder>users/joselusava//santiago</folder><source><submittedBy>Jose Saca</submittedBy></source><imagesize><nrows>3200</nrows><ncols>4800</ncols></imagesize><object><name>m1_s07_194_p_ic079</name><deleted>0</deleted><verified>0</verified><occluded>no</occluded><attributes></attributes><parts><hasparts></hasparts><ispartof></ispartof></parts><date>22-08-20 17:08:07:350</date><id>0</id><type>bounding_box</type><polygon><username>anonymous</username><pt><x>1325</x><y>731</y><time>22-08-20 17:07:54:739</time></pt><pt><x>3380</x><y>731</y><time>22-08-20 17:07:59:926</time></pt><pt><x>3380</x><y>2919</y><time>undefined</time></pt><pt><x>1325</x><y>2919</y><time>undefined</time></pt><closed_date>22-08-20 17:07:59:927</closed_date></polygon></object></annotation>