<annotation><filename>m1_s08_253_x.jpg</filename><folder>users/joselusava//santiago</folder><source><submittedBy>Jose Saca</submittedBy></source><imagesize><nrows>3200</nrows><ncols>4800</ncols></imagesize><object><name>m1_s08_253_x</name><deleted>0</deleted><verified>0</verified><occluded>no</occluded><attributes></attributes><parts><hasparts></hasparts><ispartof></ispartof></parts><date>25-08-20 14:00:34:591</date><id>0</id><type>bounding_box</type><polygon><username>anonymous</username><pt><x>659</x><y>191</y><time>25-08-20 14:00:23:421</time></pt><pt><x>4053</x><y>191</y><time>25-08-20 14:00:27:015</time></pt><pt><x>4053</x><y>2973</y><time>undefined</time></pt><pt><x>659</x><y>2973</y><time>undefined</time></pt><closed_date>25-08-20 14:00:27:017</closed_date></polygon></object></annotation>