<annotation><filename>m1_s05_138_p_ic064.jpg</filename><folder>users/joselusava//jacob</folder><source><submittedBy>Jose Saca</submittedBy></source><imagesize><nrows>3200</nrows><ncols>4800</ncols></imagesize><object><name>m1_s05_138_p_ic064</name><deleted>0</deleted><verified>0</verified><occluded>no</occluded><attributes></attributes><parts><hasparts></hasparts><ispartof></ispartof></parts><date>21-08-20 22:44:19:134</date><id>0</id><type>bounding_box</type><polygon><username>anonymous</username><pt><x>3415</x><y>402</y><time>21-08-20 22:44:13:564</time></pt><pt><x>1655</x><y>402</y><time>21-08-20 22:44:15:959</time></pt><pt><x>1655</x><y>2577</y><time>undefined</time></pt><pt><x>3415</x><y>2577</y><time>undefined</time></pt><closed_date>21-08-20 22:44:15:959</closed_date></polygon></object></annotation>