<annotation><filename>m1_s08_243_x.jpg</filename><folder>users/joselusava//santiago</folder><source><submittedBy>Jose Saca</submittedBy></source><imagesize><nrows>3200</nrows><ncols>4800</ncols></imagesize><object><name>m1_s08_243_x</name><deleted>0</deleted><verified>0</verified><occluded>no</occluded><attributes></attributes><parts><hasparts></hasparts><ispartof></ispartof></parts><date>25-08-20 13:35:58:501</date><id>0</id><type>bounding_box</type><polygon><username>anonymous</username><pt><x>750</x><y>274</y><time>25-08-20 13:35:47:207</time></pt><pt><x>4130</x><y>274</y><time>25-08-20 13:35:50:995</time></pt><pt><x>4130</x><y>3040</y><time>undefined</time></pt><pt><x>750</x><y>3040</y><time>undefined</time></pt><closed_date>25-08-20 13:35:50:996</closed_date></polygon></object></annotation>