<annotation><filename>m1_s05_115_p_ic094.jpg</filename><folder>users/joselusava//jacob/sala5_115_ic</folder><source><submittedBy>Jose Saca</submittedBy></source><imagesize><nrows>3200</nrows><ncols>4796</ncols></imagesize><object><name>m1_s05_115_p_ic094</name><deleted>0</deleted><verified>0</verified><occluded>no</occluded><attributes></attributes><parts><hasparts></hasparts><ispartof></ispartof></parts><date>30-08-20 21:40:39:454</date><id>0</id><type>bounding_box</type><polygon><username>anonymous</username><pt><x>3456</x><y>2221</y><time>30-08-20 21:40:36:734</time></pt><pt><x>1292</x><y>2221</y><time>30-08-20 21:40:38:636</time></pt><pt><x>1292</x><y>871</y><time>undefined</time></pt><pt><x>3456</x><y>871</y><time>undefined</time></pt><closed_date>30-08-20 21:40:38:636</closed_date></polygon></object></annotation>