<annotation><filename>img_m1_s10_270_p_ic036.jpg</filename><folder>users/joselusava//santiago</folder><source><submittedBy>Jose Saca</submittedBy></source><imagesize><nrows>3200</nrows><ncols>4800</ncols></imagesize><object><name>m1_s10_270_p_ic036</name><deleted>0</deleted><verified>0</verified><occluded>no</occluded><attributes></attributes><parts><hasparts></hasparts><ispartof></ispartof></parts><date>26-08-20 19:27:38:446</date><id>0</id><type>bounding_box</type><polygon><username>anonymous</username><pt><x>1155</x><y>443</y><time>26-08-20 19:27:27:747</time></pt><pt><x>3376</x><y>443</y><time>26-08-20 19:27:31:185</time></pt><pt><x>3376</x><y>2451</y><time>undefined</time></pt><pt><x>1155</x><y>2451</y><time>undefined</time></pt><closed_date>26-08-20 19:27:31:185</closed_date></polygon></object></annotation>