<annotation><filename>m1_s05_115_p_ic025.jpg</filename><folder>users/joselusava//jacob/sala5_115_ic</folder><source><submittedBy>Jose Saca</submittedBy></source><imagesize><nrows>3200</nrows><ncols>4796</ncols></imagesize><object><name>m1_s05_115_p_ic025</name><deleted>0</deleted><verified>0</verified><occluded>no</occluded><attributes></attributes><parts><hasparts></hasparts><ispartof></ispartof></parts><date>30-08-20 20:10:05:512</date><id>0</id><type>bounding_box</type><polygon><username>anonymous</username><pt><x>1627</x><y>2499</y><time>30-08-20 20:10:03:629</time></pt><pt><x>2910</x><y>2499</y><time>30-08-20 20:10:04:702</time></pt><pt><x>2910</x><y>536</y><time>undefined</time></pt><pt><x>1627</x><y>536</y><time>undefined</time></pt><closed_date>30-08-20 20:10:04:702</closed_date></polygon></object></annotation>