<annotation><filename>img_m1_s10_270_p_nic016.jpg</filename><folder>users/joselusava//santiago</folder><source><submittedBy>Jose Saca</submittedBy></source><imagesize><nrows>3200</nrows><ncols>4800</ncols></imagesize><object><name>m1_s10_270_p_nic016</name><deleted>0</deleted><verified>0</verified><occluded>no</occluded><attributes></attributes><parts><hasparts></hasparts><ispartof></ispartof></parts><date>27-08-20 13:01:42:405</date><id>0</id><type>bounding_box</type><polygon><username>anonymous</username><pt><x>382</x><y>1008</y><time>27-08-20 13:01:28:949</time></pt><pt><x>2171</x><y>1008</y><time>27-08-20 13:01:35:120</time></pt><pt><x>2171</x><y>2473</y><time>undefined</time></pt><pt><x>382</x><y>2473</y><time>undefined</time></pt><closed_date>27-08-20 13:01:35:122</closed_date></polygon></object></annotation>