<annotation><filename>m1_s05_138_p_nic071.jpg</filename><folder>users/joselusava//jacob/138</folder><source><submittedBy>Jose Saca</submittedBy></source><imagesize><nrows>3200</nrows><ncols>4800</ncols></imagesize><object><name>m1_s05_138_p_nic071</name><deleted>0</deleted><verified>0</verified><occluded>no</occluded><attributes></attributes><parts><hasparts></hasparts><ispartof></ispartof></parts><date>24-08-20 12:39:30:278</date><id>0</id><type>bounding_box</type><polygon><username>anonymous</username><pt><x>3276</x><y>1759</y><time>24-08-20 12:39:26:014</time></pt><pt><x>4377</x><y>1759</y><time>24-08-20 12:39:27:831</time></pt><pt><x>4377</x><y>3027</y><time>undefined</time></pt><pt><x>3276</x><y>3027</y><time>undefined</time></pt><closed_date>24-08-20 12:39:27:831</closed_date></polygon></object></annotation>