<annotation><filename>m1_s05_115_p_nic099.jpg</filename><folder>users/joselusava//jacob/sala5_115_nic</folder><source><submittedBy>Jose Saca</submittedBy></source><imagesize><nrows>3200</nrows><ncols>4796</ncols></imagesize><object><name>m1_s05_115_p_nic099</name><deleted>0</deleted><verified>0</verified><occluded>no</occluded><attributes></attributes><parts><hasparts></hasparts><ispartof></ispartof></parts><date>31-08-20 00:09:17:140</date><id>0</id><type>bounding_box</type><polygon><username>anonymous</username><pt><x>4135</x><y>2355</y><time>31-08-20 00:09:13:341</time></pt><pt><x>2747</x><y>2355</y><time>31-08-20 00:09:16:249</time></pt><pt><x>2747</x><y>862</y><time>undefined</time></pt><pt><x>4135</x><y>862</y><time>undefined</time></pt><closed_date>31-08-20 00:09:16:249</closed_date></polygon></object></annotation>