<annotation><filename>img_m1_s10_270_p_nic013.jpg</filename><folder>users/joselusava//santiago</folder><source><submittedBy>Jose Saca</submittedBy></source><imagesize><nrows>3200</nrows><ncols>4800</ncols></imagesize><object><name>m1_s10_270_p_nic013</name><deleted>0</deleted><verified>0</verified><occluded>no</occluded><attributes></attributes><parts><hasparts></hasparts><ispartof></ispartof></parts><date>27-08-20 12:56:41:319</date><id>0</id><type>bounding_box</type><polygon><username>anonymous</username><pt><x>414</x><y>482</y><time>27-08-20 12:56:31:813</time></pt><pt><x>2221</x><y>482</y><time>27-08-20 12:56:34:377</time></pt><pt><x>2221</x><y>1879</y><time>undefined</time></pt><pt><x>414</x><y>1879</y><time>undefined</time></pt><closed_date>27-08-20 12:56:34:378</closed_date></polygon></object></annotation>