<annotation><filename>m1_s05_115_p_nic038.jpg</filename><folder>users/joselusava//jacob/sala5_115_nic</folder><source><submittedBy>Jose Saca</submittedBy></source><imagesize><nrows>3200</nrows><ncols>4796</ncols></imagesize><object><name>m1_s05_115_p_nic038</name><deleted>0</deleted><verified>0</verified><occluded>no</occluded><attributes></attributes><parts><hasparts></hasparts><ispartof></ispartof></parts><date>30-08-20 23:11:58:446</date><id>0</id><type>bounding_box</type><polygon><username>anonymous</username><pt><x>3121</x><y>1675</y><time>30-08-20 23:11:56:097</time></pt><pt><x>4241</x><y>1675</y><time>30-08-20 23:11:57:433</time></pt><pt><x>4241</x><y>2690</y><time>undefined</time></pt><pt><x>3121</x><y>2690</y><time>undefined</time></pt><closed_date>30-08-20 23:11:57:433</closed_date></polygon></object></annotation>