<annotation><filename>m1_s07_194_p_nic019.jpg</filename><folder>users/joselusava//santiago</folder><source><submittedBy>Jose Saca</submittedBy></source><imagesize><nrows>3200</nrows><ncols>4800</ncols></imagesize><object><name>m1_s07_194_p_nic019</name><deleted>0</deleted><verified>0</verified><occluded>no</occluded><attributes></attributes><parts><hasparts></hasparts><ispartof></ispartof></parts><date>24-08-20 11:37:37:665</date><id>0</id><type>bounding_box</type><polygon><username>anonymous</username><pt><x>292</x><y>241</y><time>24-08-20 11:37:14:639</time></pt><pt><x>1181</x><y>241</y><time>24-08-20 11:37:18:519</time></pt><pt><x>1181</x><y>2030</y><time>undefined</time></pt><pt><x>292</x><y>2030</y><time>undefined</time></pt><closed_date>24-08-20 11:37:18:520</closed_date></polygon></object></annotation>