<annotation><filename>img_m1_s10_303_p_ic070.jpg</filename><folder>users/joselusava//santiago</folder><source><submittedBy>Jose Saca</submittedBy></source><imagesize><nrows>3200</nrows><ncols>4800</ncols></imagesize><object><name>m1_s10_303_p_ic070</name><deleted>0</deleted><verified>0</verified><occluded>no</occluded><attributes></attributes><parts><hasparts></hasparts><ispartof></ispartof></parts><date>31-08-20 14:42:15:545</date><id>0</id><type>bounding_box</type><polygon><username>anonymous</username><pt><x>1055</x><y>954</y><time>31-08-20 14:42:02:450</time></pt><pt><x>3639</x><y>954</y><time>31-08-20 14:42:09:179</time></pt><pt><x>3639</x><y>2041</y><time>undefined</time></pt><pt><x>1055</x><y>2041</y><time>undefined</time></pt><closed_date>31-08-20 14:42:09:181</closed_date></polygon></object></annotation>