<annotation><filename>m1_s07_194_p_nic093.jpg</filename><folder>users/joselusava//santiago</folder><source><submittedBy>Jose Saca</submittedBy></source><imagesize><nrows>3200</nrows><ncols>4800</ncols></imagesize><object><name>m1_s07_194_p_nic093</name><deleted>0</deleted><verified>0</verified><occluded>no</occluded><attributes></attributes><parts><hasparts></hasparts><ispartof></ispartof></parts><date>24-08-20 15:18:32:170</date><id>0</id><type>bounding_box</type><polygon><username>anonymous</username><pt><x>1044</x><y>212</y><time>24-08-20 15:18:23:535</time></pt><pt><x>2426</x><y>212</y><time>24-08-20 15:18:25:286</time></pt><pt><x>2426</x><y>2189</y><time>undefined</time></pt><pt><x>1044</x><y>2189</y><time>undefined</time></pt><closed_date>24-08-20 15:18:25:287</closed_date></polygon></object></annotation>