<annotation><filename>img_m1_s10_270_p_ic072.jpg</filename><folder>users/joselusava//santiago</folder><source><submittedBy>Jose Saca</submittedBy></source><imagesize><nrows>3200</nrows><ncols>4800</ncols></imagesize><object><name>m1_s10_270_p_ic072</name><deleted>0</deleted><verified>0</verified><occluded>no</occluded><attributes></attributes><parts><hasparts></hasparts><ispartof></ispartof></parts><date>26-08-20 23:50:27:131</date><id>0</id><type>bounding_box</type><polygon><username>anonymous</username><pt><x>878</x><y>576</y><time>26-08-20 23:50:15:695</time></pt><pt><x>3312</x><y>576</y><time>26-08-20 23:50:18:571</time></pt><pt><x>3312</x><y>2559</y><time>undefined</time></pt><pt><x>878</x><y>2559</y><time>undefined</time></pt><closed_date>26-08-20 23:50:18:572</closed_date></polygon></object></annotation>