<annotation><filename>m1_s05_138_p_ic094.jpg</filename><folder>users/joselusava//jacob</folder><source><submittedBy>Jose Saca</submittedBy></source><imagesize><nrows>3200</nrows><ncols>4800</ncols></imagesize><object><name>m1_s05_138_p_ic094</name><deleted>0</deleted><verified>0</verified><occluded>no</occluded><attributes></attributes><parts><hasparts></hasparts><ispartof></ispartof></parts><date>21-08-20 23:11:46:240</date><id>0</id><type>bounding_box</type><polygon><username>anonymous</username><pt><x>1538</x><y>284</y><time>21-08-20 23:11:41:031</time></pt><pt><x>3415</x><y>284</y><time>21-08-20 23:11:43:324</time></pt><pt><x>3415</x><y>3075</y><time>undefined</time></pt><pt><x>1538</x><y>3075</y><time>undefined</time></pt><closed_date>21-08-20 23:11:43:324</closed_date></polygon></object></annotation>