<annotation><filename>m1_s05_138_p_nic043.jpg</filename><folder>users/joselusava//jacob/138</folder><source><submittedBy>Jose Saca</submittedBy></source><imagesize><nrows>3200</nrows><ncols>4800</ncols></imagesize><object><name>m1_s05_138_p_nic043</name><deleted>0</deleted><verified>0</verified><occluded>no</occluded><attributes></attributes><parts><hasparts></hasparts><ispartof></ispartof></parts><date>23-08-20 23:43:04:275</date><id>0</id><type>bounding_box</type><polygon><username>anonymous</username><pt><x>3353</x><y>2012</y><time>23-08-20 23:43:01:886</time></pt><pt><x>3928</x><y>2012</y><time>23-08-20 23:43:03:173</time></pt><pt><x>3928</x><y>2922</y><time>undefined</time></pt><pt><x>3353</x><y>2922</y><time>undefined</time></pt><closed_date>23-08-20 23:43:03:174</closed_date></polygon></object></annotation>