<annotation><filename>img_m1_s10_270_p_ic093.jpg</filename><folder>users/joselusava//santiago</folder><source><submittedBy>Jose Saca</submittedBy></source><imagesize><nrows>3200</nrows><ncols>4800</ncols></imagesize><object><name>m1_s10_270_p_ic093</name><deleted>0</deleted><verified>0</verified><occluded>no</occluded><attributes></attributes><parts><hasparts></hasparts><ispartof></ispartof></parts><date>27-08-20 12:02:19:388</date><id>0</id><type>bounding_box</type><polygon><username>anonymous</username><pt><x>1260</x><y>432</y><time>27-08-20 12:02:08:377</time></pt><pt><x>3416</x><y>432</y><time>27-08-20 12:02:12:759</time></pt><pt><x>3416</x><y>2800</y><time>undefined</time></pt><pt><x>1260</x><y>2800</y><time>undefined</time></pt><closed_date>27-08-20 12:02:12:761</closed_date></polygon></object></annotation>