<annotation><filename>m1_s05_138_p_ic004.jpg</filename><folder>users/joselusava//jacob</folder><source><submittedBy>Jose Saca</submittedBy></source><imagesize><nrows>3200</nrows><ncols>4800</ncols></imagesize><object><name>m1_s05_138_p_ic004</name><deleted>0</deleted><verified>0</verified><occluded>no</occluded><attributes></attributes><parts><hasparts></hasparts><ispartof></ispartof></parts><date>20-08-20 22:08:39:293</date><id>0</id><type>bounding_box</type><polygon><username>anonymous</username><pt><x>3165</x><y>3020</y><time>20-08-20 22:08:26:515</time></pt><pt><x>1697</x><y>3020</y><time>20-08-20 22:08:31:709</time></pt><pt><x>1697</x><y>610</y><time>undefined</time></pt><pt><x>3165</x><y>610</y><time>undefined</time></pt><closed_date>20-08-20 22:08:31:709</closed_date></polygon></object></annotation>