<annotation><filename>img_m1_s01_270_p_ic058.jpg</filename><folder>users/joselusava//santiago</folder><source><submittedBy>Jose Saca</submittedBy></source><imagesize><nrows>3200</nrows><ncols>4800</ncols></imagesize><object><name>m1_s10_270_p_ic058</name><deleted>0</deleted><verified>0</verified><occluded>no</occluded><attributes></attributes><parts><hasparts></hasparts><ispartof></ispartof></parts><date>26-08-20 22:13:58:029</date><id>0</id><type>bounding_box</type><polygon><username>anonymous</username><pt><x>896</x><y>580</y><time>26-08-20 22:13:49:353</time></pt><pt><x>3099</x><y>580</y><time>26-08-20 22:13:51:242</time></pt><pt><x>3099</x><y>2329</y><time>undefined</time></pt><pt><x>896</x><y>2329</y><time>undefined</time></pt><closed_date>26-08-20 22:13:51:243</closed_date></polygon></object></annotation>