<annotation><filename>m1_s07_194_p_ic019.jpg</filename><folder>users/joselusava//santiago</folder><source><submittedBy>Jose Saca</submittedBy></source><imagesize><nrows>3200</nrows><ncols>4800</ncols></imagesize><object><name>m1_s07_194_p_ic019</name><deleted>0</deleted><verified>0</verified><occluded>no</occluded><attributes></attributes><parts><hasparts></hasparts><ispartof></ispartof></parts><date>21-08-20 13:25:44:741</date><id>0</id><type>bounding_box</type><polygon><username>anonymous</username><pt><x>1548</x><y>306</y><time>21-08-20 13:25:28:753</time></pt><pt><x>3254</x><y>306</y><time>21-08-20 13:25:33:913</time></pt><pt><x>3254</x><y>2847</y><time>undefined</time></pt><pt><x>1548</x><y>2847</y><time>undefined</time></pt><closed_date>21-08-20 13:25:33:913</closed_date></polygon></object></annotation>