<annotation><filename>m1_s07_194_p_ic078.jpg</filename><folder>users/joselusava//santiago</folder><source><submittedBy>Jose Saca</submittedBy></source><imagesize><nrows>3200</nrows><ncols>4800</ncols></imagesize><object><name>m1_s07_194_p_ic078</name><deleted>0</deleted><verified>0</verified><occluded>no</occluded><attributes></attributes><parts><hasparts></hasparts><ispartof></ispartof></parts><date>22-08-20 17:06:29:623</date><id>0</id><type>bounding_box</type><polygon><username>anonymous</username><pt><x>1436</x><y>623</y><time>22-08-20 17:06:19:598</time></pt><pt><x>3315</x><y>623</y><time>22-08-20 17:06:23:000</time></pt><pt><x>3315</x><y>2700</y><time>undefined</time></pt><pt><x>1436</x><y>2700</y><time>undefined</time></pt><closed_date>22-08-20 17:06:23:000</closed_date></polygon></object></annotation>