<annotation><filename>m1_s05_138_p_ic099.jpg</filename><folder>users/joselusava//jacob</folder><source><submittedBy>Jose Saca</submittedBy></source><imagesize><nrows>3200</nrows><ncols>4800</ncols></imagesize><object><name>m1_s05_138_p_ic099</name><deleted>0</deleted><verified>0</verified><occluded>no</occluded><attributes></attributes><parts><hasparts></hasparts><ispartof></ispartof></parts><date>21-08-20 23:14:06:686</date><id>0</id><type>bounding_box</type><polygon><username>anonymous</username><pt><x>1946</x><y>28</y><time>21-08-20 23:14:00:931</time></pt><pt><x>3262</x><y>28</y><time>21-08-20 23:14:02:922</time></pt><pt><x>3262</x><y>3117</y><time>undefined</time></pt><pt><x>1946</x><y>3117</y><time>undefined</time></pt><closed_date>21-08-20 23:14:02:923</closed_date></polygon></object></annotation>