<annotation><filename>m1_s05_138_p_nic044.jpg</filename><folder>users/joselusava//jacob/138</folder><source><submittedBy>Jose Saca</submittedBy></source><imagesize><nrows>3200</nrows><ncols>4800</ncols></imagesize><object><name>m1_s05_138_p_nic044</name><deleted>0</deleted><verified>0</verified><occluded>no</occluded><attributes></attributes><parts><hasparts></hasparts><ispartof></ispartof></parts><date>23-08-20 23:43:36:311</date><id>0</id><type>bounding_box</type><polygon><username>anonymous</username><pt><x>3966</x><y>2050</y><time>23-08-20 23:43:32:233</time></pt><pt><x>4560</x><y>2050</y><time>23-08-20 23:43:34:211</time></pt><pt><x>4560</x><y>2941</y><time>undefined</time></pt><pt><x>3966</x><y>2941</y><time>undefined</time></pt><closed_date>23-08-20 23:43:34:212</closed_date></polygon></object></annotation>