<annotation><filename>m1_s05_138_p_nic040.jpg</filename><folder>users/joselusava//jacob/138</folder><source><submittedBy>Jose Saca</submittedBy></source><imagesize><nrows>3200</nrows><ncols>4800</ncols></imagesize><object><name>m1_s05_138_p_nic040</name><deleted>0</deleted><verified>0</verified><occluded>no</occluded><attributes></attributes><parts><hasparts></hasparts><ispartof></ispartof></parts><date>23-08-20 23:41:41:092</date><id>0</id><type>bounding_box</type><polygon><username>anonymous</username><pt><x>1935</x><y>2137</y><time>23-08-20 23:41:39:015</time></pt><pt><x>2443</x><y>2137</y><time>23-08-20 23:41:40:013</time></pt><pt><x>2443</x><y>3028</y><time>undefined</time></pt><pt><x>1935</x><y>3028</y><time>undefined</time></pt><closed_date>23-08-20 23:41:40:013</closed_date></polygon></object></annotation>