<annotation><filename>m1_s05_138_p_ic001.jpg</filename><folder>users/joselusava//jacob</folder><source><submittedBy>Jose Saca</submittedBy></source><imagesize><nrows>3200</nrows><ncols>4800</ncols></imagesize><object><name>m1_s05_138_p_ic001</name><deleted>0</deleted><verified>0</verified><occluded>no</occluded><attributes></attributes><parts><hasparts></hasparts><ispartof></ispartof></parts><date>20-08-20 21:29:27:223</date><id>0</id><type>bounding_box</type><polygon><username>anonymous</username><pt><x>1808</x><y>194</y><time>20-08-20 21:28:58:260</time></pt><pt><x>2965</x><y>194</y><time>20-08-20 21:29:03:967</time></pt><pt><x>2965</x><y>2798</y><time>undefined</time></pt><pt><x>1808</x><y>2798</y><time>undefined</time></pt><closed_date>20-08-20 21:29:03:968</closed_date></polygon></object></annotation>