<annotation><filename>m1_s08_242_x.jpg</filename><folder>users/joselusava//santiago</folder><source><submittedBy>Jose Saca</submittedBy></source><imagesize><nrows>3200</nrows><ncols>4800</ncols></imagesize><object><name>m1_s08_242_x</name><deleted>0</deleted><verified>0</verified><occluded>no</occluded><attributes></attributes><parts><hasparts></hasparts><ispartof></ispartof></parts><date>25-08-20 13:34:39:137</date><id>0</id><type>bounding_box</type><polygon><username>anonymous</username><pt><x>601</x><y>184</y><time>25-08-20 13:34:25:243</time></pt><pt><x>3963</x><y>184</y><time>25-08-20 13:34:30:801</time></pt><pt><x>3963</x><y>2962</y><time>undefined</time></pt><pt><x>601</x><y>2962</y><time>undefined</time></pt><closed_date>25-08-20 13:34:30:802</closed_date></polygon></object></annotation>