<annotation><filename>m1_s07_194_p_nic076.jpg</filename><folder>users/joselusava//santiago</folder><source><submittedBy>Jose Saca</submittedBy></source><imagesize><nrows>3200</nrows><ncols>4800</ncols></imagesize><object><name>m1_s07_194_p_nic076</name><deleted>0</deleted><verified>0</verified><occluded>no</occluded><attributes></attributes><parts><hasparts></hasparts><ispartof></ispartof></parts><date>24-08-20 14:34:00:598</date><id>0</id><type>bounding_box</type><polygon><username>anonymous</username><pt><x>2577</x><y>320</y><time>24-08-20 14:33:44:953</time></pt><pt><x>3531</x><y>320</y><time>24-08-20 14:33:46:540</time></pt><pt><x>3531</x><y>2016</y><time>undefined</time></pt><pt><x>2577</x><y>2016</y><time>undefined</time></pt><closed_date>24-08-20 14:33:46:542</closed_date></polygon></object></annotation>