<annotation><filename>m1_s05_138_p_ic033.jpg</filename><folder>users/joselusava//jacob</folder><source><submittedBy>Jose Saca</submittedBy></source><imagesize><nrows>3200</nrows><ncols>4800</ncols></imagesize><object><name>m1_s05_138_p_ic033</name><deleted>0</deleted><verified>0</verified><occluded>no</occluded><attributes></attributes><parts><hasparts></hasparts><ispartof></ispartof></parts><date>21-08-20 20:08:40:587</date><id>0</id><type>bounding_box</type><polygon><username>anonymous</username><pt><x>2965</x><y>596</y><time>21-08-20 20:08:33:163</time></pt><pt><x>1759</x><y>596</y><time>21-08-20 20:08:35:583</time></pt><pt><x>1759</x><y>2895</y><time>undefined</time></pt><pt><x>2965</x><y>2895</y><time>undefined</time></pt><closed_date>21-08-20 20:08:35:584</closed_date></polygon></object></annotation>