<annotation><filename>m1_s05_138_p_ic067.jpg</filename><folder>users/joselusava//jacob</folder><source><submittedBy>Jose Saca</submittedBy></source><imagesize><nrows>3200</nrows><ncols>4800</ncols></imagesize><object><name>m1_s05_138_p_ic067</name><deleted>0</deleted><verified>0</verified><occluded>no</occluded><attributes></attributes><parts><hasparts></hasparts><ispartof></ispartof></parts><date>21-08-20 22:45:47:948</date><id>0</id><type>bounding_box</type><polygon><username>anonymous</username><pt><x>1399</x><y>3124</y><time>21-08-20 22:45:42:649</time></pt><pt><x>3228</x><y>3124</y><time>21-08-20 22:45:44:927</time></pt><pt><x>3228</x><y>956</y><time>undefined</time></pt><pt><x>1399</x><y>956</y><time>undefined</time></pt><closed_date>21-08-20 22:45:44:927</closed_date></polygon></object></annotation>