<annotation><filename>m1_s07_191_x.jpg</filename><folder>users/joselusava//santiago</folder><source><submittedBy>Jose Saca</submittedBy></source><imagesize><nrows>3200</nrows><ncols>4800</ncols></imagesize><object><name>m1_s07_191_x</name><deleted>0</deleted><verified>0</verified><occluded>no</occluded><attributes></attributes><parts><hasparts></hasparts><ispartof></ispartof></parts><date>21-08-20 11:55:47:429</date><id>0</id><type>bounding_box</type><polygon><username>anonymous</username><pt><x>1509</x><y>171</y><time>21-08-20 11:55:14:730</time></pt><pt><x>3478</x><y>171</y><time>21-08-20 11:55:25:360</time></pt><pt><x>3478</x><y>2979</y><time>undefined</time></pt><pt><x>1509</x><y>2979</y><time>undefined</time></pt><closed_date>21-08-20 11:55:25:361</closed_date></polygon></object></annotation>