<annotation><filename>m1_s05_138_p_nic038.jpg</filename><folder>users/joselusava//jacob/138</folder><source><submittedBy>Jose Saca</submittedBy></source><imagesize><nrows>3200</nrows><ncols>4800</ncols></imagesize><object><name>m1_s05_138_p_nic038</name><deleted>0</deleted><verified>0</verified><occluded>no</occluded><attributes></attributes><parts><hasparts></hasparts><ispartof></ispartof></parts><date>23-08-20 23:40:39:749</date><id>0</id><type>bounding_box</type><polygon><username>anonymous</username><pt><x>862</x><y>2137</y><time>23-08-20 23:40:37:581</time></pt><pt><x>1437</x><y>2137</y><time>23-08-20 23:40:38:597</time></pt><pt><x>1437</x><y>3056</y><time>undefined</time></pt><pt><x>862</x><y>3056</y><time>undefined</time></pt><closed_date>23-08-20 23:40:38:597</closed_date></polygon></object></annotation>