<annotation><filename>m1_s07_194_p_ic013.jpg</filename><folder>users/joselusava//santiago</folder><source><submittedBy>Jose Saca</submittedBy></source><imagesize><nrows>3200</nrows><ncols>4800</ncols></imagesize><object><name>m1_s07_194_p_ic013</name><deleted>0</deleted><verified>0</verified><occluded>no</occluded><attributes></attributes><parts><hasparts></hasparts><ispartof></ispartof></parts><date>21-08-20 12:51:48:739</date><id>0</id><type>bounding_box</type><polygon><username>anonymous</username><pt><x>1493</x><y>442</y><time>21-08-20 12:51:33:278</time></pt><pt><x>3250</x><y>442</y><time>21-08-20 12:51:38:737</time></pt><pt><x>3250</x><y>2827</y><time>undefined</time></pt><pt><x>1493</x><y>2827</y><time>undefined</time></pt><closed_date>21-08-20 12:51:38:739</closed_date></polygon></object></annotation>