<annotation><filename>img_m1_s10_303_p_ic077.jpg</filename><folder>users/joselusava//santiago</folder><source><submittedBy>Jose Saca</submittedBy></source><imagesize><nrows>3200</nrows><ncols>4800</ncols></imagesize><object><name>m1_s10_303_p_ic077</name><deleted>0</deleted><verified>0</verified><occluded>no</occluded><attributes></attributes><parts><hasparts></hasparts><ispartof></ispartof></parts><date>01-09-20 10:24:37:832</date><id>0</id><type>bounding_box</type><polygon><username>anonymous</username><pt><x>1422</x><y>875</y><time>01-09-20 10:24:29:043</time></pt><pt><x>3603</x><y>875</y><time>01-09-20 10:24:31:239</time></pt><pt><x>3603</x><y>2394</y><time>undefined</time></pt><pt><x>1422</x><y>2394</y><time>undefined</time></pt><closed_date>01-09-20 10:24:31:241</closed_date></polygon></object></annotation>