<annotation><filename>img_m1_s10_270_p_nic021.jpg</filename><folder>users/joselusava//santiago</folder><source><submittedBy>Jose Saca</submittedBy></source><imagesize><nrows>3200</nrows><ncols>4800</ncols></imagesize><object><name>m1_s10_270_p_nic021</name><deleted>0</deleted><verified>0</verified><occluded>no</occluded><attributes></attributes><parts><hasparts></hasparts><ispartof></ispartof></parts><date>27-08-20 13:20:35:909</date><id>0</id><type>bounding_box</type><polygon><username>anonymous</username><pt><x>921</x><y>1440</y><time>27-08-20 13:20:21:126</time></pt><pt><x>2649</x><y>1440</y><time>27-08-20 13:20:27:530</time></pt><pt><x>2649</x><y>2818</y><time>undefined</time></pt><pt><x>921</x><y>2818</y><time>undefined</time></pt><closed_date>27-08-20 13:20:27:531</closed_date></polygon></object></annotation>