<annotation><filename>m1_s07_194_p_ic093.jpg</filename><folder>users/joselusava//santiago</folder><source><submittedBy>Jose Saca</submittedBy></source><imagesize><nrows>3200</nrows><ncols>4800</ncols></imagesize><object><name>m1_s07_194_p_ic093</name><deleted>0</deleted><verified>0</verified><occluded>no</occluded><attributes></attributes><parts><hasparts></hasparts><ispartof></ispartof></parts><date>22-08-20 17:43:14:585</date><id>0</id><type>bounding_box</type><polygon><username>anonymous</username><pt><x>1404</x><y>648</y><time>22-08-20 17:43:04:609</time></pt><pt><x>2782</x><y>648</y><time>22-08-20 17:43:06:499</time></pt><pt><x>2782</x><y>2894</y><time>undefined</time></pt><pt><x>1404</x><y>2894</y><time>undefined</time></pt><closed_date>22-08-20 17:43:06:500</closed_date></polygon></object></annotation>