<annotation><filename>m1_s05_115_p_ic068.jpg</filename><folder>users/joselusava//jacob/sala5_115_ic</folder><source><submittedBy>Jose Saca</submittedBy></source><imagesize><nrows>3200</nrows><ncols>4796</ncols></imagesize><object><name>m1_s05_115_p_ic068</name><deleted>0</deleted><verified>0</verified><occluded>no</occluded><attributes></attributes><parts><hasparts></hasparts><ispartof></ispartof></parts><date>30-08-20 21:14:42:199</date><id>0</id><type>bounding_box</type><polygon><username>anonymous</username><pt><x>929</x><y>2556</y><time>30-08-20 21:14:39:294</time></pt><pt><x>3695</x><y>2556</y><time>30-08-20 21:14:41:381</time></pt><pt><x>3695</x><y>641</y><time>undefined</time></pt><pt><x>929</x><y>641</y><time>undefined</time></pt><closed_date>30-08-20 21:14:41:381</closed_date></polygon></object></annotation>