<annotation><filename>img_m1_s10_303_p_ic055.jpg</filename><folder>users/joselusava//santiago</folder><source><submittedBy>Jose Saca</submittedBy></source><imagesize><nrows>3200</nrows><ncols>4800</ncols></imagesize><object><name>m1_s10_303_p_ic055</name><deleted>0</deleted><verified>0</verified><occluded>no</occluded><attributes></attributes><parts><hasparts></hasparts><ispartof></ispartof></parts><date>31-08-20 14:02:03:982</date><id>0</id><type>bounding_box</type><polygon><username>anonymous</username><pt><x>1595</x><y>990</y><time>31-08-20 14:01:53:592</time></pt><pt><x>3207</x><y>990</y><time>31-08-20 14:01:57:233</time></pt><pt><x>3207</x><y>2124</y><time>undefined</time></pt><pt><x>1595</x><y>2124</y><time>undefined</time></pt><closed_date>31-08-20 14:01:57:235</closed_date></polygon></object></annotation>