<annotation><filename>m1_s07_194_p_nic040.jpg</filename><folder>users/joselusava//santiago</folder><source><submittedBy>Jose Saca</submittedBy></source><imagesize><nrows>3200</nrows><ncols>4800</ncols></imagesize><object><name>m1_s07_194_p_nic040</name><deleted>0</deleted><verified>0</verified><occluded>no</occluded><attributes></attributes><parts><hasparts></hasparts><ispartof></ispartof></parts><date>24-08-20 13:13:09:599</date><id>0</id><type>bounding_box</type><polygon><username>anonymous</username><pt><x>3103</x><y>1418</y><time>24-08-20 13:12:58:267</time></pt><pt><x>4334</x><y>1418</y><time>24-08-20 13:13:01:373</time></pt><pt><x>4334</x><y>2908</y><time>undefined</time></pt><pt><x>3103</x><y>2908</y><time>undefined</time></pt><closed_date>24-08-20 13:13:01:374</closed_date></polygon></object></annotation>