<annotation><filename>img_m1_s10_270_p_ic017.jpg</filename><folder>users/joselusava//santiago</folder><source><submittedBy>Jose Saca</submittedBy></source><imagesize><nrows>3200</nrows><ncols>4800</ncols></imagesize><object><name>m1_s10_270_p_ic017</name><deleted>0</deleted><verified>0</verified><occluded>no</occluded><attributes></attributes><parts><hasparts></hasparts><ispartof></ispartof></parts><date>26-08-20 18:43:46:163</date><id>0</id><type>bounding_box</type><polygon><username>anonymous</username><pt><x>785</x><y>389</y><time>26-08-20 18:43:35:153</time></pt><pt><x>3542</x><y>389</y><time>26-08-20 18:43:39:126</time></pt><pt><x>3542</x><y>2732</y><time>undefined</time></pt><pt><x>785</x><y>2732</y><time>undefined</time></pt><closed_date>26-08-20 18:43:39:126</closed_date></polygon></object></annotation>