<annotation><filename>m1_s05_115_p_ic020.jpg</filename><folder>users/joselusava//jacob/sala5_115_ic</folder><source><submittedBy>Jose Saca</submittedBy></source><imagesize><nrows>3200</nrows><ncols>4796</ncols></imagesize><object><name>m1_s05_115_p_ic020</name><deleted>0</deleted><verified>0</verified><occluded>no</occluded><attributes></attributes><parts><hasparts></hasparts><ispartof></ispartof></parts><date>30-08-20 20:07:55:553</date><id>0</id><type>bounding_box</type><polygon><username>anonymous</username><pt><x>1503</x><y>2307</y><time>30-08-20 20:07:52:819</time></pt><pt><x>3102</x><y>2307</y><time>30-08-20 20:07:54:419</time></pt><pt><x>3102</x><y>536</y><time>undefined</time></pt><pt><x>1503</x><y>536</y><time>undefined</time></pt><closed_date>30-08-20 20:07:54:420</closed_date></polygon></object></annotation>