<annotation><filename>img_m1_s10_270_p_ic078.jpg</filename><folder>users/joselusava//santiago</folder><source><submittedBy>Jose Saca</submittedBy></source><imagesize><nrows>3200</nrows><ncols>4800</ncols></imagesize><object><name>m1_s10_270_p_ic078</name><deleted>0</deleted><verified>0</verified><occluded>no</occluded><attributes></attributes><parts><hasparts></hasparts><ispartof></ispartof></parts><date>27-08-20 11:32:52:096</date><id>0</id><type>bounding_box</type><polygon><username>anonymous</username><pt><x>911</x><y>436</y><time>27-08-20 11:32:39:483</time></pt><pt><x>3664</x><y>436</y><time>27-08-20 11:32:44:917</time></pt><pt><x>3664</x><y>2520</y><time>undefined</time></pt><pt><x>911</x><y>2520</y><time>undefined</time></pt><closed_date>27-08-20 11:32:44:919</closed_date></polygon></object></annotation>