<annotation><filename>m1_s07_194_p_ic004.jpg</filename><folder>users/joselusava//santiago</folder><source><submittedBy>Jose Saca</submittedBy></source><imagesize><nrows>3200</nrows><ncols>4800</ncols></imagesize><object><name>m1_s07_194_p_ic004</name><deleted>0</deleted><verified>0</verified><occluded>no</occluded><attributes></attributes><parts><hasparts></hasparts><ispartof></ispartof></parts><date>21-08-20 12:30:10:998</date><id>0</id><type>bounding_box</type><polygon><username>anonymous</username><pt><x>1580</x><y>295</y><time>21-08-20 12:29:50:856</time></pt><pt><x>3142</x><y>295</y><time>21-08-20 12:29:59:428</time></pt><pt><x>3142</x><y>2970</y><time>undefined</time></pt><pt><x>1580</x><y>2970</y><time>undefined</time></pt><closed_date>21-08-20 12:29:59:429</closed_date></polygon></object></annotation>