<annotation><filename>m1_s07_194_p_nic100.jpg</filename><folder>users/joselusava//santiago</folder><source><submittedBy>Jose Saca</submittedBy></source><imagesize><nrows>3200</nrows><ncols>4800</ncols></imagesize><object><name>m1_s07_194_p_nic100</name><deleted>0</deleted><verified>0</verified><occluded>no</occluded><attributes></attributes><parts><hasparts></hasparts><ispartof></ispartof></parts><date>24-08-20 15:29:50:052</date><id>0</id><type>bounding_box</type><polygon><username>anonymous</username><pt><x>439</x><y>482</y><time>24-08-20 15:29:40:735</time></pt><pt><x>1523</x><y>482</y><time>24-08-20 15:29:42:941</time></pt><pt><x>1523</x><y>1958</y><time>undefined</time></pt><pt><x>439</x><y>1958</y><time>undefined</time></pt><closed_date>24-08-20 15:29:42:942</closed_date></polygon></object></annotation>