<annotation><filename>m1_s05_138_p_ic023.jpg</filename><folder>users/joselusava//jacob</folder><source><submittedBy>Jose Saca</submittedBy></source><imagesize><nrows>3200</nrows><ncols>4800</ncols></imagesize><object><name>m1_s05_138_p_ic022</name><deleted>0</deleted><verified>0</verified><occluded>no</occluded><attributes></attributes><parts><hasparts></hasparts><ispartof></ispartof></parts><date>21-08-20 17:27:58:437</date><id>0</id><type>bounding_box</type><polygon><username>anonymous</username><pt><x>1505</x><y>2646</y><time>21-08-20 17:27:48:197</time></pt><pt><x>2824</x><y>2646</y><time>21-08-20 17:27:49:586</time></pt><pt><x>2824</x><y>531</y><time>undefined</time></pt><pt><x>1505</x><y>531</y><time>undefined</time></pt><closed_date>21-08-20 17:27:49:586</closed_date></polygon></object></annotation>