<annotation><filename>m1_s08_235_x.jpg</filename><folder>users/joselusava//santiago</folder><source><submittedBy>Jose Saca</submittedBy></source><imagesize><nrows>3200</nrows><ncols>4800</ncols></imagesize><object><name>m1_s08_235_x</name><deleted>0</deleted><verified>0</verified><occluded>no</occluded><attributes></attributes><parts><hasparts></hasparts><ispartof></ispartof></parts><date>25-08-20 13:21:10:982</date><id>0</id><type>bounding_box</type><polygon><username>anonymous</username><pt><x>1191</x><y>115</y><time>25-08-20 13:20:59:357</time></pt><pt><x>3600</x><y>115</y><time>25-08-20 13:21:02:790</time></pt><pt><x>3600</x><y>3002</y><time>undefined</time></pt><pt><x>1191</x><y>3002</y><time>undefined</time></pt><closed_date>25-08-20 13:21:02:792</closed_date></polygon></object></annotation>