<annotation><filename>m1_s07_194_p_nic094.jpg</filename><folder>users/joselusava//santiago</folder><source><submittedBy>Jose Saca</submittedBy></source><imagesize><nrows>3200</nrows><ncols>4800</ncols></imagesize><object><name>m1_s07_194_p_nic094</name><deleted>0</deleted><verified>0</verified><occluded>no</occluded><attributes></attributes><parts><hasparts></hasparts><ispartof></ispartof></parts><date>24-08-20 15:19:55:353</date><id>0</id><type>bounding_box</type><polygon><username>anonymous</username><pt><x>918</x><y>94</y><time>24-08-20 15:19:45:149</time></pt><pt><x>2250</x><y>94</y><time>24-08-20 15:19:48:737</time></pt><pt><x>2250</x><y>2109</y><time>undefined</time></pt><pt><x>918</x><y>2109</y><time>undefined</time></pt><closed_date>24-08-20 15:19:48:738</closed_date></polygon></object></annotation>