<annotation><filename>m1_s05_115_p_ic023.jpg</filename><folder>users/joselusava//jacob/sala5_115_ic</folder><source><submittedBy>Jose Saca</submittedBy></source><imagesize><nrows>3200</nrows><ncols>4796</ncols></imagesize><object><name>m1_s05_115_p_ic023</name><deleted>0</deleted><verified>0</verified><occluded>no</occluded><attributes></attributes><parts><hasparts></hasparts><ispartof></ispartof></parts><date>30-08-20 20:09:01:083</date><id>0</id><type>bounding_box</type><polygon><username>anonymous</username><pt><x>1551</x><y>2412</y><time>30-08-20 20:08:59:049</time></pt><pt><x>3015</x><y>2412</y><time>30-08-20 20:09:00:346</time></pt><pt><x>3015</x><y>488</y><time>undefined</time></pt><pt><x>1551</x><y>488</y><time>undefined</time></pt><closed_date>30-08-20 20:09:00:346</closed_date></polygon></object></annotation>