<annotation><filename>m1_s07_194_p_ic091.jpg</filename><folder>users/joselusava//santiago</folder><source><submittedBy>Jose Saca</submittedBy></source><imagesize><nrows>3200</nrows><ncols>4800</ncols></imagesize><object><name>m1_s07_194_p_ic091</name><deleted>0</deleted><verified>0</verified><occluded>no</occluded><attributes></attributes><parts><hasparts></hasparts><ispartof></ispartof></parts><date>22-08-20 17:39:08:999</date><id>0</id><type>bounding_box</type><polygon><username>anonymous</username><pt><x>1353</x><y>450</y><time>22-08-20 17:38:55:606</time></pt><pt><x>2815</x><y>450</y><time>22-08-20 17:39:01:896</time></pt><pt><x>2815</x><y>2858</y><time>undefined</time></pt><pt><x>1353</x><y>2858</y><time>undefined</time></pt><closed_date>22-08-20 17:39:01:896</closed_date></polygon></object></annotation>