<annotation><filename>img_m1_s10_303_p_ic019.jpg</filename><folder>users/joselusava//santiago</folder><source><submittedBy>Jose Saca</submittedBy></source><imagesize><nrows>3200</nrows><ncols>4800</ncols></imagesize><object><name>m1_s10_303_p_ic019</name><deleted>0</deleted><verified>0</verified><occluded>no</occluded><attributes></attributes><parts><hasparts></hasparts><ispartof></ispartof></parts><date>31-08-20 12:00:26:318</date><id>0</id><type>bounding_box</type><polygon><username>anonymous</username><pt><x>1191</x><y>983</y><time>31-08-20 12:00:11:485</time></pt><pt><x>3024</x><y>983</y><time>31-08-20 12:00:15:116</time></pt><pt><x>3024</x><y>2228</y><time>undefined</time></pt><pt><x>1191</x><y>2228</y><time>undefined</time></pt><closed_date>31-08-20 12:00:15:116</closed_date></polygon></object></annotation>