<annotation><filename>img_m1_s10_270_p.jpg</filename><folder>users/joselusava//santiago</folder><source><submittedBy>Jose Saca</submittedBy></source><imagesize><nrows>3200</nrows><ncols>4800</ncols></imagesize><object><name>m1_s10_270_p</name><deleted>0</deleted><verified>0</verified><occluded>no</occluded><attributes></attributes><parts><hasparts></hasparts><ispartof></ispartof></parts><date>26-08-20 13:23:44:871</date><id>0</id><type>bounding_box</type><polygon><username>anonymous</username><pt><x>695</x><y>248</y><time>26-08-20 13:23:29:053</time></pt><pt><x>3798</x><y>248</y><time>26-08-20 13:23:32:469</time></pt><pt><x>3798</x><y>2606</y><time>undefined</time></pt><pt><x>695</x><y>2606</y><time>undefined</time></pt><closed_date>26-08-20 13:23:32:470</closed_date></polygon></object></annotation>