<annotation><filename>img_m1_s10_270_p_nic040.jpg</filename><folder>users/joselusava//santiago</folder><source><submittedBy>Jose Saca</submittedBy></source><imagesize><nrows>3200</nrows><ncols>4800</ncols></imagesize><object><name>m1_s10_270_p_nic040</name><deleted>0</deleted><verified>0</verified><occluded>no</occluded><attributes></attributes><parts><hasparts></hasparts><ispartof></ispartof></parts><date>27-08-20 13:49:50:415</date><id>0</id><type>bounding_box</type><polygon><username>anonymous</username><pt><x>277</x><y>1591</y><time>27-08-20 13:49:40:717</time></pt><pt><x>1731</x><y>1591</y><time>27-08-20 13:49:42:660</time></pt><pt><x>1731</x><y>2808</y><time>undefined</time></pt><pt><x>277</x><y>2808</y><time>undefined</time></pt><closed_date>27-08-20 13:49:42:662</closed_date></polygon></object></annotation>