<annotation><filename>m1_s09_266_x.jpg</filename><folder>users/joselusava//santiago</folder><source><submittedBy>Jose Saca</submittedBy></source><imagesize><nrows>3200</nrows><ncols>4800</ncols></imagesize><object><name>m1_s09_266_x</name><deleted>0</deleted><verified>0</verified><occluded>no</occluded><attributes></attributes><parts><hasparts></hasparts><ispartof></ispartof></parts><date>25-08-20 14:26:04:696</date><id>0</id><type>bounding_box</type><polygon><username>anonymous</username><pt><x>1911</x><y>241</y><time>25-08-20 14:25:55:293</time></pt><pt><x>4103</x><y>241</y><time>25-08-20 14:25:57:818</time></pt><pt><x>4103</x><y>3128</y><time>undefined</time></pt><pt><x>1911</x><y>3128</y><time>undefined</time></pt><closed_date>25-08-20 14:25:57:819</closed_date></polygon></object></annotation>