<annotation><filename>img_m1_s10_270_p_ic089.jpg</filename><folder>users/joselusava//santiago</folder><source><submittedBy>Jose Saca</submittedBy></source><imagesize><nrows>3200</nrows><ncols>4800</ncols></imagesize><object><name>m1_s10_270_p_ic089</name><deleted>0</deleted><verified>0</verified><occluded>no</occluded><attributes></attributes><parts><hasparts></hasparts><ispartof></ispartof></parts><date>27-08-20 11:54:37:822</date><id>0</id><type>bounding_box</type><polygon><username>anonymous</username><pt><x>990</x><y>392</y><time>27-08-20 11:54:25:004</time></pt><pt><x>3493</x><y>392</y><time>27-08-20 11:54:30:516</time></pt><pt><x>3493</x><y>2747</y><time>undefined</time></pt><pt><x>990</x><y>2747</y><time>undefined</time></pt><closed_date>27-08-20 11:54:30:517</closed_date></polygon></object></annotation>