<annotation><filename>img_m1_s10_270_p_ic024.jpg</filename><folder>users/joselusava//santiago</folder><source><submittedBy>Jose Saca</submittedBy></source><imagesize><nrows>3200</nrows><ncols>4800</ncols></imagesize><object><name>m1_s10_270_p_ic024</name><deleted>0</deleted><verified>0</verified><occluded>no</occluded><attributes></attributes><parts><hasparts></hasparts><ispartof></ispartof></parts><date>26-08-20 18:54:35:865</date><id>0</id><type>bounding_box</type><polygon><username>anonymous</username><pt><x>1047</x><y>479</y><time>26-08-20 18:54:21:758</time></pt><pt><x>3474</x><y>479</y><time>26-08-20 18:54:24:309</time></pt><pt><x>3474</x><y>2761</y><time>undefined</time></pt><pt><x>1047</x><y>2761</y><time>undefined</time></pt><closed_date>26-08-20 18:54:24:310</closed_date></polygon></object></annotation>