<annotation><filename>m1_s05_115_p_ic041.jpg</filename><folder>users/joselusava//jacob/sala5_115_ic</folder><source><submittedBy>Jose Saca</submittedBy></source><imagesize><nrows>3200</nrows><ncols>4796</ncols></imagesize><object><name>m1_s05_115_p_ic041</name><deleted>0</deleted><verified>0</verified><occluded>no</occluded><attributes></attributes><parts><hasparts></hasparts><ispartof></ispartof></parts><date>30-08-20 21:04:33:213</date><id>0</id><type>bounding_box</type><polygon><username>anonymous</username><pt><x>3915</x><y>2728</y><time>30-08-20 21:04:27:279</time></pt><pt><x>747</x><y>2728</y><time>30-08-20 21:04:32:212</time></pt><pt><x>747</x><y>211</y><time>undefined</time></pt><pt><x>3915</x><y>211</y><time>undefined</time></pt><closed_date>30-08-20 21:04:32:212</closed_date></polygon></object></annotation>