<annotation><filename>img_m1_s10_303_p_ic029.jpg</filename><folder>users/joselusava//santiago</folder><source><submittedBy>Jose Saca</submittedBy></source><imagesize><nrows>3200</nrows><ncols>4800</ncols></imagesize><object><name>m1_s10_303_p_ic029</name><deleted>0</deleted><verified>0</verified><occluded>no</occluded><attributes></attributes><parts><hasparts></hasparts><ispartof></ispartof></parts><date>31-08-20 13:02:21:604</date><id>0</id><type>bounding_box</type><polygon><username>anonymous</username><pt><x>1554</x><y>823</y><time>31-08-20 13:02:11:128</time></pt><pt><x>3166</x><y>823</y><time>31-08-20 13:02:13:468</time></pt><pt><x>3166</x><y>2194</y><time>undefined</time></pt><pt><x>1554</x><y>2194</y><time>undefined</time></pt><closed_date>31-08-20 13:02:13:469</closed_date></polygon></object></annotation>