<annotation><filename>m1_s05_138_p_nic016.jpg</filename><folder>users/joselusava//jacob/138</folder><source><submittedBy>Jose Saca</submittedBy></source><imagesize><nrows>3200</nrows><ncols>4800</ncols></imagesize><object><name>m1_s05_138_p_nic016</name><deleted>0</deleted><verified>0</verified><occluded>no</occluded><attributes></attributes><parts><hasparts></hasparts><ispartof></ispartof></parts><date>23-08-20 23:30:33:566</date><id>0</id><type>bounding_box</type><polygon><username>anonymous</username><pt><x>2874</x><y>2099</y><time>23-08-20 23:30:25:717</time></pt><pt><x>2154</x><y>2099</y><time>23-08-20 23:30:29:735</time></pt><pt><x>2154</x><y>3041</y><time>undefined</time></pt><pt><x>2874</x><y>3041</y><time>undefined</time></pt><closed_date>23-08-20 23:30:29:737</closed_date></polygon></object></annotation>