<annotation><filename>img_m1_s10_270_p_ic083.jpg</filename><folder>users/joselusava//santiago</folder><source><submittedBy>Jose Saca</submittedBy></source><imagesize><nrows>3200</nrows><ncols>4800</ncols></imagesize><object><name>m1_s10_270_p_ic083</name><deleted>0</deleted><verified>0</verified><occluded>no</occluded><attributes></attributes><parts><hasparts></hasparts><ispartof></ispartof></parts><date>27-08-20 11:43:01:694</date><id>0</id><type>bounding_box</type><polygon><username>anonymous</username><pt><x>1278</x><y>421</y><time>27-08-20 11:42:50:298</time></pt><pt><x>4139</x><y>421</y><time>27-08-20 11:42:54:162</time></pt><pt><x>4139</x><y>2581</y><time>undefined</time></pt><pt><x>1278</x><y>2581</y><time>undefined</time></pt><closed_date>27-08-20 11:42:54:163</closed_date></polygon></object></annotation>