<annotation><filename>m1_s08_237_x.jpg</filename><folder>users/joselusava//santiago</folder><source><submittedBy>Jose Saca</submittedBy></source><imagesize><nrows>3200</nrows><ncols>4800</ncols></imagesize><object><name>m1_s08_237_x</name><deleted>0</deleted><verified>0</verified><occluded>no</occluded><attributes></attributes><parts><hasparts></hasparts><ispartof></ispartof></parts><date>25-08-20 13:24:17:580</date><id>0</id><type>bounding_box</type><polygon><username>anonymous</username><pt><x>677</x><y>209</y><time>25-08-20 13:23:58:328</time></pt><pt><x>4003</x><y>209</y><time>25-08-20 13:24:09:896</time></pt><pt><x>4003</x><y>2970</y><time>undefined</time></pt><pt><x>677</x><y>2970</y><time>undefined</time></pt><closed_date>25-08-20 13:24:09:898</closed_date></polygon></object></annotation>