<annotation><filename>img_m1_s10_270_p_ic011.jpg</filename><folder>users/joselusava//santiago</folder><source><submittedBy>Jose Saca</submittedBy></source><imagesize><nrows>3200</nrows><ncols>4800</ncols></imagesize><object><name>m1_s10_270_p_ic011</name><deleted>0</deleted><verified>0</verified><occluded>no</occluded><attributes></attributes><parts><hasparts></hasparts><ispartof></ispartof></parts><date>26-08-20 18:31:08:744</date><id>0</id><type>bounding_box</type><polygon><username>anonymous</username><pt><x>824</x><y>475</y><time>26-08-20 18:30:53:968</time></pt><pt><x>3967</x><y>475</y><time>26-08-20 18:30:59:563</time></pt><pt><x>3967</x><y>2736</y><time>undefined</time></pt><pt><x>824</x><y>2736</y><time>undefined</time></pt><closed_date>26-08-20 18:30:59:565</closed_date></polygon></object></annotation>