<annotation><filename>m1_s05_115_p_ic033.jpg</filename><folder>users/joselusava//jacob/sala5_115_ic</folder><source><submittedBy>Jose Saca</submittedBy></source><imagesize><nrows>3200</nrows><ncols>4796</ncols></imagesize><object><name>m1_s05_115_p_ic033</name><deleted>0</deleted><verified>0</verified><occluded>no</occluded><attributes></attributes><parts><hasparts></hasparts><ispartof></ispartof></parts><date>30-08-20 21:01:17:488</date><id>0</id><type>bounding_box</type><polygon><username>anonymous</username><pt><x>1015</x><y>2786</y><time>30-08-20 21:01:14:363</time></pt><pt><x>3580</x><y>2786</y><time>30-08-20 21:01:16:772</time></pt><pt><x>3580</x><y>297</y><time>undefined</time></pt><pt><x>1015</x><y>297</y><time>undefined</time></pt><closed_date>30-08-20 21:01:16:772</closed_date></polygon></object></annotation>