<annotation><filename>m1_s05_138_p_ic029.jpg</filename><folder>users/joselusava//jacob</folder><source><submittedBy>Jose Saca</submittedBy></source><imagesize><nrows>3200</nrows><ncols>4800</ncols></imagesize><object><name>m1_s05_138_p_ic029</name><deleted>0</deleted><verified>0</verified><occluded>no</occluded><attributes></attributes><parts><hasparts></hasparts><ispartof></ispartof></parts><date>21-08-20 20:04:52:740</date><id>0</id><type>bounding_box</type><polygon><username>anonymous</username><pt><x>2874</x><y>395</y><time>21-08-20 20:04:45:127</time></pt><pt><x>1808</x><y>395</y><time>21-08-20 20:04:47:187</time></pt><pt><x>1808</x><y>2563</y><time>undefined</time></pt><pt><x>2874</x><y>2563</y><time>undefined</time></pt><closed_date>21-08-20 20:04:47:187</closed_date></polygon></object></annotation>