<annotation><filename>m1_s07_194_p_nic082.jpg</filename><folder>users/joselusava//santiago</folder><source><submittedBy>Jose Saca</submittedBy></source><imagesize><nrows>3200</nrows><ncols>4800</ncols></imagesize><object><name>m1_s07_194_p_nic082</name><deleted>0</deleted><verified>0</verified><occluded>no</occluded><attributes></attributes><parts><hasparts></hasparts><ispartof></ispartof></parts><date>24-08-20 15:03:08:503</date><id>0</id><type>bounding_box</type><polygon><username>anonymous</username><pt><x>2800</x><y>428</y><time>24-08-20 15:02:58:763</time></pt><pt><x>3913</x><y>428</y><time>24-08-20 15:03:01:304</time></pt><pt><x>3913</x><y>2034</y><time>undefined</time></pt><pt><x>2800</x><y>2034</y><time>undefined</time></pt><closed_date>24-08-20 15:03:01:306</closed_date></polygon></object></annotation>