<annotation><filename>m1_s05_138_p_nic020.jpg</filename><folder>users/joselusava//jacob/138</folder><source><submittedBy>Jose Saca</submittedBy></source><imagesize><nrows>3200</nrows><ncols>4800</ncols></imagesize><object><name>m1_s05_138_p_nic020</name><deleted>0</deleted><verified>0</verified><occluded>no</occluded><attributes></attributes><parts><hasparts></hasparts><ispartof></ispartof></parts><date>23-08-20 23:32:31:449</date><id>0</id><type>bounding_box</type><polygon><username>anonymous</username><pt><x>4537</x><y>2604</y><time>23-08-20 23:32:25:640</time></pt><pt><x>3699</x><y>2604</y><time>23-08-20 23:32:28:312</time></pt><pt><x>3699</x><y>1662</y><time>undefined</time></pt><pt><x>4537</x><y>1662</y><time>undefined</time></pt><closed_date>23-08-20 23:32:28:312</closed_date></polygon></object></annotation>