<annotation><filename>m1_s07_227_x.jpg</filename><folder>users/joselusava//santiago</folder><source><submittedBy>Jose Saca</submittedBy></source><imagesize><nrows>3200</nrows><ncols>4800</ncols></imagesize><object><name>m1_s07_227_x</name><deleted>0</deleted><verified>0</verified><occluded>no</occluded><attributes></attributes><parts><hasparts></hasparts><ispartof></ispartof></parts><date>24-08-20 20:49:13:468</date><id>0</id><type>bounding_box</type><polygon><username>anonymous</username><pt><x>1195</x><y>338</y><time>24-08-20 20:49:02:281</time></pt><pt><x>3351</x><y>338</y><time>24-08-20 20:49:06:345</time></pt><pt><x>3351</x><y>2858</y><time>undefined</time></pt><pt><x>1195</x><y>2858</y><time>undefined</time></pt><closed_date>24-08-20 20:49:06:347</closed_date></polygon></object></annotation>