<annotation><filename>img_m1_s10_270_p_nic098.jpg</filename><folder>users/joselusava//santiago</folder><source><submittedBy>Jose Saca</submittedBy></source><imagesize><nrows>3200</nrows><ncols>4800</ncols></imagesize><object><name>m1_s10_270_p_nic098</name><deleted>0</deleted><verified>0</verified><occluded>no</occluded><attributes></attributes><parts><hasparts></hasparts><ispartof></ispartof></parts><date>28-08-20 14:54:35:830</date><id>0</id><type>bounding_box</type><polygon><username>anonymous</username><pt><x>2225</x><y>500</y><time>28-08-20 14:54:26:860</time></pt><pt><x>3884</x><y>500</y><time>28-08-20 14:54:29:143</time></pt><pt><x>3884</x><y>1771</y><time>undefined</time></pt><pt><x>2225</x><y>1771</y><time>undefined</time></pt><closed_date>28-08-20 14:54:29:145</closed_date></polygon></object></annotation>