<annotation><filename>img_m1_s10_270_p_ic091.jpg</filename><folder>users/joselusava//santiago</folder><source><submittedBy>Jose Saca</submittedBy></source><imagesize><nrows>3200</nrows><ncols>4800</ncols></imagesize><object><name>m1_s10_270_p_ic091</name><deleted>0</deleted><verified>0</verified><occluded>no</occluded><attributes></attributes><parts><hasparts></hasparts><ispartof></ispartof></parts><date>27-08-20 11:58:10:571</date><id>0</id><type>bounding_box</type><polygon><username>anonymous</username><pt><x>1119</x><y>508</y><time>27-08-20 11:58:00:209</time></pt><pt><x>3499</x><y>508</y><time>27-08-20 11:58:06:991</time></pt><pt><x>3499</x><y>2862</y><time>undefined</time></pt><pt><x>1119</x><y>2862</y><time>undefined</time></pt><closed_date>27-08-20 11:58:06:992</closed_date></polygon></object></annotation>