<annotation><filename>img_m1_s10_270_p_nic049.jpg</filename><folder>users/joselusava//santiago</folder><source><submittedBy>Jose Saca</submittedBy></source><imagesize><nrows>3200</nrows><ncols>4800</ncols></imagesize><object><name>m1_s10_270_p_nic049</name><deleted>0</deleted><verified>0</verified><occluded>no</occluded><attributes></attributes><parts><hasparts></hasparts><ispartof></ispartof></parts><date>27-08-20 14:20:30:288</date><id>0</id><type>bounding_box</type><polygon><username>anonymous</username><pt><x>2221</x><y>1721</y><time>27-08-20 14:20:20:199</time></pt><pt><x>3636</x><y>1721</y><time>27-08-20 14:20:22:534</time></pt><pt><x>3636</x><y>2865</y><time>undefined</time></pt><pt><x>2221</x><y>2865</y><time>undefined</time></pt><closed_date>27-08-20 14:20:22:535</closed_date></polygon></object></annotation>