<annotation><filename>m1_s05_138_p_ic085.jpg</filename><folder>users/joselusava//jacob</folder><source><submittedBy>Jose Saca</submittedBy></source><imagesize><nrows>3200</nrows><ncols>4800</ncols></imagesize><object><name>m1_s05_138_p_ic085</name><deleted>0</deleted><verified>0</verified><occluded>no</occluded><attributes></attributes><parts><hasparts></hasparts><ispartof></ispartof></parts><date>21-08-20 23:06:53:350</date><id>0</id><type>bounding_box</type><polygon><username>anonymous</username><pt><x>2944</x><y>208</y><time>21-08-20 23:06:47:130</time></pt><pt><x>1378</x><y>208</y><time>21-08-20 23:06:48:824</time></pt><pt><x>1378</x><y>2681</y><time>undefined</time></pt><pt><x>2944</x><y>2681</y><time>undefined</time></pt><closed_date>21-08-20 23:06:48:824</closed_date></polygon></object></annotation>