<annotation><filename>img_m1_s10_270_p_nic033.jpg</filename><folder>users/joselusava//santiago</folder><source><submittedBy>Jose Saca</submittedBy></source><imagesize><nrows>3200</nrows><ncols>4800</ncols></imagesize><object><name>m1_s10_270_p_nic033</name><deleted>0</deleted><verified>0</verified><occluded>no</occluded><attributes></attributes><parts><hasparts></hasparts><ispartof></ispartof></parts><date>27-08-20 13:38:58:233</date><id>0</id><type>bounding_box</type><polygon><username>anonymous</username><pt><x>828</x><y>544</y><time>27-08-20 13:38:49:325</time></pt><pt><x>2217</x><y>544</y><time>27-08-20 13:38:51:880</time></pt><pt><x>2217</x><y>1739</y><time>undefined</time></pt><pt><x>828</x><y>1739</y><time>undefined</time></pt><closed_date>27-08-20 13:38:51:882</closed_date></polygon></object></annotation>