<annotation><filename>m1_s07_194_p_nic023.jpg</filename><folder>users/joselusava//santiago</folder><source><submittedBy>Jose Saca</submittedBy></source><imagesize><nrows>3200</nrows><ncols>4800</ncols></imagesize><object><name>m1_s07_194_p_nic023</name><deleted>0</deleted><verified>0</verified><occluded>no</occluded><attributes></attributes><parts><hasparts></hasparts><ispartof></ispartof></parts><date>24-08-20 12:42:25:439</date><id>0</id><type>bounding_box</type><polygon><username>anonymous</username><pt><x>1757</x><y>166</y><time>24-08-20 12:42:16:416</time></pt><pt><x>2545</x><y>166</y><time>24-08-20 12:42:18:641</time></pt><pt><x>2545</x><y>1767</y><time>undefined</time></pt><pt><x>1757</x><y>1767</y><time>undefined</time></pt><closed_date>24-08-20 12:42:18:642</closed_date></polygon></object></annotation>