<annotation><filename>img_m1_s10_270_p_nic092.jpg</filename><folder>users/joselusava//santiago</folder><source><submittedBy>Jose Saca</submittedBy></source><imagesize><nrows>3200</nrows><ncols>4800</ncols></imagesize><object><name>m1_s10_270_p_nic092</name><deleted>0</deleted><verified>0</verified><occluded>no</occluded><attributes></attributes><parts><hasparts></hasparts><ispartof></ispartof></parts><date>28-08-20 14:46:44:419</date><id>0</id><type>bounding_box</type><polygon><username>anonymous</username><pt><x>2102</x><y>385</y><time>28-08-20 14:46:34:571</time></pt><pt><x>3859</x><y>385</y><time>28-08-20 14:46:37:863</time></pt><pt><x>3859</x><y>1717</y><time>undefined</time></pt><pt><x>2102</x><y>1717</y><time>undefined</time></pt><closed_date>28-08-20 14:46:37:864</closed_date></polygon></object></annotation>