<annotation><filename>m1_s05_115_p_ic004.jpg</filename><folder>users/joselusava//jacob/sala5_115_ic</folder><source><submittedBy>Jose Saca</submittedBy></source><imagesize><nrows>3200</nrows><ncols>4796</ncols></imagesize><object><name>m1_s05_115_p_ic004</name><deleted>0</deleted><verified>0</verified><occluded>no</occluded><attributes></attributes><parts><hasparts></hasparts><ispartof></ispartof></parts><date>30-08-20 14:30:28:394</date><id>0</id><type>bounding_box</type><polygon><username>anonymous</username><pt><x>2968</x><y>2355</y><time>30-08-20 14:30:22:906</time></pt><pt><x>1493</x><y>2355</y><time>30-08-20 14:30:25:105</time></pt><pt><x>1493</x><y>651</y><time>undefined</time></pt><pt><x>2968</x><y>651</y><time>undefined</time></pt><closed_date>30-08-20 14:30:25:105</closed_date></polygon></object></annotation>