<annotation><filename>m1_s05_115_p_nic024.jpg</filename><folder>users/joselusava//jacob/sala5_115_nic</folder><source><submittedBy>Jose Saca</submittedBy></source><imagesize><nrows>3200</nrows><ncols>4796</ncols></imagesize><object><name>m1_s05_115_p_nic024</name><deleted>0</deleted><verified>0</verified><occluded>no</occluded><attributes></attributes><parts><hasparts></hasparts><ispartof></ispartof></parts><date>30-08-20 23:06:59:981</date><id>0</id><type>bounding_box</type><polygon><username>anonymous</username><pt><x>1876</x><y>2221</y><time>30-08-20 23:06:57:306</time></pt><pt><x>364</x><y>2221</y><time>30-08-20 23:06:59:300</time></pt><pt><x>364</x><y>1101</y><time>undefined</time></pt><pt><x>1876</x><y>1101</y><time>undefined</time></pt><closed_date>30-08-20 23:06:59:300</closed_date></polygon></object></annotation>