<annotation><filename>m1_s07_194_p_ic026.jpg</filename><folder>users/joselusava//santiago</folder><source><submittedBy>Jose Saca</submittedBy></source><imagesize><nrows>3200</nrows><ncols>4800</ncols></imagesize><object><name>m1_s07_194_p_ic026</name><deleted>0</deleted><verified>0</verified><occluded>no</occluded><attributes></attributes><parts><hasparts></hasparts><ispartof></ispartof></parts><date>21-08-20 13:57:10:963</date><id>0</id><type>bounding_box</type><polygon><username>anonymous</username><pt><x>1803</x><y>464</y><time>21-08-20 13:56:53:777</time></pt><pt><x>3171</x><y>464</y><time>21-08-20 13:57:00:438</time></pt><pt><x>3171</x><y>2804</y><time>undefined</time></pt><pt><x>1803</x><y>2804</y><time>undefined</time></pt><closed_date>21-08-20 13:57:00:439</closed_date></polygon></object></annotation>