<annotation><filename>m1_s07_194_p_nic004.jpg</filename><folder>users/joselusava//santiago</folder><source><submittedBy>Jose Saca</submittedBy></source><imagesize><nrows>3200</nrows><ncols>4800</ncols></imagesize><object><name>m1_s07_194_p_nic004</name><deleted>0</deleted><verified>0</verified><occluded>no</occluded><attributes></attributes><parts><hasparts></hasparts><ispartof></ispartof></parts><date>24-08-20 11:09:29:897</date><id>0</id><type>bounding_box</type><polygon><username>anonymous</username><pt><x>3466</x><y>1177</y><time>24-08-20 11:09:17:929</time></pt><pt><x>4337</x><y>1177</y><time>24-08-20 11:09:22:881</time></pt><pt><x>4337</x><y>2797</y><time>undefined</time></pt><pt><x>3466</x><y>2797</y><time>undefined</time></pt><closed_date>24-08-20 11:09:22:881</closed_date></polygon></object></annotation>