<annotation><filename>m1_s07_194_p_nic025.jpg</filename><folder>users/joselusava//santiago</folder><source><submittedBy>Jose Saca</submittedBy></source><imagesize><nrows>3200</nrows><ncols>4800</ncols></imagesize><object><name>m1_s07_194_p_nic025</name><deleted>0</deleted><verified>0</verified><occluded>no</occluded><attributes></attributes><parts><hasparts></hasparts><ispartof></ispartof></parts><date>24-08-20 12:46:20:835</date><id>0</id><type>bounding_box</type><polygon><username>anonymous</username><pt><x>2667</x><y>122</y><time>24-08-20 12:45:55:844</time></pt><pt><x>3481</x><y>122</y><time>24-08-20 12:45:57:858</time></pt><pt><x>3481</x><y>1775</y><time>undefined</time></pt><pt><x>2667</x><y>1775</y><time>undefined</time></pt><closed_date>24-08-20 12:45:57:860</closed_date></polygon></object></annotation>