<annotation><filename>m1_s05_138_p_nic078.jpg</filename><folder>users/joselusava//jacob/138</folder><source><submittedBy>Jose Saca</submittedBy></source><imagesize><nrows>3200</nrows><ncols>4800</ncols></imagesize><object><name>m1_s05_138_p_nic078</name><deleted>0</deleted><verified>0</verified><occluded>no</occluded><attributes></attributes><parts><hasparts></hasparts><ispartof></ispartof></parts><date>24-08-20 12:43:31:052</date><id>0</id><type>bounding_box</type><polygon><username>anonymous</username><pt><x>3713</x><y>1448</y><time>24-08-20 12:43:27:969</time></pt><pt><x>2625</x><y>1448</y><time>24-08-20 12:43:29:913</time></pt><pt><x>2625</x><y>83</y><time>undefined</time></pt><pt><x>3713</x><y>83</y><time>undefined</time></pt><closed_date>24-08-20 12:43:29:913</closed_date></polygon></object></annotation>