<annotation><filename>m1_s09_268_x.jpg</filename><folder>users/joselusava//santiago</folder><source><submittedBy>Jose Saca</submittedBy></source><imagesize><nrows>3200</nrows><ncols>4800</ncols></imagesize><object><name>m1_s09_268_x</name><deleted>0</deleted><verified>0</verified><occluded>no</occluded><attributes></attributes><parts><hasparts></hasparts><ispartof></ispartof></parts><date>25-08-20 14:28:41:737</date><id>0</id><type>bounding_box</type><polygon><username>anonymous</username><pt><x>1360</x><y>267</y><time>25-08-20 14:28:27:561</time></pt><pt><x>3349</x><y>267</y><time>25-08-20 14:28:32:145</time></pt><pt><x>3349</x><y>2971</y><time>undefined</time></pt><pt><x>1360</x><y>2971</y><time>undefined</time></pt><closed_date>25-08-20 14:28:32:147</closed_date></polygon></object></annotation>