<annotation><filename>m1_s07_194_p_nic051.jpg</filename><folder>users/joselusava//santiago</folder><source><submittedBy>Jose Saca</submittedBy></source><imagesize><nrows>3200</nrows><ncols>4800</ncols></imagesize><object><name>m1_s07_194_p_nic051</name><deleted>0</deleted><verified>0</verified><occluded>no</occluded><attributes></attributes><parts><hasparts></hasparts><ispartof></ispartof></parts><date>24-08-20 13:43:22:298</date><id>0</id><type>bounding_box</type><polygon><username>anonymous</username><pt><x>511</x><y>184</y><time>24-08-20 13:43:10:007</time></pt><pt><x>1721</x><y>184</y><time>24-08-20 13:43:12:349</time></pt><pt><x>1721</x><y>1764</y><time>undefined</time></pt><pt><x>511</x><y>1764</y><time>undefined</time></pt><closed_date>24-08-20 13:43:12:351</closed_date></polygon></object></annotation>