<annotation><filename>m1_s05_138_p_ic045.jpg</filename><folder>users/joselusava//jacob</folder><source><submittedBy>Jose Saca</submittedBy></source><imagesize><nrows>3200</nrows><ncols>4800</ncols></imagesize><object><name>m1_s05_138_p_ic045</name><deleted>0</deleted><verified>0</verified><occluded>no</occluded><attributes></attributes><parts><hasparts></hasparts><ispartof></ispartof></parts><date>21-08-20 22:23:26:917</date><id>0</id><type>bounding_box</type><polygon><username>anonymous</username><pt><x>3290</x><y>423</y><time>21-08-20 22:23:20:199</time></pt><pt><x>1060</x><y>423</y><time>21-08-20 22:23:22:947</time></pt><pt><x>1060</x><y>2888</y><time>undefined</time></pt><pt><x>3290</x><y>2888</y><time>undefined</time></pt><closed_date>21-08-20 22:23:22:947</closed_date></polygon></object></annotation>