<annotation><filename>m1_s05_114_x.jpg</filename><folder>users/joselusava//jacob/sala5_correccion</folder><source><submittedBy>Jose Saca</submittedBy></source><imagesize><nrows>3200</nrows><ncols>4796</ncols></imagesize><object><name>m1_s05_114_x</name><deleted>0</deleted><verified>0</verified><occluded>no</occluded><attributes></attributes><parts><hasparts></hasparts><ispartof></ispartof></parts><date>29-08-20 22:42:17:823</date><id>0</id><type>bounding_box</type><polygon><username>anonymous</username><pt><x>731</x><y>3057</y><time>29-08-20 22:42:05:470</time></pt><pt><x>4147</x><y>3057</y><time>29-08-20 22:42:07:506</time></pt><pt><x>4147</x><y>304</y><time>undefined</time></pt><pt><x>731</x><y>304</y><time>undefined</time></pt><closed_date>29-08-20 22:42:07:506</closed_date></polygon></object></annotation>