<annotation><filename>m1_s05_113_x.jpg</filename><folder>users/joselusava//jacob/sala5</folder><source><submittedBy>Jose Saca</submittedBy></source><imagesize><nrows>3200</nrows><ncols>4800</ncols></imagesize><object><name>m1_s05_113_x</name><deleted>0</deleted><verified>0</verified><occluded>no</occluded><attributes></attributes><parts><hasparts></hasparts><ispartof></ispartof></parts><date>24-08-20 12:57:28:149</date><id>0</id><type>bounding_box</type><polygon><username>anonymous</username><pt><x>4516</x><y>2757</y><time>24-08-20 12:57:24:874</time></pt><pt><x>312</x><y>2757</y><time>24-08-20 12:57:27:121</time></pt><pt><x>312</x><y>339</y><time>undefined</time></pt><pt><x>4516</x><y>339</y><time>undefined</time></pt><closed_date>24-08-20 12:57:27:121</closed_date></polygon></object></annotation>