<annotation><filename>img_m1_s10_270_p_nic064.jpg</filename><folder>users/joselusava//santiago</folder><source><submittedBy>Jose Saca</submittedBy></source><imagesize><nrows>3200</nrows><ncols>4800</ncols></imagesize><object><name>m1_s10_270_p_nic064</name><deleted>0</deleted><verified>0</verified><occluded>no</occluded><attributes></attributes><parts><hasparts></hasparts><ispartof></ispartof></parts><date>28-08-20 13:59:26:188</date><id>0</id><type>bounding_box</type><polygon><username>anonymous</username><pt><x>752</x><y>428</y><time>28-08-20 13:59:15:004</time></pt><pt><x>2127</x><y>428</y><time>28-08-20 13:59:19:399</time></pt><pt><x>2127</x><y>1735</y><time>undefined</time></pt><pt><x>752</x><y>1735</y><time>undefined</time></pt><closed_date>28-08-20 13:59:19:401</closed_date></polygon></object></annotation>