<annotation><filename>m1_s07_194_p_ic063.jpg</filename><folder>users/joselusava//santiago</folder><source><submittedBy>Jose Saca</submittedBy></source><imagesize><nrows>3200</nrows><ncols>4800</ncols></imagesize><object><name>m1_s07_194_p_ic063</name><deleted>0</deleted><verified>0</verified><occluded>no</occluded><attributes></attributes><parts><hasparts></hasparts><ispartof></ispartof></parts><date>22-08-20 16:27:39:339</date><id>0</id><type>bounding_box</type><polygon><username>anonymous</username><pt><x>1868</x><y>421</y><time>22-08-20 16:27:18:658</time></pt><pt><x>3049</x><y>421</y><time>22-08-20 16:27:26:919</time></pt><pt><x>3049</x><y>2667</y><time>undefined</time></pt><pt><x>1868</x><y>2667</y><time>undefined</time></pt><closed_date>22-08-20 16:27:26:920</closed_date></polygon></object></annotation>