<annotation><filename>m1_s05_138_p_ic012.jpg</filename><folder>users/joselusava//jacob</folder><source><submittedBy>Jose Saca</submittedBy></source><imagesize><nrows>3200</nrows><ncols>4800</ncols></imagesize><object><name>m1_s05_138_p_ic012</name><deleted>0</deleted><verified>0</verified><occluded>no</occluded><attributes></attributes><parts><hasparts></hasparts><ispartof></ispartof></parts><date>21-08-20 17:17:46:001</date><id>0</id><type>bounding_box</type><polygon><username>anonymous</username><pt><x>3541</x><y>3192</y><time>21-08-20 17:17:26:113</time></pt><pt><x>1390</x><y>3192</y><time>21-08-20 17:17:36:328</time></pt><pt><x>1390</x><y>978</y><time>undefined</time></pt><pt><x>3541</x><y>978</y><time>undefined</time></pt><closed_date>21-08-20 17:17:36:328</closed_date></polygon></object></annotation>