<annotation><filename>m1_s05_137_x.jpg</filename><folder>users/joselusava//jacob/sala5</folder><source><submittedBy>Jose Saca</submittedBy></source><imagesize><nrows>3200</nrows><ncols>4800</ncols></imagesize><object><name>m1_s05_137_x</name><deleted>0</deleted><verified>0</verified><occluded>no</occluded><attributes></attributes><parts><hasparts></hasparts><ispartof></ispartof></parts><date>25-08-20 18:23:05:850</date><id>0</id><type>bounding_box</type><polygon><username>anonymous</username><pt><x>859</x><y>339</y><time>25-08-20 18:23:03:158</time></pt><pt><x>3948</x><y>339</y><time>25-08-20 18:23:04:871</time></pt><pt><x>3948</x><y>2826</y><time>undefined</time></pt><pt><x>859</x><y>2826</y><time>undefined</time></pt><closed_date>25-08-20 18:23:04:871</closed_date></polygon></object></annotation>