<annotation><filename>img_m1_s10_270_p_nic029.jpg</filename><folder>users/joselusava//santiago</folder><source><submittedBy>Jose Saca</submittedBy></source><imagesize><nrows>3200</nrows><ncols>4800</ncols></imagesize><object><name>m1_s10_270_p_nic029</name><deleted>0</deleted><verified>0</verified><occluded>no</occluded><attributes></attributes><parts><hasparts></hasparts><ispartof></ispartof></parts><date>27-08-20 13:32:53:470</date><id>0</id><type>bounding_box</type><polygon><username>anonymous</username><pt><x>2534</x><y>1587</y><time>27-08-20 13:32:43:134</time></pt><pt><x>4420</x><y>1587</y><time>27-08-20 13:32:46:698</time></pt><pt><x>4420</x><y>2908</y><time>undefined</time></pt><pt><x>2534</x><y>2908</y><time>undefined</time></pt><closed_date>27-08-20 13:32:46:699</closed_date></polygon></object></annotation>