<annotation><filename>img_m1_s10_270_p_nic028.jpg</filename><folder>users/joselusava//santiago</folder><source><submittedBy>Jose Saca</submittedBy></source><imagesize><nrows>3200</nrows><ncols>4800</ncols></imagesize><object><name>m1_s10_270_p_nic028</name><deleted>0</deleted><verified>0</verified><occluded>no</occluded><attributes></attributes><parts><hasparts></hasparts><ispartof></ispartof></parts><date>27-08-20 13:31:25:280</date><id>0</id><type>bounding_box</type><polygon><username>anonymous</username><pt><x>2145</x><y>1533</y><time>27-08-20 13:31:15:024</time></pt><pt><x>3960</x><y>1533</y><time>27-08-20 13:31:17:964</time></pt><pt><x>3960</x><y>2865</y><time>undefined</time></pt><pt><x>2145</x><y>2865</y><time>undefined</time></pt><closed_date>27-08-20 13:31:17:965</closed_date></polygon></object></annotation>