<annotation><filename>img_m1_s10_303_p_ic004.jpg</filename><folder>users/joselusava//santiago</folder><source><submittedBy>Jose Saca</submittedBy></source><imagesize><nrows>3200</nrows><ncols>4800</ncols></imagesize><object><name>m1_s10_303_p_ic004</name><deleted>0</deleted><verified>0</verified><occluded>no</occluded><attributes></attributes><parts><hasparts></hasparts><ispartof></ispartof></parts><date>31-08-20 11:35:21:687</date><id>0</id><type>bounding_box</type><polygon><username>anonymous</username><pt><x>1577</x><y>993</y><time>31-08-20 11:35:09:717</time></pt><pt><x>3690</x><y>993</y><time>31-08-20 11:35:13:888</time></pt><pt><x>3690</x><y>2174</y><time>undefined</time></pt><pt><x>1577</x><y>2174</y><time>undefined</time></pt><closed_date>31-08-20 11:35:13:889</closed_date></polygon></object></annotation>