<annotation><filename>m1_s05_138_p_nic049.jpg</filename><folder>users/joselusava//jacob/138</folder><source><submittedBy>Jose Saca</submittedBy></source><imagesize><nrows>3200</nrows><ncols>4800</ncols></imagesize><object><name>m1_s05_138_p_nic049</name><deleted>0</deleted><verified>0</verified><occluded>no</occluded><attributes></attributes><parts><hasparts></hasparts><ispartof></ispartof></parts><date>23-08-20 23:46:11:814</date><id>0</id><type>bounding_box</type><polygon><username>anonymous</username><pt><x>2893</x><y>1753</y><time>23-08-20 23:46:07:766</time></pt><pt><x>1830</x><y>1753</y><time>23-08-20 23:46:10:455</time></pt><pt><x>1830</x><y>249</y><time>undefined</time></pt><pt><x>2893</x><y>249</y><time>undefined</time></pt><closed_date>23-08-20 23:46:10:455</closed_date></polygon></object></annotation>