<annotation><filename>m1_s07_194_p_nic021.jpg</filename><folder>users/joselusava//santiago</folder><source><submittedBy>Jose Saca</submittedBy></source><imagesize><nrows>3200</nrows><ncols>4800</ncols></imagesize><object><name>m1_s07_194_p_nic021</name><deleted>0</deleted><verified>0</verified><occluded>no</occluded><attributes></attributes><parts><hasparts></hasparts><ispartof></ispartof></parts><date>24-08-20 12:38:49:217</date><id>0</id><type>bounding_box</type><polygon><username>anonymous</username><pt><x>903</x><y>137</y><time>24-08-20 12:38:35:313</time></pt><pt><x>1742</x><y>137</y><time>24-08-20 12:38:40:362</time></pt><pt><x>1742</x><y>1901</y><time>undefined</time></pt><pt><x>903</x><y>1901</y><time>undefined</time></pt><closed_date>24-08-20 12:38:40:364</closed_date></polygon></object></annotation>