<annotation><filename>m1_s07_194_p_nic057.jpg</filename><folder>users/joselusava//santiago</folder><source><submittedBy>Jose Saca</submittedBy></source><imagesize><nrows>3200</nrows><ncols>4800</ncols></imagesize><object><name>m1_s07_194_p_nic057</name><deleted>0</deleted><verified>0</verified><occluded>no</occluded><attributes></attributes><parts><hasparts></hasparts><ispartof></ispartof></parts><date>24-08-20 13:52:50:175</date><id>0</id><type>bounding_box</type><polygon><username>anonymous</username><pt><x>3348</x><y>295</y><time>24-08-20 13:52:42:223</time></pt><pt><x>4517</x><y>295</y><time>24-08-20 13:52:44:099</time></pt><pt><x>4517</x><y>1796</y><time>undefined</time></pt><pt><x>3348</x><y>1796</y><time>undefined</time></pt><closed_date>24-08-20 13:52:44:100</closed_date></polygon></object></annotation>