<annotation><filename>img_m1_s10_303_p_ic083.jpg</filename><folder>users/joselusava//santiago</folder><source><submittedBy>Jose Saca</submittedBy></source><imagesize><nrows>3200</nrows><ncols>4800</ncols></imagesize><object><name>m1_s10_303_p_ic083</name><deleted>0</deleted><verified>0</verified><occluded>no</occluded><attributes></attributes><parts><hasparts></hasparts><ispartof></ispartof></parts><date>01-09-20 15:37:53:979</date><id>0</id><type>bounding_box</type><polygon><username>anonymous</username><pt><x>1256</x><y>677</y><time>01-09-20 15:37:43:907</time></pt><pt><x>3056</x><y>677</y><time>01-09-20 15:37:45:342</time></pt><pt><x>3056</x><y>2307</y><time>undefined</time></pt><pt><x>1256</x><y>2307</y><time>undefined</time></pt><closed_date>01-09-20 15:37:45:344</closed_date></polygon></object></annotation>