<annotation><filename>img_m1_s10_270_p_nic025.jpg</filename><folder>users/joselusava//santiago</folder><source><submittedBy>Jose Saca</submittedBy></source><imagesize><nrows>3200</nrows><ncols>4800</ncols></imagesize><object><name>m1_s10_270_p_nic025</name><deleted>0</deleted><verified>0</verified><occluded>no</occluded><attributes></attributes><parts><hasparts></hasparts><ispartof></ispartof></parts><date>27-08-20 13:26:46:367</date><id>0</id><type>bounding_box</type><polygon><username>anonymous</username><pt><x>1613</x><y>1548</y><time>27-08-20 13:26:34:913</time></pt><pt><x>3348</x><y>1548</y><time>27-08-20 13:26:39:071</time></pt><pt><x>3348</x><y>2887</y><time>undefined</time></pt><pt><x>1613</x><y>2887</y><time>undefined</time></pt><closed_date>27-08-20 13:26:39:071</closed_date></polygon></object></annotation>