<annotation><filename>m1_s05_138_p_nic039.jpg</filename><folder>users/joselusava//jacob/138</folder><source><submittedBy>Jose Saca</submittedBy></source><imagesize><nrows>3200</nrows><ncols>4800</ncols></imagesize><object><name>m1_s05_138_p_nic039</name><deleted>0</deleted><verified>0</verified><occluded>no</occluded><attributes></attributes><parts><hasparts></hasparts><ispartof></ispartof></parts><date>23-08-20 23:41:13:831</date><id>0</id><type>bounding_box</type><polygon><username>anonymous</username><pt><x>1552</x><y>2165</y><time>23-08-20 23:41:11:263</time></pt><pt><x>2089</x><y>2165</y><time>23-08-20 23:41:12:400</time></pt><pt><x>2089</x><y>2999</y><time>undefined</time></pt><pt><x>1552</x><y>2999</y><time>undefined</time></pt><closed_date>23-08-20 23:41:12:401</closed_date></polygon></object></annotation>