<annotation><filename>img_m1_s10_303_p_ic076.jpg</filename><folder>users/joselusava//santiago</folder><source><submittedBy>Jose Saca</submittedBy></source><imagesize><nrows>3200</nrows><ncols>4800</ncols></imagesize><object><name>m1_s10_303_p_ic076</name><deleted>0</deleted><verified>0</verified><occluded>no</occluded><attributes></attributes><parts><hasparts></hasparts><ispartof></ispartof></parts><date>01-09-20 10:23:21:610</date><id>0</id><type>bounding_box</type><polygon><username>anonymous</username><pt><x>1231</x><y>954</y><time>01-09-20 10:23:10:832</time></pt><pt><x>3556</x><y>954</y><time>01-09-20 10:23:14:216</time></pt><pt><x>3556</x><y>2286</y><time>undefined</time></pt><pt><x>1231</x><y>2286</y><time>undefined</time></pt><closed_date>01-09-20 10:23:14:217</closed_date></polygon></object></annotation>