<annotation><filename>img_m1_s10_270_p_nic001.jpg</filename><folder>users/joselusava//santiago</folder><source><submittedBy>Jose Saca</submittedBy></source><imagesize><nrows>3200</nrows><ncols>4800</ncols></imagesize><object><name>m1_s10_270_p_nic001</name><deleted>0</deleted><verified>0</verified><occluded>no</occluded><attributes></attributes><parts><hasparts></hasparts><ispartof></ispartof></parts><date>27-08-20 12:38:02:833</date><id>0</id><type>bounding_box</type><polygon><username>anonymous</username><pt><x>2448</x><y>1429</y><time>27-08-20 12:37:52:471</time></pt><pt><x>4269</x><y>1429</y><time>27-08-20 12:37:54:846</time></pt><pt><x>4269</x><y>2790</y><time>undefined</time></pt><pt><x>2448</x><y>2790</y><time>undefined</time></pt><closed_date>27-08-20 12:37:54:847</closed_date></polygon></object></annotation>