<annotation><filename>img_m1_s10_270_p_ic013.jpg</filename><folder>users/joselusava//santiago</folder><source><submittedBy>Jose Saca</submittedBy></source><imagesize><nrows>3200</nrows><ncols>4800</ncols></imagesize><object><name>m1_s10_270_p_ic013</name><deleted>0</deleted><verified>0</verified><occluded>no</occluded><attributes></attributes><parts><hasparts></hasparts><ispartof></ispartof></parts><date>26-08-20 18:37:15:207</date><id>0</id><type>bounding_box</type><polygon><username>anonymous</username><pt><x>677</x><y>432</y><time>26-08-20 18:37:02:637</time></pt><pt><x>3769</x><y>432</y><time>26-08-20 18:37:06:643</time></pt><pt><x>3769</x><y>2732</y><time>undefined</time></pt><pt><x>677</x><y>2732</y><time>undefined</time></pt><closed_date>26-08-20 18:37:06:644</closed_date></polygon></object></annotation>