<annotation><filename>m1_s07_194_p_nic084.jpg</filename><folder>users/joselusava//santiago</folder><source><submittedBy>Jose Saca</submittedBy></source><imagesize><nrows>3200</nrows><ncols>4800</ncols></imagesize><object><name>m1_s07_194_p_nic084</name><deleted>0</deleted><verified>0</verified><occluded>no</occluded><attributes></attributes><parts><hasparts></hasparts><ispartof></ispartof></parts><date>24-08-20 15:06:13:422</date><id>0</id><type>bounding_box</type><polygon><username>anonymous</username><pt><x>2361</x><y>396</y><time>24-08-20 15:06:05:414</time></pt><pt><x>3484</x><y>396</y><time>24-08-20 15:06:06:970</time></pt><pt><x>3484</x><y>1998</y><time>undefined</time></pt><pt><x>2361</x><y>1998</y><time>undefined</time></pt><closed_date>24-08-20 15:06:06:971</closed_date></polygon></object></annotation>