<annotation><filename>img_m1_s01_270_p_ic045.jpg</filename><folder>users/joselusava//santiago</folder><source><submittedBy>Jose Saca</submittedBy></source><imagesize><nrows>3200</nrows><ncols>4800</ncols></imagesize><object><name>m1_s10_270_p_ic045</name><deleted>0</deleted><verified>0</verified><occluded>no</occluded><attributes></attributes><parts><hasparts></hasparts><ispartof></ispartof></parts><date>26-08-20 21:36:35:256</date><id>0</id><type>bounding_box</type><polygon><username>anonymous</username><pt><x>893</x><y>428</y><time>26-08-20 21:36:24:140</time></pt><pt><x>3416</x><y>428</y><time>26-08-20 21:36:28:770</time></pt><pt><x>3416</x><y>2408</y><time>undefined</time></pt><pt><x>893</x><y>2408</y><time>undefined</time></pt><closed_date>26-08-20 21:36:28:772</closed_date></polygon></object></annotation>