<annotation><filename>img_m1_s10_270_p_ic096.jpg</filename><folder>users/joselusava//santiago</folder><source><submittedBy>Jose Saca</submittedBy></source><imagesize><nrows>3200</nrows><ncols>4800</ncols></imagesize><object><name>m1_s10_270_p_ic096</name><deleted>0</deleted><verified>0</verified><occluded>no</occluded><attributes></attributes><parts><hasparts></hasparts><ispartof></ispartof></parts><date>27-08-20 12:10:02:275</date><id>0</id><type>bounding_box</type><polygon><username>anonymous</username><pt><x>878</x><y>565</y><time>27-08-20 12:09:47:370</time></pt><pt><x>3704</x><y>565</y><time>27-08-20 12:09:52:705</time></pt><pt><x>3704</x><y>2736</y><time>undefined</time></pt><pt><x>878</x><y>2736</y><time>undefined</time></pt><closed_date>27-08-20 12:09:52:707</closed_date></polygon></object></annotation>