<annotation><filename>img_m1_s10_303_p_ic018.jpg</filename><folder>users/joselusava//santiago</folder><source><submittedBy>Jose Saca</submittedBy></source><imagesize><nrows>3200</nrows><ncols>4800</ncols></imagesize><object><name>m1_s10_303_p_ic018</name><deleted>0</deleted><verified>0</verified><occluded>no</occluded><attributes></attributes><parts><hasparts></hasparts><ispartof></ispartof></parts><date>31-08-20 11:58:13:225</date><id>0</id><type>bounding_box</type><polygon><username>anonymous</username><pt><x>1192</x><y>1074</y><time>31-08-20 11:58:02:592</time></pt><pt><x>3238</x><y>1074</y><time>31-08-20 11:58:06:037</time></pt><pt><x>3238</x><y>2259</y><time>undefined</time></pt><pt><x>1192</x><y>2259</y><time>undefined</time></pt><closed_date>31-08-20 11:58:06:039</closed_date></polygon></object></annotation>