<annotation><filename>img_m1_s10_270_p_ic028.jpg</filename><folder>users/joselusava//santiago</folder><source><submittedBy>Jose Saca</submittedBy></source><imagesize><nrows>3200</nrows><ncols>4800</ncols></imagesize><object><name>m1_s10_270_p_ic028</name><deleted>0</deleted><verified>0</verified><occluded>no</occluded><attributes></attributes><parts><hasparts></hasparts><ispartof></ispartof></parts><date>26-08-20 19:00:12:550</date><id>0</id><type>bounding_box</type><polygon><username>anonymous</username><pt><x>1818</x><y>346</y><time>26-08-20 18:59:58:799</time></pt><pt><x>3265</x><y>346</y><time>26-08-20 19:00:01:684</time></pt><pt><x>3265</x><y>2595</y><time>undefined</time></pt><pt><x>1818</x><y>2595</y><time>undefined</time></pt><closed_date>26-08-20 19:00:01:685</closed_date></polygon></object></annotation>