<annotation><filename>m1_s07_195_x.jpg</filename><folder>users/joselusava//santiago</folder><source><submittedBy>Jose Saca</submittedBy></source><imagesize><nrows>3200</nrows><ncols>4800</ncols></imagesize><object><name>m1_s07_195_x</name><deleted>0</deleted><verified>0</verified><occluded>no</occluded><attributes></attributes><parts><hasparts></hasparts><ispartof></ispartof></parts><date>24-08-20 15:36:35:911</date><id>0</id><type>bounding_box</type><polygon><username>anonymous</username><pt><x>781</x><y>212</y><time>24-08-20 15:36:17:439</time></pt><pt><x>4031</x><y>212</y><time>24-08-20 15:36:25:104</time></pt><pt><x>4031</x><y>2876</y><time>undefined</time></pt><pt><x>781</x><y>2876</y><time>undefined</time></pt><closed_date>24-08-20 15:36:25:106</closed_date></polygon></object></annotation>