<annotation><filename>m1_s07_194_p_ic035.jpg</filename><folder>users/joselusava//santiago</folder><source><submittedBy>Jose Saca</submittedBy></source><imagesize><nrows>3200</nrows><ncols>4800</ncols></imagesize><object><name>m1_s07_194_p_ic035</name><deleted>0</deleted><verified>0</verified><occluded>no</occluded><attributes></attributes><parts><hasparts></hasparts><ispartof></ispartof></parts><date>21-08-20 17:10:16:008</date><id>0</id><type>bounding_box</type><polygon><username>anonymous</username><pt><x>1281</x><y>140</y><time>21-08-20 17:10:03:568</time></pt><pt><x>2865</x><y>140</y><time>21-08-20 17:10:07:173</time></pt><pt><x>2865</x><y>2995</y><time>undefined</time></pt><pt><x>1281</x><y>2995</y><time>undefined</time></pt><closed_date>21-08-20 17:10:07:175</closed_date></polygon></object></annotation>