<annotation><filename>m1_s07_194_p_ic047.jpg</filename><folder>users/joselusava//santiago</folder><source><submittedBy>Jose Saca</submittedBy></source><imagesize><nrows>3200</nrows><ncols>4800</ncols></imagesize><object><name>m1_s07_194_p_ic047</name><deleted>0</deleted><verified>0</verified><occluded>no</occluded><attributes></attributes><parts><hasparts></hasparts><ispartof></ispartof></parts><date>21-08-20 19:06:21:611</date><id>0</id><type>bounding_box</type><polygon><username>anonymous</username><pt><x>1677</x><y>72</y><time>21-08-20 19:06:06:338</time></pt><pt><x>3618</x><y>72</y><time>21-08-20 19:06:11:607</time></pt><pt><x>3618</x><y>2811</y><time>undefined</time></pt><pt><x>1677</x><y>2811</y><time>undefined</time></pt><closed_date>21-08-20 19:06:11:608</closed_date></polygon></object></annotation>