<annotation><filename>img_m1_s10_270_p_nic057.jpg</filename><folder>users/joselusava//santiago</folder><source><submittedBy>Jose Saca</submittedBy></source><imagesize><nrows>3200</nrows><ncols>4800</ncols></imagesize><object><name>m1_s10_270_p_nic057</name><deleted>0</deleted><verified>0</verified><occluded>no</occluded><attributes></attributes><parts><hasparts></hasparts><ispartof></ispartof></parts><date>27-08-20 14:34:17:254</date><id>0</id><type>bounding_box</type><polygon><username>anonymous</username><pt><x>2901</x><y>1022</y><time>27-08-20 14:34:08:496</time></pt><pt><x>4334</x><y>1022</y><time>27-08-20 14:34:10:818</time></pt><pt><x>4334</x><y>2307</y><time>undefined</time></pt><pt><x>2901</x><y>2307</y><time>undefined</time></pt><closed_date>27-08-20 14:34:10:819</closed_date></polygon></object></annotation>