<annotation><filename>m1_s05_138_p_ic038.jpg</filename><folder>users/joselusava//jacob</folder><source><submittedBy>Jose Saca</submittedBy></source><imagesize><nrows>3200</nrows><ncols>4800</ncols></imagesize><object><name>m1_s05_138_p_ic038</name><deleted>0</deleted><verified>0</verified><occluded>no</occluded><attributes></attributes><parts><hasparts></hasparts><ispartof></ispartof></parts><date>21-08-20 20:12:12:059</date><id>0</id><type>bounding_box</type><polygon><username>anonymous</username><pt><x>3145</x><y>506</y><time>21-08-20 20:12:05:223</time></pt><pt><x>1572</x><y>506</y><time>21-08-20 20:12:08:023</time></pt><pt><x>1572</x><y>2805</y><time>undefined</time></pt><pt><x>3145</x><y>2805</y><time>undefined</time></pt><closed_date>21-08-20 20:12:08:024</closed_date></polygon></object></annotation>