<annotation><filename>m1_s05_138_p_nic073.jpg</filename><folder>users/joselusava//jacob/138</folder><source><submittedBy>Jose Saca</submittedBy></source><imagesize><nrows>3200</nrows><ncols>4800</ncols></imagesize><object><name>m1_s05_138_p_nic073</name><deleted>0</deleted><verified>0</verified><occluded>no</occluded><attributes></attributes><parts><hasparts></hasparts><ispartof></ispartof></parts><date>24-08-20 12:40:44:567</date><id>0</id><type>bounding_box</type><polygon><username>anonymous</username><pt><x>4253</x><y>2958</y><time>24-08-20 12:40:40:098</time></pt><pt><x>3075</x><y>2958</y><time>24-08-20 12:40:43:541</time></pt><pt><x>3075</x><y>1614</y><time>undefined</time></pt><pt><x>4253</x><y>1614</y><time>undefined</time></pt><closed_date>24-08-20 12:40:43:541</closed_date></polygon></object></annotation>