<annotation><filename>m1_s05_138_p_nic008.jpg</filename><folder>users/joselusava//jacob/138</folder><source><submittedBy>Jose Saca</submittedBy></source><imagesize><nrows>3200</nrows><ncols>4800</ncols></imagesize><object><name>m1_s05_138_p_nic008</name><deleted>0</deleted><verified>0</verified><occluded>no</occluded><attributes></attributes><parts><hasparts></hasparts><ispartof></ispartof></parts><date>23-08-20 23:26:32:637</date><id>0</id><type>bounding_box</type><polygon><username>anonymous</username><pt><x>2556</x><y>1205</y><time>23-08-20 23:26:26:348</time></pt><pt><x>1815</x><y>1205</y><time>23-08-20 23:26:28:946</time></pt><pt><x>1815</x><y>326</y><time>undefined</time></pt><pt><x>2556</x><y>326</y><time>undefined</time></pt><closed_date>23-08-20 23:26:28:946</closed_date></polygon></object></annotation>