<annotation><filename>img_m1_s01_270_p_ic055.jpg</filename><folder>users/joselusava//santiago</folder><source><submittedBy>Jose Saca</submittedBy></source><imagesize><nrows>3200</nrows><ncols>4800</ncols></imagesize><object><name>m1_s10_270_p_ic055</name><deleted>0</deleted><verified>0</verified><occluded>no</occluded><attributes></attributes><parts><hasparts></hasparts><ispartof></ispartof></parts><date>26-08-20 22:00:56:077</date><id>0</id><type>bounding_box</type><polygon><username>anonymous</username><pt><x>911</x><y>716</y><time>26-08-20 22:00:46:398</time></pt><pt><x>3254</x><y>716</y><time>26-08-20 22:00:48:694</time></pt><pt><x>3254</x><y>2351</y><time>undefined</time></pt><pt><x>911</x><y>2351</y><time>undefined</time></pt><closed_date>26-08-20 22:00:48:696</closed_date></polygon></object></annotation>