<annotation><filename>m1_s07_194_p_nic071.jpg</filename><folder>users/joselusava//santiago</folder><source><submittedBy>Jose Saca</submittedBy></source><imagesize><nrows>3200</nrows><ncols>4800</ncols></imagesize><object><name>m1_s07_194_p_nic071</name><deleted>0</deleted><verified>0</verified><occluded>no</occluded><attributes></attributes><parts><hasparts></hasparts><ispartof></ispartof></parts><date>24-08-20 14:26:10:007</date><id>0</id><type>bounding_box</type><polygon><username>anonymous</username><pt><x>846</x><y>302</y><time>24-08-20 14:26:02:507</time></pt><pt><x>1832</x><y>302</y><time>24-08-20 14:26:03:837</time></pt><pt><x>1832</x><y>2012</y><time>undefined</time></pt><pt><x>846</x><y>2012</y><time>undefined</time></pt><closed_date>24-08-20 14:26:03:838</closed_date></polygon></object></annotation>