<annotation><filename>m1_s07_194_p_ic072.jpg</filename><folder>users/joselusava//santiago</folder><source><submittedBy>Jose Saca</submittedBy></source><imagesize><nrows>3200</nrows><ncols>4800</ncols></imagesize><object><name>m1_s07_194_p_ic072</name><deleted>0</deleted><verified>0</verified><occluded>no</occluded><attributes></attributes><parts><hasparts></hasparts><ispartof></ispartof></parts><date>22-08-20 16:52:49:132</date><id>0</id><type>bounding_box</type><polygon><username>anonymous</username><pt><x>1440</x><y>670</y><time>22-08-20 16:52:24:664</time></pt><pt><x>3402</x><y>670</y><time>22-08-20 16:52:40:800</time></pt><pt><x>3402</x><y>2757</y><time>undefined</time></pt><pt><x>1440</x><y>2757</y><time>undefined</time></pt><closed_date>22-08-20 16:52:40:801</closed_date></polygon></object></annotation>