<annotation><filename>m1_s05_138_p_ic072.jpg</filename><folder>users/joselusava//jacob</folder><source><submittedBy>Jose Saca</submittedBy></source><imagesize><nrows>3200</nrows><ncols>4800</ncols></imagesize><object><name>m1_s05_138_p_ic072</name><deleted>0</deleted><verified>0</verified><occluded>no</occluded><attributes></attributes><parts><hasparts></hasparts><ispartof></ispartof></parts><date>21-08-20 22:51:05:474</date><id>0</id><type>bounding_box</type><polygon><username>anonymous</username><pt><x>2965</x><y>381</y><time>21-08-20 22:50:59:350</time></pt><pt><x>1461</x><y>381</y><time>21-08-20 22:51:02:437</time></pt><pt><x>1461</x><y>2667</y><time>undefined</time></pt><pt><x>2965</x><y>2667</y><time>undefined</time></pt><closed_date>21-08-20 22:51:02:437</closed_date></polygon></object></annotation>