<annotation><filename>m1_s07_212_x.jpg</filename><folder>users/joselusava//santiago</folder><source><submittedBy>Jose Saca</submittedBy></source><imagesize><nrows>3200</nrows><ncols>4800</ncols></imagesize><object><name>m1_s07_212_x</name><deleted>0</deleted><verified>0</verified><occluded>no</occluded><attributes></attributes><parts><hasparts></hasparts><ispartof></ispartof></parts><date>24-08-20 16:43:51:000</date><id>0</id><type>bounding_box</type><polygon><username>anonymous</username><pt><x>1206</x><y>482</y><time>24-08-20 16:43:41:997</time></pt><pt><x>3265</x><y>482</y><time>24-08-20 16:43:44:147</time></pt><pt><x>3265</x><y>2786</y><time>undefined</time></pt><pt><x>1206</x><y>2786</y><time>undefined</time></pt><closed_date>24-08-20 16:43:44:149</closed_date></polygon></object></annotation>