<annotation><filename>m1_s05_138_p_ic098.jpg</filename><folder>users/joselusava//jacob</folder><source><submittedBy>Jose Saca</submittedBy></source><imagesize><nrows>3200</nrows><ncols>4800</ncols></imagesize><object><name>m1_s05_138_p_ic098</name><deleted>0</deleted><verified>0</verified><occluded>no</occluded><attributes></attributes><parts><hasparts></hasparts><ispartof></ispartof></parts><date>21-08-20 23:13:36:912</date><id>0</id><type>bounding_box</type><polygon><username>anonymous</username><pt><x>1711</x><y>55</y><time>21-08-20 23:13:30:255</time></pt><pt><x>3165</x><y>55</y><time>21-08-20 23:13:33:512</time></pt><pt><x>3165</x><y>3131</y><time>undefined</time></pt><pt><x>1711</x><y>3131</y><time>undefined</time></pt><closed_date>21-08-20 23:13:33:512</closed_date></polygon></object></annotation>