<annotation><filename>m1_s05_115_p_ic026.jpg</filename><folder>users/joselusava//jacob/sala5_115_ic</folder><source><submittedBy>Jose Saca</submittedBy></source><imagesize><nrows>3200</nrows><ncols>4796</ncols></imagesize><object><name>m1_s05_115_p_ic026</name><deleted>0</deleted><verified>0</verified><occluded>no</occluded><attributes></attributes><parts><hasparts></hasparts><ispartof></ispartof></parts><date>30-08-20 20:58:40:303</date><id>0</id><type>bounding_box</type><polygon><username>anonymous</username><pt><x>1359</x><y>2776</y><time>30-08-20 20:58:36:218</time></pt><pt><x>2929</x><y>2776</y><time>30-08-20 20:58:39:437</time></pt><pt><x>2929</x><y>105</y><time>undefined</time></pt><pt><x>1359</x><y>105</y><time>undefined</time></pt><closed_date>30-08-20 20:58:39:438</closed_date></polygon></object></annotation>