<annotation><filename>m1_s05_115_p_ic032.jpg</filename><folder>users/joselusava//jacob/sala5_115_ic</folder><source><submittedBy>Jose Saca</submittedBy></source><imagesize><nrows>3200</nrows><ncols>4796</ncols></imagesize><object><name>m1_s05_115_p_ic032</name><deleted>0</deleted><verified>0</verified><occluded>no</occluded><attributes></attributes><parts><hasparts></hasparts><ispartof></ispartof></parts><date>30-08-20 21:00:55:622</date><id>0</id><type>bounding_box</type><polygon><username>anonymous</username><pt><x>948</x><y>2862</y><time>30-08-20 21:00:52:755</time></pt><pt><x>3427</x><y>2862</y><time>30-08-20 21:00:54:751</time></pt><pt><x>3427</x><y>172</y><time>undefined</time></pt><pt><x>948</x><y>172</y><time>undefined</time></pt><closed_date>30-08-20 21:00:54:752</closed_date></polygon></object></annotation>