<annotation><filename>m1_s05_115_p_nic033.jpg</filename><folder>users/joselusava//jacob/sala5_115_nic</folder><source><submittedBy>Jose Saca</submittedBy></source><imagesize><nrows>3200</nrows><ncols>4796</ncols></imagesize><object><name>m1_s05_115_p_nic033</name><deleted>0</deleted><verified>0</verified><occluded>no</occluded><attributes></attributes><parts><hasparts></hasparts><ispartof></ispartof></parts><date>30-08-20 23:10:01:269</date><id>0</id><type>bounding_box</type><polygon><username>anonymous</username><pt><x>2125</x><y>2901</y><time>30-08-20 23:09:58:863</time></pt><pt><x>3542</x><y>2901</y><time>30-08-20 23:10:00:450</time></pt><pt><x>3542</x><y>1828</y><time>undefined</time></pt><pt><x>2125</x><y>1828</y><time>undefined</time></pt><closed_date>30-08-20 23:10:00:450</closed_date></polygon></object></annotation>