<annotation><filename>img_m1_s10_303_p_ic039.jpg</filename><folder>users/joselusava//santiago</folder><source><submittedBy>Jose Saca</submittedBy></source><imagesize><nrows>3200</nrows><ncols>4800</ncols></imagesize><object><name>m1_s10_303_p_ic039</name><deleted>0</deleted><verified>0</verified><occluded>no</occluded><attributes></attributes><parts><hasparts></hasparts><ispartof></ispartof></parts><date>31-08-20 13:16:57:040</date><id>0</id><type>bounding_box</type><polygon><username>anonymous</username><pt><x>1202</x><y>1314</y><time>31-08-20 13:16:47:670</time></pt><pt><x>3319</x><y>1314</y><time>31-08-20 13:16:50:204</time></pt><pt><x>3319</x><y>2311</y><time>undefined</time></pt><pt><x>1202</x><y>2311</y><time>undefined</time></pt><closed_date>31-08-20 13:16:50:205</closed_date></polygon></object></annotation>