<annotation><filename>img_m1_s10_270_p_ic034.jpg</filename><folder>users/joselusava//santiago</folder><source><submittedBy>Jose Saca</submittedBy></source><imagesize><nrows>3200</nrows><ncols>4800</ncols></imagesize><object><name>m1_s10_270_p_ic034</name><deleted>0</deleted><verified>0</verified><occluded>no</occluded><attributes></attributes><parts><hasparts></hasparts><ispartof></ispartof></parts><date>26-08-20 19:24:32:491</date><id>0</id><type>bounding_box</type><polygon><username>anonymous</username><pt><x>1285</x><y>454</y><time>26-08-20 19:24:22:795</time></pt><pt><x>3304</x><y>454</y><time>26-08-20 19:24:24:897</time></pt><pt><x>3304</x><y>2527</y><time>undefined</time></pt><pt><x>1285</x><y>2527</y><time>undefined</time></pt><closed_date>26-08-20 19:24:24:898</closed_date></polygon></object></annotation>