<annotation><filename>m1_s07_194_p_ic095.jpg</filename><folder>users/joselusava//santiago</folder><source><submittedBy>Jose Saca</submittedBy></source><imagesize><nrows>3200</nrows><ncols>4800</ncols></imagesize><object><name>m1_s07_194_p_ic095</name><deleted>0</deleted><verified>0</verified><occluded>no</occluded><attributes></attributes><parts><hasparts></hasparts><ispartof></ispartof></parts><date>22-08-20 17:47:10:670</date><id>0</id><type>bounding_box</type><polygon><username>anonymous</username><pt><x>1494</x><y>706</y><time>22-08-20 17:46:58:791</time></pt><pt><x>2786</x><y>706</y><time>22-08-20 17:47:03:384</time></pt><pt><x>2786</x><y>3009</y><time>undefined</time></pt><pt><x>1494</x><y>3009</y><time>undefined</time></pt><closed_date>22-08-20 17:47:03:385</closed_date></polygon></object></annotation>