<annotation><filename>img_m1_s10_270_p_nic036.jpg</filename><folder>users/joselusava//santiago</folder><source><submittedBy>Jose Saca</submittedBy></source><imagesize><nrows>3200</nrows><ncols>4800</ncols></imagesize><object><name>m1_s10_270_p_nic036</name><deleted>0</deleted><verified>0</verified><occluded>no</occluded><attributes></attributes><parts><hasparts></hasparts><ispartof></ispartof></parts><date>27-08-20 13:43:55:533</date><id>0</id><type>bounding_box</type><polygon><username>anonymous</username><pt><x>248</x><y>875</y><time>27-08-20 13:43:46:602</time></pt><pt><x>1685</x><y>875</y><time>27-08-20 13:43:49:426</time></pt><pt><x>1685</x><y>2095</y><time>undefined</time></pt><pt><x>248</x><y>2095</y><time>undefined</time></pt><closed_date>27-08-20 13:43:49:427</closed_date></polygon></object></annotation>