<annotation><filename>m1_s05_131_x.jpg</filename><folder>users/joselusava//jacob/sala5</folder><source><submittedBy>Jose Saca</submittedBy></source><imagesize><nrows>3200</nrows><ncols>4800</ncols></imagesize><object><name>m1_s05_131_x</name><deleted>0</deleted><verified>0</verified><occluded>no</occluded><attributes></attributes><parts><hasparts></hasparts><ispartof></ispartof></parts><date>25-08-20 18:19:45:518</date><id>0</id><type>bounding_box</type><polygon><username>anonymous</username><pt><x>3941</x><y>360</y><time>25-08-20 18:19:41:530</time></pt><pt><x>963</x><y>360</y><time>25-08-20 18:19:44:049</time></pt><pt><x>963</x><y>2791</y><time>undefined</time></pt><pt><x>3941</x><y>2791</y><time>undefined</time></pt><closed_date>25-08-20 18:19:44:050</closed_date></polygon></object></annotation>