<annotation><filename>m1_s05_115_p_ic058.jpg</filename><folder>users/joselusava//jacob/sala5_115_ic</folder><source><submittedBy>Jose Saca</submittedBy></source><imagesize><nrows>3200</nrows><ncols>4796</ncols></imagesize><object><name>m1_s05_115_p_ic058</name><deleted>0</deleted><verified>0</verified><occluded>no</occluded><attributes></attributes><parts><hasparts></hasparts><ispartof></ispartof></parts><date>30-08-20 21:11:00:783</date><id>0</id><type>bounding_box</type><polygon><username>anonymous</username><pt><x>1398</x><y>335</y><time>30-08-20 21:10:56:879</time></pt><pt><x>3197</x><y>335</y><time>30-08-20 21:10:59:100</time></pt><pt><x>3197</x><y>2623</y><time>undefined</time></pt><pt><x>1398</x><y>2623</y><time>undefined</time></pt><closed_date>30-08-20 21:10:59:101</closed_date></polygon></object></annotation>