<annotation><filename>m1_s05_138_p_ic011.jpg</filename><folder>users/joselusava//jacob</folder><source><submittedBy>Jose Saca</submittedBy></source><imagesize><nrows>3200</nrows><ncols>4800</ncols></imagesize><object><name>m1_s05_138_p_ic011</name><deleted>0</deleted><verified>0</verified><occluded>no</occluded><attributes></attributes><parts><hasparts></hasparts><ispartof></ispartof></parts><date>21-08-20 17:16:32:548</date><id>0</id><type>bounding_box</type><polygon><username>anonymous</username><pt><x>1568</x><y>3156</y><time>21-08-20 17:16:22:091</time></pt><pt><x>3612</x><y>3156</y><time>21-08-20 17:16:25:890</time></pt><pt><x>3612</x><y>903</y><time>undefined</time></pt><pt><x>1568</x><y>903</y><time>undefined</time></pt><closed_date>21-08-20 17:16:25:890</closed_date></polygon></object></annotation>