<annotation><filename>m1_s05_115_p_ic050.jpg</filename><folder>users/joselusava//jacob/sala5_115_ic</folder><source><submittedBy>Jose Saca</submittedBy></source><imagesize><nrows>3200</nrows><ncols>4796</ncols></imagesize><object><name>m1_s05_115_p_ic050</name><deleted>0</deleted><verified>0</verified><occluded>no</occluded><attributes></attributes><parts><hasparts></hasparts><ispartof></ispartof></parts><date>30-08-20 21:07:56:813</date><id>0</id><type>bounding_box</type><polygon><username>anonymous</username><pt><x>3063</x><y>258</y><time>30-08-20 21:07:54:655</time></pt><pt><x>1072</x><y>258</y><time>30-08-20 21:07:55:974</time></pt><pt><x>1072</x><y>2939</y><time>undefined</time></pt><pt><x>3063</x><y>2939</y><time>undefined</time></pt><closed_date>30-08-20 21:07:55:974</closed_date></polygon></object></annotation>