<annotation><filename>m1_s07_194_p_nic070.jpg</filename><folder>users/joselusava//santiago</folder><source><submittedBy>Jose Saca</submittedBy></source><imagesize><nrows>3200</nrows><ncols>4800</ncols></imagesize><object><name>m1_s07_194_p_nic070</name><deleted>0</deleted><verified>0</verified><occluded>no</occluded><attributes></attributes><parts><hasparts></hasparts><ispartof></ispartof></parts><date>24-08-20 14:24:47:301</date><id>0</id><type>bounding_box</type><polygon><username>anonymous</username><pt><x>568</x><y>278</y><time>24-08-20 14:24:35:906</time></pt><pt><x>1482</x><y>278</y><time>24-08-20 14:24:37:699</time></pt><pt><x>1482</x><y>2011</y><time>undefined</time></pt><pt><x>568</x><y>2011</y><time>undefined</time></pt><closed_date>24-08-20 14:24:37:700</closed_date></polygon></object></annotation>