<annotation><filename>m1_s07_194_p_ic075.jpg</filename><folder>users/joselusava//santiago</folder><source><submittedBy>Jose Saca</submittedBy></source><imagesize><nrows>3200</nrows><ncols>4800</ncols></imagesize><object><name>m1_s07_194_p_ic075</name><deleted>0</deleted><verified>0</verified><occluded>no</occluded><attributes></attributes><parts><hasparts></hasparts><ispartof></ispartof></parts><date>22-08-20 17:01:07:875</date><id>0</id><type>bounding_box</type><polygon><username>anonymous</username><pt><x>1364</x><y>637</y><time>22-08-20 17:00:51:607</time></pt><pt><x>3304</x><y>637</y><time>22-08-20 17:00:57:146</time></pt><pt><x>3304</x><y>2660</y><time>undefined</time></pt><pt><x>1364</x><y>2660</y><time>undefined</time></pt><closed_date>22-08-20 17:00:57:147</closed_date></polygon></object></annotation>