<annotation><filename>m1_s08_260_x.jpg</filename><folder>users/joselusava//santiago</folder><source><submittedBy>Jose Saca</submittedBy></source><imagesize><nrows>3200</nrows><ncols>4800</ncols></imagesize><object><name>m1_s08_260_x</name><deleted>0</deleted><verified>0</verified><occluded>no</occluded><attributes></attributes><parts><hasparts></hasparts><ispartof></ispartof></parts><date>25-08-20 14:12:39:779</date><id>0</id><type>bounding_box</type><polygon><username>anonymous</username><pt><x>1189</x><y>175</y><time>25-08-20 14:12:28:302</time></pt><pt><x>3490</x><y>175</y><time>25-08-20 14:12:30:810</time></pt><pt><x>3490</x><y>3006</y><time>undefined</time></pt><pt><x>1189</x><y>3006</y><time>undefined</time></pt><closed_date>25-08-20 14:12:30:812</closed_date></polygon></object></annotation>