<annotation><filename>m1_s07_194_p_nic022.jpg</filename><folder>users/joselusava//santiago</folder><source><submittedBy>Jose Saca</submittedBy></source><imagesize><nrows>3200</nrows><ncols>4800</ncols></imagesize><object><name>m1_s07_194_p_nic022</name><deleted>0</deleted><verified>0</verified><occluded>no</occluded><attributes></attributes><parts><hasparts></hasparts><ispartof></ispartof></parts><date>24-08-20 12:40:47:057</date><id>0</id><type>bounding_box</type><polygon><username>anonymous</username><pt><x>1328</x><y>155</y><time>24-08-20 12:40:36:010</time></pt><pt><x>2045</x><y>155</y><time>24-08-20 12:40:39:780</time></pt><pt><x>2045</x><y>1818</y><time>undefined</time></pt><pt><x>1328</x><y>1818</y><time>undefined</time></pt><closed_date>24-08-20 12:40:39:782</closed_date></polygon></object></annotation>