<annotation><filename>m1_s07_194_p_ic085.jpg</filename><folder>users/joselusava//santiago</folder><source><submittedBy>Jose Saca</submittedBy></source><imagesize><nrows>3200</nrows><ncols>4800</ncols></imagesize><object><name>m1_s07_194_p_ic085</name><deleted>0</deleted><verified>0</verified><occluded>no</occluded><attributes></attributes><parts><hasparts></hasparts><ispartof></ispartof></parts><date>22-08-20 17:27:34:616</date><id>0</id><type>bounding_box</type><polygon><username>anonymous</username><pt><x>1274</x><y>670</y><time>22-08-20 17:27:18:934</time></pt><pt><x>2872</x><y>670</y><time>22-08-20 17:27:24:425</time></pt><pt><x>2872</x><y>2718</y><time>undefined</time></pt><pt><x>1274</x><y>2718</y><time>undefined</time></pt><closed_date>22-08-20 17:27:24:427</closed_date></polygon></object></annotation>