<annotation><filename>m1_s05_138_p_ic030.jpg</filename><folder>users/joselusava//jacob</folder><source><submittedBy>Jose Saca</submittedBy></source><imagesize><nrows>3200</nrows><ncols>4800</ncols></imagesize><object><name>m1_s05_138_p_ic030</name><deleted>0</deleted><verified>0</verified><occluded>no</occluded><attributes></attributes><parts><hasparts></hasparts><ispartof></ispartof></parts><date>21-08-20 20:05:38:697</date><id>0</id><type>bounding_box</type><polygon><username>anonymous</username><pt><x>2528</x><y>381</y><time>21-08-20 20:05:33:057</time></pt><pt><x>1635</x><y>381</y><time>21-08-20 20:05:34:485</time></pt><pt><x>1635</x><y>2549</y><time>undefined</time></pt><pt><x>2528</x><y>2549</y><time>undefined</time></pt><closed_date>21-08-20 20:05:34:485</closed_date></polygon></object></annotation>