<annotation><filename>m1_s08_261_x.jpg</filename><folder>users/joselusava//santiago</folder><source><submittedBy>Jose Saca</submittedBy></source><imagesize><nrows>3200</nrows><ncols>4800</ncols></imagesize><object><name>m1_s07_261_x</name><deleted>0</deleted><verified>0</verified><occluded>no</occluded><attributes></attributes><parts><hasparts></hasparts><ispartof></ispartof></parts><date>24-08-20 22:25:46:985</date><id>0</id><type>bounding_box</type><polygon><username>anonymous</username><pt><x>306</x><y>281</y><time>24-08-20 22:25:27:437</time></pt><pt><x>4273</x><y>281</y><time>24-08-20 22:25:31:478</time></pt><pt><x>4273</x><y>3092</y><time>undefined</time></pt><pt><x>306</x><y>3092</y><time>undefined</time></pt><closed_date>24-08-20 22:25:31:480</closed_date></polygon></object></annotation>