<annotation><filename>m1_s05_115_p_nic050.jpg</filename><folder>users/joselusava//jacob/sala5_115_nic</folder><source><submittedBy>Jose Saca</submittedBy></source><imagesize><nrows>3200</nrows><ncols>4796</ncols></imagesize><object><name>m1_s05_115_p_nic050</name><deleted>0</deleted><verified>0</verified><occluded>no</occluded><attributes></attributes><parts><hasparts></hasparts><ispartof></ispartof></parts><date>30-08-20 23:38:39:053</date><id>0</id><type>bounding_box</type><polygon><username>anonymous</username><pt><x>1024</x><y>191</y><time>30-08-20 23:38:37:176</time></pt><pt><x>2029</x><y>191</y><time>30-08-20 23:38:38:239</time></pt><pt><x>2029</x><y>1331</y><time>undefined</time></pt><pt><x>1024</x><y>1331</y><time>undefined</time></pt><closed_date>30-08-20 23:38:38:240</closed_date></polygon></object></annotation>