<annotation><filename>img_m1_s10_270_p_ic079.jpg</filename><folder>users/joselusava//santiago</folder><source><submittedBy>Jose Saca</submittedBy></source><imagesize><nrows>3200</nrows><ncols>4800</ncols></imagesize><object><name>m1_s10_270_p_ic079</name><deleted>0</deleted><verified>0</verified><occluded>no</occluded><attributes></attributes><parts><hasparts></hasparts><ispartof></ispartof></parts><date>27-08-20 11:35:08:638</date><id>0</id><type>bounding_box</type><polygon><username>anonymous</username><pt><x>1037</x><y>551</y><time>27-08-20 11:34:56:588</time></pt><pt><x>3733</x><y>551</y><time>27-08-20 11:35:00:639</time></pt><pt><x>3733</x><y>2556</y><time>undefined</time></pt><pt><x>1037</x><y>2556</y><time>undefined</time></pt><closed_date>27-08-20 11:35:00:641</closed_date></polygon></object></annotation>