<annotation><filename>img_m1_s10_303_p_ic031.jpg</filename><folder>users/joselusava//santiago</folder><source><submittedBy>Jose Saca</submittedBy></source><imagesize><nrows>3200</nrows><ncols>4800</ncols></imagesize><object><name>m1_s10_303_p_ic031</name><deleted>0</deleted><verified>0</verified><occluded>no</occluded><attributes></attributes><parts><hasparts></hasparts><ispartof></ispartof></parts><date>31-08-20 13:05:18:771</date><id>0</id><type>bounding_box</type><polygon><username>anonymous</username><pt><x>1389</x><y>903</y><time>31-08-20 13:05:08:409</time></pt><pt><x>3200</x><y>903</y><time>31-08-20 13:05:11:558</time></pt><pt><x>3200</x><y>2268</y><time>undefined</time></pt><pt><x>1389</x><y>2268</y><time>undefined</time></pt><closed_date>31-08-20 13:05:11:560</closed_date></polygon></object></annotation>