<annotation><filename>m1_s05_115_p_nic028.jpg</filename><folder>users/joselusava//jacob/sala5_115_nic</folder><source><submittedBy>Jose Saca</submittedBy></source><imagesize><nrows>3200</nrows><ncols>4796</ncols></imagesize><object><name>m1_s05_115_p_nic028</name><deleted>0</deleted><verified>0</verified><occluded>no</occluded><attributes></attributes><parts><hasparts></hasparts><ispartof></ispartof></parts><date>30-08-20 23:08:23:045</date><id>0</id><type>bounding_box</type><polygon><username>anonymous</username><pt><x>1895</x><y>2948</y><time>30-08-20 23:08:20:220</time></pt><pt><x>421</x><y>2948</y><time>30-08-20 23:08:22:350</time></pt><pt><x>421</x><y>1781</y><time>undefined</time></pt><pt><x>1895</x><y>1781</y><time>undefined</time></pt><closed_date>30-08-20 23:08:22:350</closed_date></polygon></object></annotation>