<annotation><filename>m1_s05_138_p_ic013.jpg</filename><folder>users/joselusava//jacob</folder><source><submittedBy>Jose Saca</submittedBy></source><imagesize><nrows>3200</nrows><ncols>4800</ncols></imagesize><object><name>m1_s05_138_p_ic013</name><deleted>0</deleted><verified>0</verified><occluded>no</occluded><attributes></attributes><parts><hasparts></hasparts><ispartof></ispartof></parts><date>21-08-20 17:20:25:841</date><id>0</id><type>bounding_box</type><polygon><username>anonymous</username><pt><x>1057</x><y>2903</y><time>21-08-20 17:20:15:447</time></pt><pt><x>3232</x><y>2903</y><time>21-08-20 17:20:19:214</time></pt><pt><x>3232</x><y>602</y><time>undefined</time></pt><pt><x>1057</x><y>602</y><time>undefined</time></pt><closed_date>21-08-20 17:20:19:214</closed_date></polygon></object></annotation>