<annotation><filename>m1_s05_115_p_ic052.jpg</filename><folder>users/joselusava//jacob/sala5_115_ic</folder><source><submittedBy>Jose Saca</submittedBy></source><imagesize><nrows>3200</nrows><ncols>4796</ncols></imagesize><object><name>m1_s05_115_p_ic052</name><deleted>0</deleted><verified>0</verified><occluded>no</occluded><attributes></attributes><parts><hasparts></hasparts><ispartof></ispartof></parts><date>30-08-20 21:08:34:629</date><id>0</id><type>bounding_box</type><polygon><username>anonymous</username><pt><x>2996</x><y>249</y><time>30-08-20 21:08:32:948</time></pt><pt><x>1254</x><y>249</y><time>30-08-20 21:08:33:950</time></pt><pt><x>1254</x><y>2968</y><time>undefined</time></pt><pt><x>2996</x><y>2968</y><time>undefined</time></pt><closed_date>30-08-20 21:08:33:950</closed_date></polygon></object></annotation>