<annotation><filename>m1_s07_194_p_ic073.jpg</filename><folder>users/joselusava//santiago</folder><source><submittedBy>Jose Saca</submittedBy></source><imagesize><nrows>3200</nrows><ncols>4800</ncols></imagesize><object><name>m1_s07_194_p_ic073</name><deleted>0</deleted><verified>0</verified><occluded>no</occluded><attributes></attributes><parts><hasparts></hasparts><ispartof></ispartof></parts><date>22-08-20 16:55:21:685</date><id>0</id><type>bounding_box</type><polygon><username>anonymous</username><pt><x>1335</x><y>558</y><time>22-08-20 16:55:04:833</time></pt><pt><x>3402</x><y>558</y><time>22-08-20 16:55:12:640</time></pt><pt><x>3402</x><y>2631</y><time>undefined</time></pt><pt><x>1335</x><y>2631</y><time>undefined</time></pt><closed_date>22-08-20 16:55:12:641</closed_date></polygon></object></annotation>