<annotation><filename>m1_s07_203_x.jpg</filename><folder>users/joselusava//santiago</folder><source><submittedBy>Jose Saca</submittedBy></source><imagesize><nrows>3200</nrows><ncols>4800</ncols></imagesize><object><name>m1_s07_203_x</name><deleted>0</deleted><verified>0</verified><occluded>no</occluded><attributes></attributes><parts><hasparts></hasparts><ispartof></ispartof></parts><date>24-08-20 16:13:42:655</date><id>0</id><type>bounding_box</type><polygon><username>anonymous</username><pt><x>745</x><y>558</y><time>24-08-20 16:13:27:301</time></pt><pt><x>3816</x><y>558</y><time>24-08-20 16:13:30:858</time></pt><pt><x>3816</x><y>2595</y><time>undefined</time></pt><pt><x>745</x><y>2595</y><time>undefined</time></pt><closed_date>24-08-20 16:13:30:859</closed_date></polygon></object></annotation>