<annotation><filename>img_m1_s10_303_p_ic020.jpg</filename><folder>users/joselusava//santiago</folder><source><submittedBy>Jose Saca</submittedBy></source><imagesize><nrows>3200</nrows><ncols>4800</ncols></imagesize><object><name>m1_s10_303_p_ic020</name><deleted>0</deleted><verified>0</verified><occluded>no</occluded><attributes></attributes><parts><hasparts></hasparts><ispartof></ispartof></parts><date>31-08-20 12:39:07:872</date><id>0</id><type>bounding_box</type><polygon><username>anonymous</username><pt><x>1303</x><y>1170</y><time>31-08-20 12:38:56:635</time></pt><pt><x>3042</x><y>1170</y><time>31-08-20 12:39:00:072</time></pt><pt><x>3042</x><y>2268</y><time>undefined</time></pt><pt><x>1303</x><y>2268</y><time>undefined</time></pt><closed_date>31-08-20 12:39:00:072</closed_date></polygon></object></annotation>