<annotation><filename>img_m1_s10_303_p_ic046.jpg</filename><folder>users/joselusava//santiago</folder><source><submittedBy>Jose Saca</submittedBy></source><imagesize><nrows>3200</nrows><ncols>4800</ncols></imagesize><object><name>m1_s10_303_p_ic046</name><deleted>0</deleted><verified>0</verified><occluded>no</occluded><attributes></attributes><parts><hasparts></hasparts><ispartof></ispartof></parts><date>31-08-20 13:38:37:378</date><id>0</id><type>bounding_box</type><polygon><username>anonymous</username><pt><x>1036</x><y>1181</y><time>31-08-20 13:38:27:489</time></pt><pt><x>3170</x><y>1181</y><time>31-08-20 13:38:30:795</time></pt><pt><x>3170</x><y>2107</y><time>undefined</time></pt><pt><x>1036</x><y>2107</y><time>undefined</time></pt><closed_date>31-08-20 13:38:30:797</closed_date></polygon></object></annotation>