<annotation><filename>img_m1_s10_270_p_nic065.jpg</filename><folder>users/joselusava//santiago</folder><source><submittedBy>Jose Saca</submittedBy></source><imagesize><nrows>3200</nrows><ncols>4800</ncols></imagesize><object><name>m1_s10_270_p_nic065</name><deleted>0</deleted><verified>0</verified><occluded>no</occluded><attributes></attributes><parts><hasparts></hasparts><ispartof></ispartof></parts><date>28-08-20 14:00:37:386</date><id>0</id><type>bounding_box</type><polygon><username>anonymous</username><pt><x>468</x><y>464</y><time>28-08-20 14:00:26:972</time></pt><pt><x>1850</x><y>464</y><time>28-08-20 14:00:30:698</time></pt><pt><x>1850</x><y>1739</y><time>undefined</time></pt><pt><x>468</x><y>1739</y><time>undefined</time></pt><closed_date>28-08-20 14:00:30:699</closed_date></polygon></object></annotation>