<annotation><filename>img_m1_s10_270_p_ic030.jpg</filename><folder>users/joselusava//santiago</folder><source><submittedBy>Jose Saca</submittedBy></source><imagesize><nrows>3200</nrows><ncols>4800</ncols></imagesize><object><name>m1_s10_270_p_ic030</name><deleted>0</deleted><verified>0</verified><occluded>no</occluded><attributes></attributes><parts><hasparts></hasparts><ispartof></ispartof></parts><date>26-08-20 19:06:23:710</date><id>0</id><type>bounding_box</type><polygon><username>anonymous</username><pt><x>1443</x><y>238</y><time>26-08-20 19:06:06:694</time></pt><pt><x>3099</x><y>238</y><time>26-08-20 19:06:09:569</time></pt><pt><x>3099</x><y>2570</y><time>undefined</time></pt><pt><x>1443</x><y>2570</y><time>undefined</time></pt><closed_date>26-08-20 19:06:09:570</closed_date></polygon></object></annotation>