<annotation><filename>m1_s05_138_p_ic063.jpg</filename><folder>users/joselusava//jacob</folder><source><submittedBy>Jose Saca</submittedBy></source><imagesize><nrows>3200</nrows><ncols>4800</ncols></imagesize><object><name>m1_s05_138_p_ic063</name><deleted>0</deleted><verified>0</verified><occluded>no</occluded><attributes></attributes><parts><hasparts></hasparts><ispartof></ispartof></parts><date>21-08-20 22:43:54:902</date><id>0</id><type>bounding_box</type><polygon><username>anonymous</username><pt><x>1614</x><y>790</y><time>21-08-20 22:43:49:490</time></pt><pt><x>3546</x><y>790</y><time>21-08-20 22:43:51:509</time></pt><pt><x>3546</x><y>2965</y><time>undefined</time></pt><pt><x>1614</x><y>2965</y><time>undefined</time></pt><closed_date>21-08-20 22:43:51:509</closed_date></polygon></object></annotation>