<annotation><filename>m1_s07_194_p_ic064.jpg</filename><folder>users/joselusava//santiago</folder><source><submittedBy>Jose Saca</submittedBy></source><imagesize><nrows>3200</nrows><ncols>4800</ncols></imagesize><object><name>m1_s07_194_p_ic064</name><deleted>0</deleted><verified>0</verified><occluded>no</occluded><attributes></attributes><parts><hasparts></hasparts><ispartof></ispartof></parts><date>22-08-20 16:29:45:551</date><id>0</id><type>bounding_box</type><polygon><username>anonymous</username><pt><x>1695</x><y>346</y><time>22-08-20 16:29:32:283</time></pt><pt><x>2941</x><y>346</y><time>22-08-20 16:29:37:387</time></pt><pt><x>2941</x><y>2750</y><time>undefined</time></pt><pt><x>1695</x><y>2750</y><time>undefined</time></pt><closed_date>22-08-20 16:29:37:388</closed_date></polygon></object></annotation>