<annotation><filename>img_m1_s10_303_p_ic026.jpg</filename><folder>users/joselusava//santiago</folder><source><submittedBy>Jose Saca</submittedBy></source><imagesize><nrows>3200</nrows><ncols>4800</ncols></imagesize><object><name>m1_s10_303_p_ic026</name><deleted>0</deleted><verified>0</verified><occluded>no</occluded><attributes></attributes><parts><hasparts></hasparts><ispartof></ispartof></parts><date>31-08-20 12:58:16:603</date><id>0</id><type>bounding_box</type><polygon><username>anonymous</username><pt><x>1587</x><y>875</y><time>31-08-20 12:58:06:563</time></pt><pt><x>2916</x><y>875</y><time>31-08-20 12:58:08:762</time></pt><pt><x>2916</x><y>2282</y><time>undefined</time></pt><pt><x>1587</x><y>2282</y><time>undefined</time></pt><closed_date>31-08-20 12:58:08:764</closed_date></polygon></object></annotation>