<annotation><filename>img_m1_s10_270_p_nic048.jpg</filename><folder>users/joselusava//santiago</folder><source><submittedBy>Jose Saca</submittedBy></source><imagesize><nrows>3200</nrows><ncols>4800</ncols></imagesize><object><name>m1_s10_270_p_nic048</name><deleted>0</deleted><verified>0</verified><occluded>no</occluded><attributes></attributes><parts><hasparts></hasparts><ispartof></ispartof></parts><date>27-08-20 14:18:06:964</date><id>0</id><type>bounding_box</type><polygon><username>anonymous</username><pt><x>1980</x><y>1670</y><time>27-08-20 14:17:56:680</time></pt><pt><x>3366</x><y>1670</y><time>27-08-20 14:17:59:104</time></pt><pt><x>3366</x><y>2872</y><time>undefined</time></pt><pt><x>1980</x><y>2872</y><time>undefined</time></pt><closed_date>27-08-20 14:17:59:106</closed_date></polygon></object></annotation>