<annotation><filename>m1_s05_138_p_ic100.jpg</filename><folder>users/joselusava//jacob</folder><source><submittedBy>Jose Saca</submittedBy></source><imagesize><nrows>3200</nrows><ncols>4800</ncols></imagesize><object><name>m1_s05_138_p_ic100</name><deleted>0</deleted><verified>0</verified><occluded>no</occluded><attributes></attributes><parts><hasparts></hasparts><ispartof></ispartof></parts><date>21-08-20 23:14:32:705</date><id>0</id><type>bounding_box</type><polygon><username>anonymous</username><pt><x>1995</x><y>540</y><time>21-08-20 23:14:27:769</time></pt><pt><x>2965</x><y>540</y><time>21-08-20 23:14:29:500</time></pt><pt><x>2965</x><y>2819</y><time>undefined</time></pt><pt><x>1995</x><y>2819</y><time>undefined</time></pt><closed_date>21-08-20 23:14:29:501</closed_date></polygon></object></annotation>