<annotation><filename>m1_s05_138_p_ic066.jpg</filename><folder>users/joselusava//jacob</folder><source><submittedBy>Jose Saca</submittedBy></source><imagesize><nrows>3200</nrows><ncols>4800</ncols></imagesize><object><name>m1_s05_138_p_ic066</name><deleted>0</deleted><verified>0</verified><occluded>no</occluded><attributes></attributes><parts><hasparts></hasparts><ispartof></ispartof></parts><date>21-08-20 22:45:22:802</date><id>0</id><type>bounding_box</type><polygon><username>anonymous</username><pt><x>1683</x><y>2923</y><time>21-08-20 22:45:16:127</time></pt><pt><x>3380</x><y>2923</y><time>21-08-20 22:45:19:017</time></pt><pt><x>3380</x><y>824</y><time>undefined</time></pt><pt><x>1683</x><y>824</y><time>undefined</time></pt><closed_date>21-08-20 22:45:19:017</closed_date></polygon></object></annotation>