<annotation><filename>m1_s05_115_p_ic089.jpg</filename><folder>users/joselusava//jacob/sala5_115_ic</folder><source><submittedBy>Jose Saca</submittedBy></source><imagesize><nrows>3200</nrows><ncols>4796</ncols></imagesize><object><name>m1_s05_115_p_ic089</name><deleted>0</deleted><verified>0</verified><occluded>no</occluded><attributes></attributes><parts><hasparts></hasparts><ispartof></ispartof></parts><date>30-08-20 21:31:48:241</date><id>0</id><type>bounding_box</type><polygon><username>anonymous</username><pt><x>1637</x><y>804</y><time>30-08-20 21:31:46:473</time></pt><pt><x>3035</x><y>804</y><time>30-08-20 21:31:47:519</time></pt><pt><x>3035</x><y>2518</y><time>undefined</time></pt><pt><x>1637</x><y>2518</y><time>undefined</time></pt><closed_date>30-08-20 21:31:47:519</closed_date></polygon></object></annotation>