<annotation><filename>img_m1_s10_303_p_ic073.jpg</filename><folder>users/joselusava//santiago</folder><source><submittedBy>Jose Saca</submittedBy></source><imagesize><nrows>3200</nrows><ncols>4800</ncols></imagesize><object><name>m1_s10_303_p_ic073</name><deleted>0</deleted><verified>0</verified><occluded>no</occluded><attributes></attributes><parts><hasparts></hasparts><ispartof></ispartof></parts><date>01-09-20 10:19:26:818</date><id>0</id><type>bounding_box</type><polygon><username>anonymous</username><pt><x>1116</x><y>950</y><time>01-09-20 10:19:14:345</time></pt><pt><x>3502</x><y>950</y><time>01-09-20 10:19:19:752</time></pt><pt><x>3502</x><y>2387</y><time>undefined</time></pt><pt><x>1116</x><y>2387</y><time>undefined</time></pt><closed_date>01-09-20 10:19:19:754</closed_date></polygon></object></annotation>