<annotation><filename>m1_s07_194_p_ic059.jpg</filename><folder>users/joselusava//santiago</folder><source><submittedBy>Jose Saca</submittedBy></source><imagesize><nrows>3200</nrows><ncols>4800</ncols></imagesize><object><name>m1_s07_194_p_ic059</name><deleted>0</deleted><verified>0</verified><occluded>no</occluded><attributes></attributes><parts><hasparts></hasparts><ispartof></ispartof></parts><date>22-08-20 16:18:23:735</date><id>0</id><type>bounding_box</type><polygon><username>anonymous</username><pt><x>1915</x><y>72</y><time>22-08-20 16:18:07:796</time></pt><pt><x>3232</x><y>72</y><time>22-08-20 16:18:14:045</time></pt><pt><x>3232</x><y>3168</y><time>undefined</time></pt><pt><x>1915</x><y>3168</y><time>undefined</time></pt><closed_date>22-08-20 16:18:14:046</closed_date></polygon></object></annotation>