<annotation><filename>m1_s07_194_p_nic078.jpg</filename><folder>users/joselusava//santiago</folder><source><submittedBy>Jose Saca</submittedBy></source><imagesize><nrows>3200</nrows><ncols>4800</ncols></imagesize><object><name>m1_s07_194_p_nic078</name><deleted>0</deleted><verified>0</verified><occluded>no</occluded><attributes></attributes><parts><hasparts></hasparts><ispartof></ispartof></parts><date>24-08-20 14:36:47:298</date><id>0</id><type>bounding_box</type><polygon><username>anonymous</username><pt><x>3178</x><y>418</y><time>24-08-20 14:36:39:658</time></pt><pt><x>4255</x><y>418</y><time>24-08-20 14:36:41:114</time></pt><pt><x>4255</x><y>2091</y><time>undefined</time></pt><pt><x>3178</x><y>2091</y><time>undefined</time></pt><closed_date>24-08-20 14:36:41:115</closed_date></polygon></object></annotation>