<annotation><filename>m1_s05_115_p_ic095.jpg</filename><folder>users/joselusava//jacob/sala5_115_ic</folder><source><submittedBy>Jose Saca</submittedBy></source><imagesize><nrows>3200</nrows><ncols>4796</ncols></imagesize><object><name>m1_s05_115_p_ic095</name><deleted>0</deleted><verified>0</verified><occluded>no</occluded><attributes></attributes><parts><hasparts></hasparts><ispartof></ispartof></parts><date>30-08-20 21:40:59:830</date><id>0</id><type>bounding_box</type><polygon><username>anonymous</username><pt><x>1206</x><y>2221</y><time>30-08-20 21:40:57:641</time></pt><pt><x>3370</x><y>2221</y><time>30-08-20 21:40:58:929</time></pt><pt><x>3370</x><y>948</y><time>undefined</time></pt><pt><x>1206</x><y>948</y><time>undefined</time></pt><closed_date>30-08-20 21:40:58:929</closed_date></polygon></object></annotation>