<annotation><filename>m1_s07_220_x.jpg</filename><folder>users/joselusava//santiago</folder><source><submittedBy>Jose Saca</submittedBy></source><imagesize><nrows>3200</nrows><ncols>4800</ncols></imagesize><object><name>m1_s07_220_x</name><deleted>0</deleted><verified>0</verified><occluded>no</occluded><attributes></attributes><parts><hasparts></hasparts><ispartof></ispartof></parts><date>24-08-20 20:36:37:657</date><id>0</id><type>bounding_box</type><polygon><username>anonymous</username><pt><x>889</x><y>382</y><time>24-08-20 20:36:26:292</time></pt><pt><x>3992</x><y>382</y><time>24-08-20 20:36:29:884</time></pt><pt><x>3992</x><y>2822</y><time>undefined</time></pt><pt><x>889</x><y>2822</y><time>undefined</time></pt><closed_date>24-08-20 20:36:29:886</closed_date></polygon></object></annotation>