<annotation><filename>m1_s07_194_p_nic058.jpg</filename><folder>users/joselusava//santiago</folder><source><submittedBy>Jose Saca</submittedBy></source><imagesize><nrows>3200</nrows><ncols>4800</ncols></imagesize><object><name>m1_s07_194_p_nic058</name><deleted>0</deleted><verified>0</verified><occluded>no</occluded><attributes></attributes><parts><hasparts></hasparts><ispartof></ispartof></parts><date>24-08-20 13:54:24:773</date><id>0</id><type>bounding_box</type><polygon><username>anonymous</username><pt><x>3490</x><y>389</y><time>24-08-20 13:54:12:909</time></pt><pt><x>4518</x><y>389</y><time>24-08-20 13:54:18:367</time></pt><pt><x>4518</x><y>2076</y><time>undefined</time></pt><pt><x>3490</x><y>2076</y><time>undefined</time></pt><closed_date>24-08-20 13:54:18:368</closed_date></polygon></object></annotation>