<annotation><filename>m1_s05_115_p_ic009.jpg</filename><folder>users/joselusava//jacob/sala5_115_ic</folder><source><submittedBy>Jose Saca</submittedBy></source><imagesize><nrows>3200</nrows><ncols>4796</ncols></imagesize><object><name>m1_s05_115_p_ic009</name><deleted>0</deleted><verified>0</verified><occluded>no</occluded><attributes></attributes><parts><hasparts></hasparts><ispartof></ispartof></parts><date>30-08-20 19:58:26:471</date><id>0</id><type>bounding_box</type><polygon><username>anonymous</username><pt><x>1264</x><y>2202</y><time>30-08-20 19:58:23:632</time></pt><pt><x>3207</x><y>2202</y><time>30-08-20 19:58:25:643</time></pt><pt><x>3207</x><y>842</y><time>undefined</time></pt><pt><x>1264</x><y>842</y><time>undefined</time></pt><closed_date>30-08-20 19:58:25:644</closed_date></polygon></object></annotation>