<annotation><filename>m1_s05_121_x.jpg</filename><folder>users/joselusava//jacob/sala5_correccion</folder><source><submittedBy>Jose Saca</submittedBy></source><imagesize><nrows>3203</nrows><ncols>4800</ncols></imagesize><object><name>m1_s05_121_x</name><deleted>0</deleted><verified>0</verified><occluded>no</occluded><attributes></attributes><parts><hasparts></hasparts><ispartof></ispartof></parts><date>29-08-20 22:43:54:780</date><id>0</id><type>bounding_box</type><polygon><username>anonymous</username><pt><x>3947</x><y>2932</y><time>29-08-20 22:43:49:137</time></pt><pt><x>709</x><y>2932</y><time>29-08-20 22:43:51:308</time></pt><pt><x>709</x><y>220</y><time>undefined</time></pt><pt><x>3947</x><y>220</y><time>undefined</time></pt><closed_date>29-08-20 22:43:51:308</closed_date></polygon></object></annotation>