<annotation><filename>img_m1_s10_270_p_nic038.jpg</filename><folder>users/joselusava//santiago</folder><source><submittedBy>Jose Saca</submittedBy></source><imagesize><nrows>3200</nrows><ncols>4800</ncols></imagesize><object><name>m1_s10_270_p_nic038</name><deleted>0</deleted><verified>0</verified><occluded>no</occluded><attributes></attributes><parts><hasparts></hasparts><ispartof></ispartof></parts><date>27-08-20 13:46:59:473</date><id>0</id><type>bounding_box</type><polygon><username>anonymous</username><pt><x>266</x><y>1256</y><time>27-08-20 13:46:50:128</time></pt><pt><x>1724</x><y>1256</y><time>27-08-20 13:46:52:324</time></pt><pt><x>1724</x><y>2466</y><time>undefined</time></pt><pt><x>266</x><y>2466</y><time>undefined</time></pt><closed_date>27-08-20 13:46:52:326</closed_date></polygon></object></annotation>