<annotation><filename>img_m1_s10_270_p_nic042.jpg</filename><folder>users/joselusava//santiago</folder><source><submittedBy>Jose Saca</submittedBy></source><imagesize><nrows>3200</nrows><ncols>4800</ncols></imagesize><object><name>m1_s10_270_p_nic042</name><deleted>0</deleted><verified>0</verified><occluded>no</occluded><attributes></attributes><parts><hasparts></hasparts><ispartof></ispartof></parts><date>27-08-20 14:06:32:190</date><id>0</id><type>bounding_box</type><polygon><username>anonymous</username><pt><x>554</x><y>1659</y><time>27-08-20 14:06:20:213</time></pt><pt><x>1955</x><y>1659</y><time>27-08-20 14:06:24:182</time></pt><pt><x>1955</x><y>2869</y><time>undefined</time></pt><pt><x>554</x><y>2869</y><time>undefined</time></pt><closed_date>27-08-20 14:06:24:183</closed_date></polygon></object></annotation>