<annotation><filename>img_m1_s10_270_p_ic098.jpg</filename><folder>users/joselusava//santiago</folder><source><submittedBy>Jose Saca</submittedBy></source><imagesize><nrows>3200</nrows><ncols>4800</ncols></imagesize><object><name>m1_s10_270_p_ic098</name><deleted>0</deleted><verified>0</verified><occluded>no</occluded><attributes></attributes><parts><hasparts></hasparts><ispartof></ispartof></parts><date>27-08-20 12:12:46:034</date><id>0</id><type>bounding_box</type><polygon><username>anonymous</username><pt><x>709</x><y>637</y><time>27-08-20 12:12:34:377</time></pt><pt><x>3510</x><y>637</y><time>27-08-20 12:12:39:207</time></pt><pt><x>3510</x><y>2815</y><time>undefined</time></pt><pt><x>709</x><y>2815</y><time>undefined</time></pt><closed_date>27-08-20 12:12:39:209</closed_date></polygon></object></annotation>