<annotation><filename>m1_s07_194_p_nic043.jpg</filename><folder>users/joselusava//santiago</folder><source><submittedBy>Jose Saca</submittedBy></source><imagesize><nrows>3200</nrows><ncols>4800</ncols></imagesize><object><name>m1_s07_194_p_nic043</name><deleted>0</deleted><verified>0</verified><occluded>no</occluded><attributes></attributes><parts><hasparts></hasparts><ispartof></ispartof></parts><date>24-08-20 13:30:58:437</date><id>0</id><type>bounding_box</type><polygon><username>anonymous</username><pt><x>2293</x><y>1487</y><time>24-08-20 13:30:48:532</time></pt><pt><x>3369</x><y>1487</y><time>24-08-20 13:30:51:096</time></pt><pt><x>3369</x><y>2988</y><time>undefined</time></pt><pt><x>2293</x><y>2988</y><time>undefined</time></pt><closed_date>24-08-20 13:30:51:098</closed_date></polygon></object></annotation>