<annotation><filename>m1_s05_132_x.jpg</filename><folder>users/joselusava//jacob/sala5</folder><source><submittedBy>Jose Saca</submittedBy></source><imagesize><nrows>3200</nrows><ncols>4800</ncols></imagesize><object><name>m1_s05_132_x</name><deleted>0</deleted><verified>0</verified><occluded>no</occluded><attributes></attributes><parts><hasparts></hasparts><ispartof></ispartof></parts><date>25-08-20 18:20:11:392</date><id>0</id><type>bounding_box</type><polygon><username>anonymous</username><pt><x>3941</x><y>2383</y><time>25-08-20 18:20:08:311</time></pt><pt><x>935</x><y>2383</y><time>25-08-20 18:20:10:172</time></pt><pt><x>935</x><y>797</y><time>undefined</time></pt><pt><x>3941</x><y>797</y><time>undefined</time></pt><closed_date>25-08-20 18:20:10:173</closed_date></polygon></object></annotation>