<annotation><filename>img_m1_s10_303_p_ic002.jpg</filename><folder>users/joselusava//santiago</folder><source><submittedBy>Jose Saca</submittedBy></source><imagesize><nrows>3200</nrows><ncols>4800</ncols></imagesize><object><name>m1_s10_303_p_ic002</name><deleted>0</deleted><verified>0</verified><occluded>no</occluded><attributes></attributes><parts><hasparts></hasparts><ispartof></ispartof></parts><date>31-08-20 11:31:59:865</date><id>0</id><type>bounding_box</type><polygon><username>anonymous</username><pt><x>1515</x><y>691</y><time>31-08-20 11:31:47:667</time></pt><pt><x>3463</x><y>691</y><time>31-08-20 11:31:52:732</time></pt><pt><x>3463</x><y>2304</y><time>undefined</time></pt><pt><x>1515</x><y>2304</y><time>undefined</time></pt><closed_date>31-08-20 11:31:52:732</closed_date></polygon></object></annotation>