<annotation><filename>img_m1_s10_270_p_nic081.jpg</filename><folder>users/joselusava//santiago</folder><source><submittedBy>Jose Saca</submittedBy></source><imagesize><nrows>3200</nrows><ncols>4800</ncols></imagesize><object><name>m1_s10_270_p_nic081</name><deleted>0</deleted><verified>0</verified><occluded>no</occluded><attributes></attributes><parts><hasparts></hasparts><ispartof></ispartof></parts><date>28-08-20 14:30:56:180</date><id>0</id><type>bounding_box</type><polygon><username>anonymous</username><pt><x>2826</x><y>378</y><time>28-08-20 14:30:44:546</time></pt><pt><x>4219</x><y>378</y><time>28-08-20 14:30:47:759</time></pt><pt><x>4219</x><y>1605</y><time>undefined</time></pt><pt><x>2826</x><y>1605</y><time>undefined</time></pt><closed_date>28-08-20 14:30:47:761</closed_date></polygon></object></annotation>