<annotation><filename>img_m1_s10_270_p_nic058.jpg</filename><folder>users/joselusava//santiago</folder><source><submittedBy>Jose Saca</submittedBy></source><imagesize><nrows>3200</nrows><ncols>4800</ncols></imagesize><object><name>m1_s10_270_p_nic058</name><deleted>0</deleted><verified>0</verified><occluded>no</occluded><attributes></attributes><parts><hasparts></hasparts><ispartof></ispartof></parts><date>27-08-20 14:35:54:492</date><id>0</id><type>bounding_box</type><polygon><username>anonymous</username><pt><x>2887</x><y>576</y><time>27-08-20 14:35:39:341</time></pt><pt><x>4341</x><y>576</y><time>27-08-20 14:35:48:234</time></pt><pt><x>4341</x><y>1879</y><time>undefined</time></pt><pt><x>2887</x><y>1879</y><time>undefined</time></pt><closed_date>27-08-20 14:35:48:236</closed_date></polygon></object></annotation>