<annotation><filename>m1_s05_138_p_nic003.jpg</filename><folder>users/joselusava//jacob/138</folder><source><submittedBy>Jose Saca</submittedBy></source><imagesize><nrows>3200</nrows><ncols>4800</ncols></imagesize><object><name>m1_s05_138_p_nic003</name><deleted>0</deleted><verified>0</verified><occluded>no</occluded><attributes></attributes><parts><hasparts></hasparts><ispartof></ispartof></parts><date>23-08-20 23:24:02:274</date><id>0</id><type>bounding_box</type><polygon><username>anonymous</username><pt><x>4135</x><y>1489</y><time>23-08-20 23:23:54:719</time></pt><pt><x>3373</x><y>1489</y><time>23-08-20 23:23:57:182</time></pt><pt><x>3373</x><y>2424</y><time>undefined</time></pt><pt><x>4135</x><y>2424</y><time>undefined</time></pt><closed_date>23-08-20 23:23:57:182</closed_date></polygon></object></annotation>