<annotation><filename>m1_s07_194_p_ic037.jpg</filename><folder>users/joselusava//santiago</folder><source><submittedBy>Jose Saca</submittedBy></source><imagesize><nrows>3200</nrows><ncols>4800</ncols></imagesize><object><name>m1_s07_194_p_ic037</name><deleted>0</deleted><verified>0</verified><occluded>no</occluded><attributes></attributes><parts><hasparts></hasparts><ispartof></ispartof></parts><date>21-08-20 18:20:15:821</date><id>0</id><type>bounding_box</type><polygon><username>anonymous</username><pt><x>1213</x><y>112</y><time>21-08-20 18:20:01:799</time></pt><pt><x>2991</x><y>112</y><time>21-08-20 18:20:05:921</time></pt><pt><x>2991</x><y>3027</y><time>undefined</time></pt><pt><x>1213</x><y>3027</y><time>undefined</time></pt><closed_date>21-08-20 18:20:05:923</closed_date></polygon></object></annotation>