<annotation><filename>m1_s05_138_p_ic031.jpg</filename><folder>users/joselusava//jacob</folder><source><submittedBy>Jose Saca</submittedBy></source><imagesize><nrows>3200</nrows><ncols>4800</ncols></imagesize><object><name>m1_s05_138_p_ic031</name><deleted>0</deleted><verified>0</verified><occluded>no</occluded><attributes></attributes><parts><hasparts></hasparts><ispartof></ispartof></parts><date>21-08-20 20:06:20:045</date><id>0</id><type>bounding_box</type><polygon><username>anonymous</username><pt><x>2784</x><y>478</y><time>21-08-20 20:06:12:765</time></pt><pt><x>1718</x><y>478</y><time>21-08-20 20:06:16:328</time></pt><pt><x>1718</x><y>2777</y><time>undefined</time></pt><pt><x>2784</x><y>2777</y><time>undefined</time></pt><closed_date>21-08-20 20:06:16:328</closed_date></polygon></object></annotation>