<annotation><filename>m1_s07_194_p_nic028.jpg</filename><folder>users/joselusava//santiago</folder><source><submittedBy>Jose Saca</submittedBy></source><imagesize><nrows>3200</nrows><ncols>4800</ncols></imagesize><object><name>m1_s07_194_p_nic028</name><deleted>0</deleted><verified>0</verified><occluded>no</occluded><attributes></attributes><parts><hasparts></hasparts><ispartof></ispartof></parts><date>24-08-20 12:51:13:743</date><id>0</id><type>bounding_box</type><polygon><username>anonymous</username><pt><x>3330</x><y>160</y><time>24-08-20 12:51:04:367</time></pt><pt><x>4183</x><y>160</y><time>24-08-20 12:51:06:681</time></pt><pt><x>4183</x><y>1821</y><time>undefined</time></pt><pt><x>3330</x><y>1821</y><time>undefined</time></pt><closed_date>24-08-20 12:51:06:682</closed_date></polygon></object></annotation>