<annotation><filename>img_m1_s10_270_p_ic080.jpg</filename><folder>users/joselusava//santiago</folder><source><submittedBy>Jose Saca</submittedBy></source><imagesize><nrows>3200</nrows><ncols>4800</ncols></imagesize><object><name>m1_s10_270_p_ic080</name><deleted>0</deleted><verified>0</verified><occluded>no</occluded><attributes></attributes><parts><hasparts></hasparts><ispartof></ispartof></parts><date>27-08-20 11:36:40:632</date><id>0</id><type>bounding_box</type><polygon><username>anonymous</username><pt><x>972</x><y>457</y><time>27-08-20 11:36:29:219</time></pt><pt><x>3801</x><y>457</y><time>27-08-20 11:36:33:169</time></pt><pt><x>3801</x><y>2548</y><time>undefined</time></pt><pt><x>972</x><y>2548</y><time>undefined</time></pt><closed_date>27-08-20 11:36:33:171</closed_date></polygon></object></annotation>