<annotation><filename>img_m1_s01_270_p_ic047.jpg</filename><folder>users/joselusava//santiago</folder><source><submittedBy>Jose Saca</submittedBy></source><imagesize><nrows>3200</nrows><ncols>4800</ncols></imagesize><object><name>m1_s10_270_p_ic047</name><deleted>0</deleted><verified>0</verified><occluded>no</occluded><attributes></attributes><parts><hasparts></hasparts><ispartof></ispartof></parts><date>26-08-20 21:42:54:393</date><id>0</id><type>bounding_box</type><polygon><username>anonymous</username><pt><x>885</x><y>713</y><time>26-08-20 21:42:43:627</time></pt><pt><x>3402</x><y>713</y><time>26-08-20 21:42:47:114</time></pt><pt><x>3402</x><y>2401</y><time>undefined</time></pt><pt><x>885</x><y>2401</y><time>undefined</time></pt><closed_date>26-08-20 21:42:47:115</closed_date></polygon></object></annotation>