<annotation><filename>img_m1_s10_303_p_ic009.jpg</filename><folder>users/joselusava//santiago</folder><source><submittedBy>Jose Saca</submittedBy></source><imagesize><nrows>3200</nrows><ncols>4800</ncols></imagesize><object><name>m1_s10_303_p_ic009</name><deleted>0</deleted><verified>0</verified><occluded>no</occluded><attributes></attributes><parts><hasparts></hasparts><ispartof></ispartof></parts><date>31-08-20 11:44:17:701</date><id>0</id><type>bounding_box</type><polygon><username>anonymous</username><pt><x>936</x><y>1029</y><time>31-08-20 11:44:04:508</time></pt><pt><x>3531</x><y>1029</y><time>31-08-20 11:44:07:064</time></pt><pt><x>3531</x><y>2196</y><time>undefined</time></pt><pt><x>936</x><y>2196</y><time>undefined</time></pt><closed_date>31-08-20 11:44:07:066</closed_date></polygon></object></annotation>