<annotation><filename>m1_s07_219_x.jpg</filename><folder>users/joselusava//santiago</folder><source><submittedBy>Jose Saca</submittedBy></source><imagesize><nrows>3200</nrows><ncols>4800</ncols></imagesize><object><name>m1_s07_219_x</name><deleted>0</deleted><verified>0</verified><occluded>no</occluded><attributes></attributes><parts><hasparts></hasparts><ispartof></ispartof></parts><date>24-08-20 16:53:14:170</date><id>0</id><type>bounding_box</type><polygon><username>anonymous</username><pt><x>846</x><y>446</y><time>24-08-20 16:53:03:309</time></pt><pt><x>3848</x><y>446</y><time>24-08-20 16:53:05:677</time></pt><pt><x>3848</x><y>2697</y><time>undefined</time></pt><pt><x>846</x><y>2697</y><time>undefined</time></pt><closed_date>24-08-20 16:53:05:679</closed_date></polygon></object></annotation>