<annotation><filename>m1_s05_138_p_ic048.jpg</filename><folder>users/joselusava//jacob</folder><source><submittedBy>Jose Saca</submittedBy></source><imagesize><nrows>3200</nrows><ncols>4800</ncols></imagesize><object><name>m1_s05_138_p_ic048</name><deleted>0</deleted><verified>0</verified><occluded>no</occluded><attributes></attributes><parts><hasparts></hasparts><ispartof></ispartof></parts><date>21-08-20 23:00:50:942</date><id>0</id><type>bounding_box</type><polygon><username>anonymous</username><pt><x>1226</x><y>478</y><time>21-08-20 23:00:38:217</time></pt><pt><x>3248</x><y>478</y><time>21-08-20 23:00:45:279</time></pt><pt><x>3248</x><y>2743</y><time>undefined</time></pt><pt><x>1226</x><y>2743</y><time>undefined</time></pt><closed_date>21-08-20 23:00:45:280</closed_date></polygon></object></annotation>