<annotation><filename>m1_s07_194_p_ic023.jpg</filename><folder>users/joselusava//santiago</folder><source><submittedBy>Jose Saca</submittedBy></source><imagesize><nrows>3200</nrows><ncols>4800</ncols></imagesize><object><name>m1_s07_194_p_ic023</name><deleted>0</deleted><verified>0</verified><occluded>no</occluded><attributes></attributes><parts><hasparts></hasparts><ispartof></ispartof></parts><date>21-08-20 13:48:48:674</date><id>0</id><type>bounding_box</type><polygon><username>anonymous</username><pt><x>1787</x><y>305</y><time>21-08-20 13:48:30:724</time></pt><pt><x>3219</x><y>305</y><time>21-08-20 13:48:36:751</time></pt><pt><x>3219</x><y>2930</y><time>undefined</time></pt><pt><x>1787</x><y>2930</y><time>undefined</time></pt><closed_date>21-08-20 13:48:36:752</closed_date></polygon></object></annotation>