<annotation><filename>m1_s07_194_p_nic055.jpg</filename><folder>users/joselusava//santiago</folder><source><submittedBy>Jose Saca</submittedBy></source><imagesize><nrows>3200</nrows><ncols>4800</ncols></imagesize><object><name>m1_s07_194_p_nic055</name><deleted>0</deleted><verified>0</verified><occluded>no</occluded><attributes></attributes><parts><hasparts></hasparts><ispartof></ispartof></parts><date>24-08-20 13:49:46:133</date><id>0</id><type>bounding_box</type><polygon><username>anonymous</username><pt><x>2613</x><y>252</y><time>24-08-20 13:49:33:845</time></pt><pt><x>3751</x><y>252</y><time>24-08-20 13:49:37:227</time></pt><pt><x>3751</x><y>1803</y><time>undefined</time></pt><pt><x>2613</x><y>1803</y><time>undefined</time></pt><closed_date>24-08-20 13:49:37:228</closed_date></polygon></object></annotation>