<annotation><filename>m1_s05_138_p_ic051.jpg</filename><folder>users/joselusava//jacob</folder><source><submittedBy>Jose Saca</submittedBy></source><imagesize><nrows>3200</nrows><ncols>4800</ncols></imagesize><object><name>m1_s05_138_p_ic050</name><deleted>0</deleted><verified>0</verified><occluded>no</occluded><attributes></attributes><parts><hasparts></hasparts><ispartof></ispartof></parts><date>21-08-20 22:26:30:818</date><id>0</id><type>bounding_box</type><polygon><username>anonymous</username><pt><x>1094</x><y>111</y><time>21-08-20 22:26:23:870</time></pt><pt><x>3255</x><y>111</y><time>21-08-20 22:26:26:760</time></pt><pt><x>3255</x><y>2570</y><time>undefined</time></pt><pt><x>1094</x><y>2570</y><time>undefined</time></pt><closed_date>21-08-20 22:26:26:760</closed_date></polygon></object></annotation>