<annotation><filename>m1_s05_115_p_nic083.jpg</filename><folder>users/joselusava//jacob/sala5_115_nic</folder><source><submittedBy>Jose Saca</submittedBy></source><imagesize><nrows>3200</nrows><ncols>4796</ncols></imagesize><object><name>m1_s05_115_p_nic083</name><deleted>0</deleted><verified>0</verified><occluded>no</occluded><attributes></attributes><parts><hasparts></hasparts><ispartof></ispartof></parts><date>31-08-20 00:00:19:406</date><id>0</id><type>bounding_box</type><polygon><username>anonymous</username><pt><x>574</x><y>2834</y><time>31-08-20 00:00:15:772</time></pt><pt><x>1675</x><y>2834</y><time>31-08-20 00:00:18:593</time></pt><pt><x>1675</x><y>1867</y><time>undefined</time></pt><pt><x>574</x><y>1867</y><time>undefined</time></pt><closed_date>31-08-20 00:00:18:593</closed_date></polygon></object></annotation>