<annotation><filename>m1_s07_194_p_ic094.jpg</filename><folder>users/joselusava//santiago</folder><source><submittedBy>Jose Saca</submittedBy></source><imagesize><nrows>3200</nrows><ncols>4800</ncols></imagesize><object><name>m1_s07_194_p_ic094</name><deleted>0</deleted><verified>0</verified><occluded>no</occluded><attributes></attributes><parts><hasparts></hasparts><ispartof></ispartof></parts><date>22-08-20 17:45:30:623</date><id>0</id><type>bounding_box</type><polygon><username>anonymous</username><pt><x>1432</x><y>693</y><time>22-08-20 17:45:20:461</time></pt><pt><x>2747</x><y>693</y><time>22-08-20 17:45:23:384</time></pt><pt><x>2747</x><y>2918</y><time>undefined</time></pt><pt><x>1432</x><y>2918</y><time>undefined</time></pt><closed_date>22-08-20 17:45:23:385</closed_date></polygon></object></annotation>