<annotation><filename>m1_s05_115_p_nic064.jpg</filename><folder>users/joselusava//jacob/sala5_115_nic</folder><source><submittedBy>Jose Saca</submittedBy></source><imagesize><nrows>3200</nrows><ncols>4796</ncols></imagesize><object><name>m1_s05_115_p_nic064</name><deleted>0</deleted><verified>0</verified><occluded>no</occluded><attributes></attributes><parts><hasparts></hasparts><ispartof></ispartof></parts><date>30-08-20 23:50:03:408</date><id>0</id><type>bounding_box</type><polygon><username>anonymous</username><pt><x>2393</x><y>1953</y><time>30-08-20 23:50:01:460</time></pt><pt><x>3379</x><y>1953</y><time>30-08-20 23:50:02:612</time></pt><pt><x>3379</x><y>2939</y><time>undefined</time></pt><pt><x>2393</x><y>2939</y><time>undefined</time></pt><closed_date>30-08-20 23:50:02:612</closed_date></polygon></object></annotation>