<annotation><filename>img_m1_s10_270_p_nic084.jpg</filename><folder>users/joselusava//santiago</folder><source><submittedBy>Jose Saca</submittedBy></source><imagesize><nrows>3200</nrows><ncols>4800</ncols></imagesize><object><name>m1_s10_270_p_nic084</name><deleted>0</deleted><verified>0</verified><occluded>no</occluded><attributes></attributes><parts><hasparts></hasparts><ispartof></ispartof></parts><date>28-08-20 14:35:21:174</date><id>0</id><type>bounding_box</type><polygon><username>anonymous</username><pt><x>2491</x><y>349</y><time>28-08-20 14:35:12:337</time></pt><pt><x>4100</x><y>349</y><time>28-08-20 14:35:13:984</time></pt><pt><x>4100</x><y>1649</y><time>undefined</time></pt><pt><x>2491</x><y>1649</y><time>undefined</time></pt><closed_date>28-08-20 14:35:13:985</closed_date></polygon></object></annotation>