<annotation><filename>m1_s05_115_p_nic001.jpg</filename><folder>users/joselusava//jacob/sala5_115_nic</folder><source><submittedBy>Jose Saca</submittedBy></source><imagesize><nrows>3200</nrows><ncols>4796</ncols></imagesize><object><name>m1_s05_115_p_nic001</name><deleted>0</deleted><verified>0</verified><occluded>no</occluded><attributes></attributes><parts><hasparts></hasparts><ispartof></ispartof></parts><date>30-08-20 21:46:25:521</date><id>0</id><type>bounding_box</type><polygon><username>anonymous</username><pt><x>2968</x><y>2786</y><time>30-08-20 21:46:22:423</time></pt><pt><x>4423</x><y>2786</y><time>30-08-20 21:46:24:738</time></pt><pt><x>4423</x><y>1714</y><time>undefined</time></pt><pt><x>2968</x><y>1714</y><time>undefined</time></pt><closed_date>30-08-20 21:46:24:738</closed_date></polygon></object></annotation>