<annotation><filename>img_m1_s10_270_p_nic011.jpg</filename><folder>users/joselusava//santiago</folder><source><submittedBy>Jose Saca</submittedBy></source><imagesize><nrows>3200</nrows><ncols>4800</ncols></imagesize><object><name>m1_s10_270_p_nic011</name><deleted>0</deleted><verified>0</verified><occluded>no</occluded><attributes></attributes><parts><hasparts></hasparts><ispartof></ispartof></parts><date>27-08-20 12:53:17:105</date><id>0</id><type>bounding_box</type><polygon><username>anonymous</username><pt><x>756</x><y>475</y><time>27-08-20 12:53:06:867</time></pt><pt><x>2584</x><y>475</y><time>27-08-20 12:53:09:412</time></pt><pt><x>2584</x><y>1836</y><time>undefined</time></pt><pt><x>756</x><y>1836</y><time>undefined</time></pt><closed_date>27-08-20 12:53:09:414</closed_date></polygon></object></annotation>