<annotation><filename>m1_s05_138_p_ic025.jpg</filename><folder>users/joselusava//jacob</folder><source><submittedBy>Jose Saca</submittedBy></source><imagesize><nrows>3200</nrows><ncols>4800</ncols></imagesize><object><name>m1_s05_138_p_ic025</name><deleted>0</deleted><verified>0</verified><occluded>no</occluded><attributes></attributes><parts><hasparts></hasparts><ispartof></ispartof></parts><date>21-08-20 18:32:02:035</date><id>0</id><type>bounding_box</type><polygon><username>anonymous</username><pt><x>1503</x><y>2480</y><time>21-08-20 18:31:54:785</time></pt><pt><x>2784</x><y>2480</y><time>21-08-20 18:31:58:104</time></pt><pt><x>2784</x><y>423</y><time>undefined</time></pt><pt><x>1503</x><y>423</y><time>undefined</time></pt><closed_date>21-08-20 18:31:58:104</closed_date></polygon></object></annotation>