<annotation><filename>m1_s05_138_p_nic048.jpg</filename><folder>users/joselusava//jacob/138</folder><source><submittedBy>Jose Saca</submittedBy></source><imagesize><nrows>3200</nrows><ncols>4800</ncols></imagesize><object><name>m1_s05_138_p_nic048</name><deleted>0</deleted><verified>0</verified><occluded>no</occluded><attributes></attributes><parts><hasparts></hasparts><ispartof></ispartof></parts><date>23-08-20 23:45:29:985</date><id>0</id><type>bounding_box</type><polygon><username>anonymous</username><pt><x>3248</x><y>1686</y><time>23-08-20 23:45:26:531</time></pt><pt><x>2165</x><y>1686</y><time>23-08-20 23:45:28:486</time></pt><pt><x>2165</x><y>192</y><time>undefined</time></pt><pt><x>3248</x><y>192</y><time>undefined</time></pt><closed_date>23-08-20 23:45:28:486</closed_date></polygon></object></annotation>