<annotation><filename>m1_s07_194_p_ic050.jpg</filename><folder>users/joselusava//santiago</folder><source><submittedBy>Jose Saca</submittedBy></source><imagesize><nrows>3200</nrows><ncols>4800</ncols></imagesize><object><name>m1_s07_194_p_ic050</name><deleted>0</deleted><verified>0</verified><occluded>no</occluded><attributes></attributes><parts><hasparts></hasparts><ispartof></ispartof></parts><date>21-08-20 19:15:35:725</date><id>0</id><type>bounding_box</type><polygon><username>anonymous</username><pt><x>1591</x><y>94</y><time>21-08-20 19:15:18:353</time></pt><pt><x>3369</x><y>94</y><time>21-08-20 19:15:23:690</time></pt><pt><x>3369</x><y>2998</y><time>undefined</time></pt><pt><x>1591</x><y>2998</y><time>undefined</time></pt><closed_date>21-08-20 19:15:23:691</closed_date></polygon></object></annotation>