<annotation><filename>img_m1_s10_303_p_ic003.jpg</filename><folder>users/joselusava//santiago</folder><source><submittedBy>Jose Saca</submittedBy></source><imagesize><nrows>3200</nrows><ncols>4800</ncols></imagesize><object><name>m1_s10_303_p_ic003</name><deleted>0</deleted><verified>0</verified><occluded>no</occluded><attributes></attributes><parts><hasparts></hasparts><ispartof></ispartof></parts><date>31-08-20 11:33:22:820</date><id>0</id><type>bounding_box</type><polygon><username>anonymous</username><pt><x>1505</x><y>900</y><time>31-08-20 11:33:12:461</time></pt><pt><x>3488</x><y>900</y><time>31-08-20 11:33:14:702</time></pt><pt><x>3488</x><y>2181</y><time>undefined</time></pt><pt><x>1505</x><y>2181</y><time>undefined</time></pt><closed_date>31-08-20 11:33:14:703</closed_date></polygon></object></annotation>