<annotation><filename>img_m1_s01_270_p_ic060.jpg</filename><folder>users/joselusava//santiago</folder><source><submittedBy>Jose Saca</submittedBy></source><imagesize><nrows>3200</nrows><ncols>4800</ncols></imagesize><object><name>m1_s10_270_p_ic060</name><deleted>0</deleted><verified>0</verified><occluded>no</occluded><attributes></attributes><parts><hasparts></hasparts><ispartof></ispartof></parts><date>26-08-20 22:19:16:262</date><id>0</id><type>bounding_box</type><polygon><username>anonymous</username><pt><x>993</x><y>986</y><time>26-08-20 22:19:02:531</time></pt><pt><x>3031</x><y>986</y><time>26-08-20 22:19:04:817</time></pt><pt><x>3031</x><y>2494</y><time>undefined</time></pt><pt><x>993</x><y>2494</y><time>undefined</time></pt><closed_date>26-08-20 22:19:04:818</closed_date></polygon></object></annotation>