<annotation><filename>img_m1_s10_270_p_nic070.jpg</filename><folder>users/joselusava//santiago</folder><source><submittedBy>Jose Saca</submittedBy></source><imagesize><nrows>3200</nrows><ncols>4800</ncols></imagesize><object><name>m1_s10_270_p_nic070</name><deleted>0</deleted><verified>0</verified><occluded>no</occluded><attributes></attributes><parts><hasparts></hasparts><ispartof></ispartof></parts><date>28-08-20 14:07:16:332</date><id>0</id><type>bounding_box</type><polygon><username>anonymous</username><pt><x>346</x><y>1580</y><time>28-08-20 14:07:04:174</time></pt><pt><x>1706</x><y>1580</y><time>28-08-20 14:07:08:276</time></pt><pt><x>1706</x><y>2894</y><time>undefined</time></pt><pt><x>346</x><y>2894</y><time>undefined</time></pt><closed_date>28-08-20 14:07:08:277</closed_date></polygon></object></annotation>