<annotation><filename>m1_s05_138_p_nic018.jpg</filename><folder>users/joselusava//jacob/138</folder><source><submittedBy>Jose Saca</submittedBy></source><imagesize><nrows>3200</nrows><ncols>4800</ncols></imagesize><object><name>m1_s05_138_p_nic018</name><deleted>0</deleted><verified>0</verified><occluded>no</occluded><attributes></attributes><parts><hasparts></hasparts><ispartof></ispartof></parts><date>23-08-20 23:31:37:305</date><id>0</id><type>bounding_box</type><polygon><username>anonymous</username><pt><x>3983</x><y>3006</y><time>23-08-20 23:31:31:840</time></pt><pt><x>3207</x><y>3006</y><time>23-08-20 23:31:34:167</time></pt><pt><x>3207</x><y>2085</y><time>undefined</time></pt><pt><x>3983</x><y>2085</y><time>undefined</time></pt><closed_date>23-08-20 23:31:34:168</closed_date></polygon></object></annotation>