<annotation><filename>img_m1_s10_303_p_ic035.jpg</filename><folder>users/joselusava//santiago</folder><source><submittedBy>Jose Saca</submittedBy></source><imagesize><nrows>3200</nrows><ncols>4800</ncols></imagesize><object><name>m1_s10_303_p_ic035</name><deleted>0</deleted><verified>0</verified><occluded>no</occluded><attributes></attributes><parts><hasparts></hasparts><ispartof></ispartof></parts><date>31-08-20 13:10:43:552</date><id>0</id><type>bounding_box</type><polygon><username>anonymous</username><pt><x>1083</x><y>1065</y><time>31-08-20 13:10:33:846</time></pt><pt><x>3135</x><y>1065</y><time>31-08-20 13:10:35:951</time></pt><pt><x>3135</x><y>2257</y><time>undefined</time></pt><pt><x>1083</x><y>2257</y><time>undefined</time></pt><closed_date>31-08-20 13:10:35:953</closed_date></polygon></object></annotation>