<annotation><filename>m1_s05_130_x.jpg</filename><folder>users/joselusava//jacob/sala5</folder><source><submittedBy>Jose Saca</submittedBy></source><imagesize><nrows>3200</nrows><ncols>4800</ncols></imagesize><object><name>m1_s05_130_x</name><deleted>0</deleted><verified>0</verified><occluded>no</occluded><attributes></attributes><parts><hasparts></hasparts><ispartof></ispartof></parts><date>25-08-20 18:19:17:582</date><id>0</id><type>bounding_box</type><polygon><username>anonymous</username><pt><x>3796</x><y>125</y><time>25-08-20 18:19:12:955</time></pt><pt><x>734</x><y>125</y><time>25-08-20 18:19:16:163</time></pt><pt><x>734</x><y>2757</y><time>undefined</time></pt><pt><x>3796</x><y>2757</y><time>undefined</time></pt><closed_date>25-08-20 18:19:16:164</closed_date></polygon></object></annotation>