<annotation><filename>img_m1_s10_270_p_ic015.jpg</filename><folder>users/joselusava//santiago</folder><source><submittedBy>Jose Saca</submittedBy></source><imagesize><nrows>3200</nrows><ncols>4800</ncols></imagesize><object><name>m1_s10_270_p_ic015</name><deleted>0</deleted><verified>0</verified><occluded>no</occluded><attributes></attributes><parts><hasparts></hasparts><ispartof></ispartof></parts><date>26-08-20 18:40:38:642</date><id>0</id><type>bounding_box</type><polygon><username>anonymous</username><pt><x>756</x><y>468</y><time>26-08-20 18:40:26:996</time></pt><pt><x>3614</x><y>468</y><time>26-08-20 18:40:31:676</time></pt><pt><x>3614</x><y>2692</y><time>undefined</time></pt><pt><x>756</x><y>2692</y><time>undefined</time></pt><closed_date>26-08-20 18:40:31:676</closed_date></polygon></object></annotation>