<annotation><filename>img_m1_s10_303_p_ic040.jpg</filename><folder>users/joselusava//santiago</folder><source><submittedBy>Jose Saca</submittedBy></source><imagesize><nrows>3200</nrows><ncols>4800</ncols></imagesize><object><name>m1_s10_303_p_ic040</name><deleted>0</deleted><verified>0</verified><occluded>no</occluded><attributes></attributes><parts><hasparts></hasparts><ispartof></ispartof></parts><date>31-08-20 13:31:07:690</date><id>0</id><type>bounding_box</type><polygon><username>anonymous</username><pt><x>1238</x><y>1353</y><time>31-08-20 13:30:55:927</time></pt><pt><x>3513</x><y>1353</y><time>31-08-20 13:30:58:030</time></pt><pt><x>3513</x><y>2387</y><time>undefined</time></pt><pt><x>1238</x><y>2387</y><time>undefined</time></pt><closed_date>31-08-20 13:30:58:031</closed_date></polygon></object></annotation>