<annotation><filename>m1_s07_194_p_nic099.jpg</filename><folder>users/joselusava//santiago</folder><source><submittedBy>Jose Saca</submittedBy></source><imagesize><nrows>3200</nrows><ncols>4800</ncols></imagesize><object><name>m1_s07_194_p_nic099</name><deleted>0</deleted><verified>0</verified><occluded>no</occluded><attributes></attributes><parts><hasparts></hasparts><ispartof></ispartof></parts><date>24-08-20 15:27:48:599</date><id>0</id><type>bounding_box</type><polygon><username>anonymous</username><pt><x>613</x><y>1238</y><time>24-08-20 15:27:38:012</time></pt><pt><x>1684</x><y>1238</y><time>24-08-20 15:27:40:362</time></pt><pt><x>1684</x><y>2777</y><time>undefined</time></pt><pt><x>613</x><y>2777</y><time>undefined</time></pt><closed_date>24-08-20 15:27:40:364</closed_date></polygon></object></annotation>