<annotation><filename>m1_s05_138_p_nic027.jpg</filename><folder>users/joselusava//jacob/138</folder><source><submittedBy>Jose Saca</submittedBy></source><imagesize><nrows>3200</nrows><ncols>4800</ncols></imagesize><object><name>m1_s05_138_p_nic027</name><deleted>0</deleted><verified>0</verified><occluded>no</occluded><attributes></attributes><parts><hasparts></hasparts><ispartof></ispartof></parts><date>23-08-20 23:35:47:538</date><id>0</id><type>bounding_box</type><polygon><username>anonymous</username><pt><x>3786</x><y>665</y><time>23-08-20 23:35:43:333</time></pt><pt><x>4396</x><y>665</y><time>23-08-20 23:35:45:035</time></pt><pt><x>4396</x><y>1616</y><time>undefined</time></pt><pt><x>3786</x><y>1616</y><time>undefined</time></pt><closed_date>23-08-20 23:35:45:035</closed_date></polygon></object></annotation>