<annotation><filename>img_m1_s10_270_p_ic075.jpg</filename><folder>users/joselusava//santiago</folder><source><submittedBy>Jose Saca</submittedBy></source><imagesize><nrows>3200</nrows><ncols>4800</ncols></imagesize><object><name>m1_s10_270_p_ic075</name><deleted>0</deleted><verified>0</verified><occluded>no</occluded><attributes></attributes><parts><hasparts></hasparts><ispartof></ispartof></parts><date>27-08-20 11:25:32:302</date><id>0</id><type>bounding_box</type><polygon><username>anonymous</username><pt><x>594</x><y>446</y><time>27-08-20 11:25:11:015</time></pt><pt><x>3268</x><y>446</y><time>27-08-20 11:25:14:001</time></pt><pt><x>3268</x><y>2509</y><time>undefined</time></pt><pt><x>594</x><y>2509</y><time>undefined</time></pt><closed_date>27-08-20 11:25:14:002</closed_date></polygon></object></annotation>