<annotation><filename>m1_s07_209_x.jpg</filename><folder>users/joselusava//santiago</folder><source><submittedBy>Jose Saca</submittedBy></source><imagesize><nrows>3200</nrows><ncols>4800</ncols></imagesize><object><name>m1_s07_209_x</name><deleted>0</deleted><verified>0</verified><occluded>no</occluded><attributes></attributes><parts><hasparts></hasparts><ispartof></ispartof></parts><date>24-08-20 16:32:15:589</date><id>0</id><type>bounding_box</type><polygon><username>anonymous</username><pt><x>731</x><y>313</y><time>24-08-20 16:32:01:959</time></pt><pt><x>3715</x><y>313</y><time>24-08-20 16:32:06:620</time></pt><pt><x>3715</x><y>2988</y><time>undefined</time></pt><pt><x>731</x><y>2988</y><time>undefined</time></pt><closed_date>24-08-20 16:32:06:622</closed_date></polygon></object></annotation>