<annotation><filename>m1_s07_194_p_nic066.jpg</filename><folder>users/joselusava//santiago</folder><source><submittedBy>Jose Saca</submittedBy></source><imagesize><nrows>3200</nrows><ncols>4800</ncols></imagesize><object><name>m1_s07_194_p_nic066</name><deleted>0</deleted><verified>0</verified><occluded>no</occluded><attributes></attributes><parts><hasparts></hasparts><ispartof></ispartof></parts><date>24-08-20 14:19:01:727</date><id>0</id><type>bounding_box</type><polygon><username>anonymous</username><pt><x>1086</x><y>960</y><time>24-08-20 14:18:51:330</time></pt><pt><x>1878</x><y>960</y><time>24-08-20 14:18:53:171</time></pt><pt><x>1878</x><y>2891</y><time>undefined</time></pt><pt><x>1086</x><y>2891</y><time>undefined</time></pt><closed_date>24-08-20 14:18:53:172</closed_date></polygon></object></annotation>