<annotation><filename>img_m1_s10_270_p_ic070.jpg</filename><folder>users/joselusava//santiago</folder><source><submittedBy>Jose Saca</submittedBy></source><imagesize><nrows>3200</nrows><ncols>4800</ncols></imagesize><object><name>m1_s10_270_p_ic070</name><deleted>0</deleted><verified>0</verified><occluded>no</occluded><attributes></attributes><parts><hasparts></hasparts><ispartof></ispartof></parts><date>26-08-20 23:45:33:895</date><id>0</id><type>bounding_box</type><polygon><username>anonymous</username><pt><x>965</x><y>554</y><time>26-08-20 23:45:14:131</time></pt><pt><x>3283</x><y>554</y><time>26-08-20 23:45:17:403</time></pt><pt><x>3283</x><y>2613</y><time>undefined</time></pt><pt><x>965</x><y>2613</y><time>undefined</time></pt><closed_date>26-08-20 23:45:17:403</closed_date></polygon></object></annotation>