<annotation><filename>img_m1_s10_303_p_ic052.jpg</filename><folder>users/joselusava//santiago</folder><source><submittedBy>Jose Saca</submittedBy></source><imagesize><nrows>3200</nrows><ncols>4800</ncols></imagesize><object><name>m1_s10_303_p_ic052</name><deleted>0</deleted><verified>0</verified><occluded>no</occluded><attributes></attributes><parts><hasparts></hasparts><ispartof></ispartof></parts><date>31-08-20 13:48:57:495</date><id>0</id><type>bounding_box</type><polygon><username>anonymous</username><pt><x>1353</x><y>1191</y><time>31-08-20 13:48:47:012</time></pt><pt><x>2775</x><y>1191</y><time>31-08-20 13:48:51:553</time></pt><pt><x>2775</x><y>2307</y><time>undefined</time></pt><pt><x>1353</x><y>2307</y><time>undefined</time></pt><closed_date>31-08-20 13:48:51:554</closed_date></polygon></object></annotation>