<annotation><filename>m1_s05_138_p_ic014.jpg</filename><folder>users/joselusava//jacob</folder><source><submittedBy>Jose Saca</submittedBy></source><imagesize><nrows>3200</nrows><ncols>4800</ncols></imagesize><object><name>m1_s05_138_p_ic014</name><deleted>0</deleted><verified>0</verified><occluded>no</occluded><attributes></attributes><parts><hasparts></hasparts><ispartof></ispartof></parts><date>21-08-20 17:21:49:453</date><id>0</id><type>bounding_box</type><polygon><username>anonymous</username><pt><x>1097</x><y>2978</y><time>21-08-20 17:21:00:681</time></pt><pt><x>3069</x><y>2978</y><time>21-08-20 17:21:03:034</time></pt><pt><x>3069</x><y>737</y><time>undefined</time></pt><pt><x>1097</x><y>737</y><time>undefined</time></pt><closed_date>21-08-20 17:21:03:034</closed_date></polygon></object></annotation>