<annotation><filename>m1_s05_115_p_ic056.jpg</filename><folder>users/joselusava//jacob/sala5_115_ic</folder><source><submittedBy>Jose Saca</submittedBy></source><imagesize><nrows>3200</nrows><ncols>4796</ncols></imagesize><object><name>m1_s05_115_p_ic056</name><deleted>0</deleted><verified>0</verified><occluded>no</occluded><attributes></attributes><parts><hasparts></hasparts><ispartof></ispartof></parts><date>30-08-20 21:10:06:442</date><id>0</id><type>bounding_box</type><polygon><username>anonymous</username><pt><x>1618</x><y>306</y><time>30-08-20 21:10:04:206</time></pt><pt><x>3236</x><y>306</y><time>30-08-20 21:10:05:611</time></pt><pt><x>3236</x><y>2738</y><time>undefined</time></pt><pt><x>1618</x><y>2738</y><time>undefined</time></pt><closed_date>30-08-20 21:10:05:611</closed_date></polygon></object></annotation>