<annotation><filename>m1_s07_194_p_nic087.jpg</filename><folder>users/joselusava//santiago</folder><source><submittedBy>Jose Saca</submittedBy></source><imagesize><nrows>3200</nrows><ncols>4800</ncols></imagesize><object><name>m1_s07_194_p_nic087</name><deleted>0</deleted><verified>0</verified><occluded>no</occluded><attributes></attributes><parts><hasparts></hasparts><ispartof></ispartof></parts><date>24-08-20 15:10:07:253</date><id>0</id><type>bounding_box</type><polygon><username>anonymous</username><pt><x>1685</x><y>335</y><time>24-08-20 15:09:57:357</time></pt><pt><x>2862</x><y>335</y><time>24-08-20 15:09:58:881</time></pt><pt><x>2862</x><y>1947</y><time>undefined</time></pt><pt><x>1685</x><y>1947</y><time>undefined</time></pt><closed_date>24-08-20 15:09:58:882</closed_date></polygon></object></annotation>