<annotation><filename>img_m1_s10_270_p_nic059.jpg</filename><folder>users/joselusava//santiago</folder><source><submittedBy>Jose Saca</submittedBy></source><imagesize><nrows>3200</nrows><ncols>4800</ncols></imagesize><object><name>m1_s10_270_p_nic059</name><deleted>0</deleted><verified>0</verified><occluded>no</occluded><attributes></attributes><parts><hasparts></hasparts><ispartof></ispartof></parts><date>27-08-20 14:38:58:626</date><id>0</id><type>bounding_box</type><polygon><username>anonymous</username><pt><x>2487</x><y>418</y><time>27-08-20 14:38:49:269</time></pt><pt><x>3790</x><y>418</y><time>27-08-20 14:38:52:165</time></pt><pt><x>3790</x><y>1631</y><time>undefined</time></pt><pt><x>2487</x><y>1631</y><time>undefined</time></pt><closed_date>27-08-20 14:38:52:167</closed_date></polygon></object></annotation>