<annotation><filename>m1_s05_138_p_ic090.jpg</filename><folder>users/joselusava//jacob</folder><source><submittedBy>Jose Saca</submittedBy></source><imagesize><nrows>3200</nrows><ncols>4800</ncols></imagesize><object><name>m1_s05_138_p_ic090</name><deleted>0</deleted><verified>0</verified><occluded>no</occluded><attributes></attributes><parts><hasparts></hasparts><ispartof></ispartof></parts><date>21-08-20 23:09:42:978</date><id>0</id><type>bounding_box</type><polygon><username>anonymous</username><pt><x>1087</x><y>263</y><time>21-08-20 23:09:36:295</time></pt><pt><x>3318</x><y>263</y><time>21-08-20 23:09:39:329</time></pt><pt><x>3318</x><y>2985</y><time>undefined</time></pt><pt><x>1087</x><y>2985</y><time>undefined</time></pt><closed_date>21-08-20 23:09:39:330</closed_date></polygon></object></annotation>