<annotation><filename>m1_s07_194_p_nic072.jpg</filename><folder>users/joselusava//santiago</folder><source><submittedBy>Jose Saca</submittedBy></source><imagesize><nrows>3200</nrows><ncols>4800</ncols></imagesize><object><name>m1_s07_194_p_nic072</name><deleted>0</deleted><verified>0</verified><occluded>no</occluded><attributes></attributes><parts><hasparts></hasparts><ispartof></ispartof></parts><date>24-08-20 14:28:07:429</date><id>0</id><type>bounding_box</type><polygon><username>anonymous</username><pt><x>1274</x><y>396</y><time>24-08-20 14:27:57:932</time></pt><pt><x>2127</x><y>396</y><time>24-08-20 14:27:59:865</time></pt><pt><x>2127</x><y>2127</y><time>undefined</time></pt><pt><x>1274</x><y>2127</y><time>undefined</time></pt><closed_date>24-08-20 14:27:59:866</closed_date></polygon></object></annotation>