<annotation><filename>m1_s07_194_p_ic027.jpg</filename><folder>users/joselusava//santiago</folder><source><submittedBy>Jose Saca</submittedBy></source><imagesize><nrows>3200</nrows><ncols>4800</ncols></imagesize><object><name>m1_s07_194_p_ic027</name><deleted>0</deleted><verified>0</verified><occluded>no</occluded><attributes></attributes><parts><hasparts></hasparts><ispartof></ispartof></parts><date>21-08-20 13:59:16:511</date><id>0</id><type>bounding_box</type><polygon><username>anonymous</username><pt><x>1861</x><y>313</y><time>21-08-20 13:59:01:275</time></pt><pt><x>3009</x><y>313</y><time>21-08-20 13:59:06:767</time></pt><pt><x>3009</x><y>2916</y><time>undefined</time></pt><pt><x>1861</x><y>2916</y><time>undefined</time></pt><closed_date>21-08-20 13:59:06:769</closed_date></polygon></object></annotation>