<annotation><filename>img_m1_s10_303_p_ic022.jpg</filename><folder>users/joselusava//santiago</folder><source><submittedBy>Jose Saca</submittedBy></source><imagesize><nrows>3200</nrows><ncols>4800</ncols></imagesize><object><name>m1_s10_303_p_ic022</name><deleted>0</deleted><verified>0</verified><occluded>no</occluded><attributes></attributes><parts><hasparts></hasparts><ispartof></ispartof></parts><date>31-08-20 12:42:26:420</date><id>0</id><type>bounding_box</type><polygon><username>anonymous</username><pt><x>1688</x><y>705</y><time>31-08-20 12:42:16:294</time></pt><pt><x>2701</x><y>705</y><time>31-08-20 12:42:19:410</time></pt><pt><x>2701</x><y>2270</y><time>undefined</time></pt><pt><x>1688</x><y>2270</y><time>undefined</time></pt><closed_date>31-08-20 12:42:19:410</closed_date></polygon></object></annotation>