<annotation><filename>m1_s05_115_p_ic013.jpg</filename><folder>users/joselusava//jacob/sala5_115_ic</folder><source><submittedBy>Jose Saca</submittedBy></source><imagesize><nrows>3200</nrows><ncols>4796</ncols></imagesize><object><name>m1_s05_115_p_ic013</name><deleted>0</deleted><verified>0</verified><occluded>no</occluded><attributes></attributes><parts><hasparts></hasparts><ispartof></ispartof></parts><date>30-08-20 20:00:13:044</date><id>0</id><type>bounding_box</type><polygon><username>anonymous</username><pt><x>3159</x><y>2250</y><time>30-08-20 20:00:09:577</time></pt><pt><x>1015</x><y>2250</y><time>30-08-20 20:00:12:111</time></pt><pt><x>1015</x><y>929</y><time>undefined</time></pt><pt><x>3159</x><y>929</y><time>undefined</time></pt><closed_date>30-08-20 20:00:12:111</closed_date></polygon></object></annotation>