<annotation><filename>m1_s08_252_x.jpg</filename><folder>users/joselusava//santiago</folder><source><submittedBy>Jose Saca</submittedBy></source><imagesize><nrows>3200</nrows><ncols>4800</ncols></imagesize><object><name>m1_s08_252_x</name><deleted>0</deleted><verified>0</verified><occluded>no</occluded><attributes></attributes><parts><hasparts></hasparts><ispartof></ispartof></parts><date>25-08-20 13:58:46:919</date><id>0</id><type>bounding_box</type><polygon><username>anonymous</username><pt><x>777</x><y>244</y><time>25-08-20 13:58:34:324</time></pt><pt><x>4107</x><y>244</y><time>25-08-20 13:58:38:873</time></pt><pt><x>4107</x><y>2899</y><time>undefined</time></pt><pt><x>777</x><y>2899</y><time>undefined</time></pt><closed_date>25-08-20 13:58:38:874</closed_date></polygon></object></annotation>