<annotation><filename>m1_s05_115_p_ic083.jpg</filename><folder>users/joselusava//jacob/sala5_115_ic</folder><source><submittedBy>Jose Saca</submittedBy></source><imagesize><nrows>3200</nrows><ncols>4796</ncols></imagesize><object><name>m1_s05_115_p_ic083</name><deleted>0</deleted><verified>0</verified><occluded>no</occluded><attributes></attributes><parts><hasparts></hasparts><ispartof></ispartof></parts><date>30-08-20 21:28:13:280</date><id>0</id><type>bounding_box</type><polygon><username>anonymous</username><pt><x>1417</x><y>2776</y><time>30-08-20 21:28:11:366</time></pt><pt><x>3121</x><y>2776</y><time>30-08-20 21:28:12:546</time></pt><pt><x>3121</x><y>603</y><time>undefined</time></pt><pt><x>1417</x><y>603</y><time>undefined</time></pt><closed_date>30-08-20 21:28:12:546</closed_date></polygon></object></annotation>