<annotation><filename>img_m1_s10_270_p_ic037.jpg</filename><folder>users/joselusava//santiago</folder><source><submittedBy>Jose Saca</submittedBy></source><imagesize><nrows>3200</nrows><ncols>4800</ncols></imagesize><object><name>m1_s10_270_p_ic037</name><deleted>0</deleted><verified>0</verified><occluded>no</occluded><attributes></attributes><parts><hasparts></hasparts><ispartof></ispartof></parts><date>26-08-20 19:29:17:058</date><id>0</id><type>bounding_box</type><polygon><username>anonymous</username><pt><x>1011</x><y>234</y><time>26-08-20 19:29:07:275</time></pt><pt><x>3387</x><y>234</y><time>26-08-20 19:29:09:787</time></pt><pt><x>3387</x><y>2404</y><time>undefined</time></pt><pt><x>1011</x><y>2404</y><time>undefined</time></pt><closed_date>26-08-20 19:29:09:788</closed_date></polygon></object></annotation>