<annotation><filename>img_m1_s10_270_p_nic060.jpg</filename><folder>users/joselusava//santiago</folder><source><submittedBy>Jose Saca</submittedBy></source><imagesize><nrows>3200</nrows><ncols>4800</ncols></imagesize><object><name>m1_s10_270_p_nic060</name><deleted>0</deleted><verified>0</verified><occluded>no</occluded><attributes></attributes><parts><hasparts></hasparts><ispartof></ispartof></parts><date>27-08-20 14:40:38:882</date><id>0</id><type>bounding_box</type><polygon><username>anonymous</username><pt><x>1897</x><y>252</y><time>27-08-20 14:40:29:364</time></pt><pt><x>3200</x><y>252</y><time>27-08-20 14:40:32:338</time></pt><pt><x>3200</x><y>1537</y><time>undefined</time></pt><pt><x>1897</x><y>1537</y><time>undefined</time></pt><closed_date>27-08-20 14:40:32:339</closed_date></polygon></object></annotation>