<annotation><filename>m1_s05_138_p_nic077.jpg</filename><folder>users/joselusava//jacob/138</folder><source><submittedBy>Jose Saca</submittedBy></source><imagesize><nrows>3200</nrows><ncols>4800</ncols></imagesize><object><name>m1_s05_138_p_nic077</name><deleted>0</deleted><verified>0</verified><occluded>no</occluded><attributes></attributes><parts><hasparts></hasparts><ispartof></ispartof></parts><date>24-08-20 12:43:09:237</date><id>0</id><type>bounding_box</type><polygon><username>anonymous</username><pt><x>4149</x><y>1600</y><time>24-08-20 12:43:06:126</time></pt><pt><x>3068</x><y>1600</y><time>24-08-20 12:43:08:220</time></pt><pt><x>3068</x><y>173</y><time>undefined</time></pt><pt><x>4149</x><y>173</y><time>undefined</time></pt><closed_date>24-08-20 12:43:08:220</closed_date></polygon></object></annotation>