<annotation><filename>m1_s07_194_p_nic086.jpg</filename><folder>users/joselusava//santiago</folder><source><submittedBy>Jose Saca</submittedBy></source><imagesize><nrows>3200</nrows><ncols>4800</ncols></imagesize><object><name>m1_s07_194_p_nic086</name><deleted>0</deleted><verified>0</verified><occluded>no</occluded><attributes></attributes><parts><hasparts></hasparts><ispartof></ispartof></parts><date>24-08-20 15:08:45:024</date><id>0</id><type>bounding_box</type><polygon><username>anonymous</username><pt><x>1790</x><y>358</y><time>24-08-20 15:08:35:692</time></pt><pt><x>2945</x><y>358</y><time>24-08-20 15:08:38:119</time></pt><pt><x>2945</x><y>1954</y><time>undefined</time></pt><pt><x>1790</x><y>1954</y><time>undefined</time></pt><closed_date>24-08-20 15:08:38:119</closed_date></polygon></object></annotation>