<annotation><filename>m1_s07_194_p_nic089.jpg</filename><folder>users/joselusava//santiago</folder><source><submittedBy>Jose Saca</submittedBy></source><imagesize><nrows>3200</nrows><ncols>4800</ncols></imagesize><object><name>m1_s07_194_p_nic089</name><deleted>0</deleted><verified>0</verified><occluded>no</occluded><attributes></attributes><parts><hasparts></hasparts><ispartof></ispartof></parts><date>24-08-20 15:12:59:903</date><id>0</id><type>bounding_box</type><polygon><username>anonymous</username><pt><x>1343</x><y>248</y><time>24-08-20 15:12:52:123</time></pt><pt><x>2664</x><y>248</y><time>24-08-20 15:12:53:713</time></pt><pt><x>2664</x><y>2091</y><time>undefined</time></pt><pt><x>1343</x><y>2091</y><time>undefined</time></pt><closed_date>24-08-20 15:12:53:715</closed_date></polygon></object></annotation>