<annotation><filename>img_m1_s10_303_p_ic014.jpg</filename><folder>users/joselusava//santiago</folder><source><submittedBy>Jose Saca</submittedBy></source><imagesize><nrows>3200</nrows><ncols>4800</ncols></imagesize><object><name>m1_s10_303_p_ic014</name><deleted>0</deleted><verified>0</verified><occluded>no</occluded><attributes></attributes><parts><hasparts></hasparts><ispartof></ispartof></parts><date>31-08-20 11:52:26:471</date><id>0</id><type>bounding_box</type><polygon><username>anonymous</username><pt><x>1076</x><y>1195</y><time>31-08-20 11:52:16:523</time></pt><pt><x>3160</x><y>1195</y><time>31-08-20 11:52:19:738</time></pt><pt><x>3160</x><y>2127</y><time>undefined</time></pt><pt><x>1076</x><y>2127</y><time>undefined</time></pt><closed_date>31-08-20 11:52:19:740</closed_date></polygon></object></annotation>