<annotation><filename>m1_s05_115_p_ic046.jpg</filename><folder>users/joselusava//jacob/sala5_115_ic</folder><source><submittedBy>Jose Saca</submittedBy></source><imagesize><nrows>3200</nrows><ncols>4796</ncols></imagesize><object><name>m1_s05_115_p_ic046</name><deleted>0</deleted><verified>0</verified><occluded>no</occluded><attributes></attributes><parts><hasparts></hasparts><ispartof></ispartof></parts><date>30-08-20 21:06:24:731</date><id>0</id><type>bounding_box</type><polygon><username>anonymous</username><pt><x>3044</x><y>3015</y><time>30-08-20 21:06:22:272</time></pt><pt><x>287</x><y>3015</y><time>30-08-20 21:06:23:920</time></pt><pt><x>287</x><y>335</y><time>undefined</time></pt><pt><x>3044</x><y>335</y><time>undefined</time></pt><closed_date>30-08-20 21:06:23:921</closed_date></polygon></object></annotation>