<annotation><filename>m1_s07_194_p_nic027.jpg</filename><folder>users/joselusava//santiago</folder><source><submittedBy>Jose Saca</submittedBy></source><imagesize><nrows>3200</nrows><ncols>4800</ncols></imagesize><object><name>m1_s07_194_p_nic027</name><deleted>0</deleted><verified>0</verified><occluded>no</occluded><attributes></attributes><parts><hasparts></hasparts><ispartof></ispartof></parts><date>24-08-20 12:49:41:598</date><id>0</id><type>bounding_box</type><polygon><username>anonymous</username><pt><x>3088</x><y>144</y><time>24-08-20 12:49:31:799</time></pt><pt><x>3913</x><y>144</y><time>24-08-20 12:49:34:298</time></pt><pt><x>3913</x><y>1771</y><time>undefined</time></pt><pt><x>3088</x><y>1771</y><time>undefined</time></pt><closed_date>24-08-20 12:49:34:299</closed_date></polygon></object></annotation>