<annotation><filename>img_m1_s10_270_p_nic068.jpg</filename><folder>users/joselusava//santiago</folder><source><submittedBy>Jose Saca</submittedBy></source><imagesize><nrows>3200</nrows><ncols>4800</ncols></imagesize><object><name>m1_s10_270_p_nic068</name><deleted>0</deleted><verified>0</verified><occluded>no</occluded><attributes></attributes><parts><hasparts></hasparts><ispartof></ispartof></parts><date>28-08-20 14:04:30:568</date><id>0</id><type>bounding_box</type><polygon><username>anonymous</username><pt><x>382</x><y>1242</y><time>28-08-20 14:04:19:754</time></pt><pt><x>1749</x><y>1242</y><time>28-08-20 14:04:22:443</time></pt><pt><x>1749</x><y>2516</y><time>undefined</time></pt><pt><x>382</x><y>2516</y><time>undefined</time></pt><closed_date>28-08-20 14:04:22:445</closed_date></polygon></object></annotation>