<annotation><filename>m1_s05_138_p_nic009.jpg</filename><folder>users/joselusava//jacob/138</folder><source><submittedBy>Jose Saca</submittedBy></source><imagesize><nrows>3200</nrows><ncols>4800</ncols></imagesize><object><name>m1_s05_138_p_nic009</name><deleted>0</deleted><verified>0</verified><occluded>no</occluded><attributes></attributes><parts><hasparts></hasparts><ispartof></ispartof></parts><date>23-08-20 23:26:59:733</date><id>0</id><type>bounding_box</type><polygon><username>anonymous</username><pt><x>1669</x><y>1288</y><time>23-08-20 23:26:54:048</time></pt><pt><x>880</x><y>1288</y><time>23-08-20 23:26:56:228</time></pt><pt><x>880</x><y>402</y><time>undefined</time></pt><pt><x>1669</x><y>402</y><time>undefined</time></pt><closed_date>23-08-20 23:26:56:228</closed_date></polygon></object></annotation>