<annotation><filename>m1_s05_115_p_nic040.jpg</filename><folder>users/joselusava//jacob/sala5_115_nic</folder><source><submittedBy>Jose Saca</submittedBy></source><imagesize><nrows>3200</nrows><ncols>4796</ncols></imagesize><object><name>m1_s05_115_p_nic040</name><deleted>0</deleted><verified>0</verified><occluded>no</occluded><attributes></attributes><parts><hasparts></hasparts><ispartof></ispartof></parts><date>30-08-20 23:12:43:652</date><id>0</id><type>bounding_box</type><polygon><username>anonymous</username><pt><x>3149</x><y>1139</y><time>30-08-20 23:12:39:818</time></pt><pt><x>4269</x><y>1139</y><time>30-08-20 23:12:41:066</time></pt><pt><x>4269</x><y>2135</y><time>undefined</time></pt><pt><x>3149</x><y>2135</y><time>undefined</time></pt><closed_date>30-08-20 23:12:41:067</closed_date></polygon></object></annotation>