<annotation><filename>m1_s07_194_p_ic012.jpg</filename><folder>users/joselusava//santiago</folder><source><submittedBy>Jose Saca</submittedBy></source><imagesize><nrows>3200</nrows><ncols>4800</ncols></imagesize><object><name>m1_s07_194_p_ic012</name><deleted>0</deleted><verified>0</verified><occluded>no</occluded><attributes></attributes><parts><hasparts></hasparts><ispartof></ispartof></parts><date>21-08-20 12:49:39:263</date><id>0</id><type>bounding_box</type><polygon><username>anonymous</username><pt><x>3171</x><y>400</y><time>21-08-20 12:49:23:800</time></pt><pt><x>1289</x><y>400</y><time>21-08-20 12:49:30:988</time></pt><pt><x>1289</x><y>2934</y><time>undefined</time></pt><pt><x>3171</x><y>2934</y><time>undefined</time></pt><closed_date>21-08-20 12:49:30:988</closed_date></polygon></object></annotation>