<annotation><filename>m1_s05_138_p_nic037.jpg</filename><folder>users/joselusava//jacob/138</folder><source><submittedBy>Jose Saca</submittedBy></source><imagesize><nrows>3200</nrows><ncols>4800</ncols></imagesize><object><name>m1_s05_138_p_nic037</name><deleted>0</deleted><verified>0</verified><occluded>no</occluded><attributes></attributes><parts><hasparts></hasparts><ispartof></ispartof></parts><date>23-08-20 23:40:16:070</date><id>0</id><type>bounding_box</type><polygon><username>anonymous</username><pt><x>393</x><y>1974</y><time>23-08-20 23:40:12:733</time></pt><pt><x>977</x><y>1974</y><time>23-08-20 23:40:14:367</time></pt><pt><x>977</x><y>2893</y><time>undefined</time></pt><pt><x>393</x><y>2893</y><time>undefined</time></pt><closed_date>23-08-20 23:40:14:367</closed_date></polygon></object></annotation>