<annotation><filename>img_m1_s10_270_p_ic063.jpg</filename><folder>users/joselusava//santiago</folder><source><submittedBy>Jose Saca</submittedBy></source><imagesize><nrows>3200</nrows><ncols>4800</ncols></imagesize><object><name>m1_s10_270_p_ic063</name><deleted>0</deleted><verified>0</verified><occluded>no</occluded><attributes></attributes><parts><hasparts></hasparts><ispartof></ispartof></parts><date>26-08-20 22:59:24:348</date><id>0</id><type>bounding_box</type><polygon><username>anonymous</username><pt><x>1173</x><y>799</y><time>26-08-20 22:59:15:859</time></pt><pt><x>3092</x><y>799</y><time>26-08-20 22:59:17:683</time></pt><pt><x>3092</x><y>2433</y><time>undefined</time></pt><pt><x>1173</x><y>2433</y><time>undefined</time></pt><closed_date>26-08-20 22:59:17:684</closed_date></polygon></object></annotation>