<annotation><filename>m1_s09_263_x.jpg</filename><folder>users/joselusava//santiago</folder><source><submittedBy>Jose Saca</submittedBy></source><imagesize><nrows>3200</nrows><ncols>4800</ncols></imagesize><object><name>m1_s09_263_x</name><deleted>0</deleted><verified>0</verified><occluded>no</occluded><attributes></attributes><parts><hasparts></hasparts><ispartof></ispartof></parts><date>25-08-20 14:20:00:804</date><id>0</id><type>bounding_box</type><polygon><username>anonymous</username><pt><x>518</x><y>432</y><time>25-08-20 14:19:48:428</time></pt><pt><x>4251</x><y>432</y><time>25-08-20 14:19:50:914</time></pt><pt><x>4251</x><y>2955</y><time>undefined</time></pt><pt><x>518</x><y>2955</y><time>undefined</time></pt><closed_date>25-08-20 14:19:50:916</closed_date></polygon></object></annotation>