<annotation><filename>img_m1_s10_270_p_nic082.jpg</filename><folder>users/joselusava//santiago</folder><source><submittedBy>Jose Saca</submittedBy></source><imagesize><nrows>3200</nrows><ncols>4800</ncols></imagesize><object><name>m1_s10_270_p_nic082</name><deleted>0</deleted><verified>0</verified><occluded>no</occluded><attributes></attributes><parts><hasparts></hasparts><ispartof></ispartof></parts><date>28-08-20 14:32:32:570</date><id>0</id><type>bounding_box</type><polygon><username>anonymous</username><pt><x>2498</x><y>374</y><time>28-08-20 14:32:22:447</time></pt><pt><x>3963</x><y>374</y><time>28-08-20 14:32:26:320</time></pt><pt><x>3963</x><y>1623</y><time>undefined</time></pt><pt><x>2498</x><y>1623</y><time>undefined</time></pt><closed_date>28-08-20 14:32:26:321</closed_date></polygon></object></annotation>