<annotation><filename>img_m1_s10_270_p_nic062.jpg</filename><folder>users/joselusava//santiago</folder><source><submittedBy>Jose Saca</submittedBy></source><imagesize><nrows>3200</nrows><ncols>4800</ncols></imagesize><object><name>m1_s10_270_p_nic062</name><deleted>0</deleted><verified>0</verified><occluded>no</occluded><attributes></attributes><parts><hasparts></hasparts><ispartof></ispartof></parts><date>28-08-20 13:55:05:646</date><id>0</id><type>bounding_box</type><polygon><username>anonymous</username><pt><x>1310</x><y>360</y><time>28-08-20 13:54:56:504</time></pt><pt><x>2635</x><y>360</y><time>28-08-20 13:54:58:737</time></pt><pt><x>2635</x><y>1605</y><time>undefined</time></pt><pt><x>1310</x><y>1605</y><time>undefined</time></pt><closed_date>28-08-20 13:54:58:739</closed_date></polygon></object></annotation>