<annotation><filename>m1_s05_138_p_nic034.jpg</filename><folder>users/joselusava//jacob/138</folder><source><submittedBy>Jose Saca</submittedBy></source><imagesize><nrows>3200</nrows><ncols>4800</ncols></imagesize><object><name>m1_s05_138_p_nic034</name><deleted>0</deleted><verified>0</verified><occluded>no</occluded><attributes></attributes><parts><hasparts></hasparts><ispartof></ispartof></parts><date>23-08-20 23:38:52:639</date><id>0</id><type>bounding_box</type><polygon><username>anonymous</username><pt><x>172</x><y>383</y><time>23-08-20 23:38:50:010</time></pt><pt><x>872</x><y>383</y><time>23-08-20 23:38:51:360</time></pt><pt><x>872</x><y>1332</y><time>undefined</time></pt><pt><x>172</x><y>1332</y><time>undefined</time></pt><closed_date>23-08-20 23:38:51:360</closed_date></polygon></object></annotation>