<annotation><filename>m1_s05_115_p_nic068.jpg</filename><folder>users/joselusava//jacob/sala5_115_nic</folder><source><submittedBy>Jose Saca</submittedBy></source><imagesize><nrows>3200</nrows><ncols>4796</ncols></imagesize><object><name>m1_s05_115_p_nic068</name><deleted>0</deleted><verified>0</verified><occluded>no</occluded><attributes></attributes><parts><hasparts></hasparts><ispartof></ispartof></parts><date>30-08-20 23:51:43:858</date><id>0</id><type>bounding_box</type><polygon><username>anonymous</username><pt><x>3126</x><y>2168</y><time>30-08-20 23:51:42:088</time></pt><pt><x>4115</x><y>2168</y><time>30-08-20 23:51:43:090</time></pt><pt><x>4115</x><y>981</y><time>undefined</time></pt><pt><x>3126</x><y>981</y><time>undefined</time></pt><closed_date>30-08-20 23:51:43:090</closed_date></polygon></object></annotation>