<annotation><filename>m1_s05_138_p_nic011.jpg</filename><folder>users/joselusava//jacob/138</folder><source><submittedBy>Jose Saca</submittedBy></source><imagesize><nrows>3200</nrows><ncols>4800</ncols></imagesize><object><name>m1_s05_138_p_nic011</name><deleted>0</deleted><verified>0</verified><occluded>no</occluded><attributes></attributes><parts><hasparts></hasparts><ispartof></ispartof></parts><date>23-08-20 23:27:52:664</date><id>0</id><type>bounding_box</type><polygon><username>anonymous</username><pt><x>1094</x><y>2050</y><time>23-08-20 23:27:46:809</time></pt><pt><x>298</x><y>2050</y><time>23-08-20 23:27:49:120</time></pt><pt><x>298</x><y>1143</y><time>undefined</time></pt><pt><x>1094</x><y>1143</y><time>undefined</time></pt><closed_date>23-08-20 23:27:49:121</closed_date></polygon></object></annotation>