<annotation><filename>m1_s05_115_p_ic087.jpg</filename><folder>users/joselusava//jacob/sala5_115_ic</folder><source><submittedBy>Jose Saca</submittedBy></source><imagesize><nrows>3200</nrows><ncols>4796</ncols></imagesize><object><name>m1_s05_115_p_ic087</name><deleted>0</deleted><verified>0</verified><occluded>no</occluded><attributes></attributes><parts><hasparts></hasparts><ispartof></ispartof></parts><date>30-08-20 21:30:39:278</date><id>0</id><type>bounding_box</type><polygon><username>anonymous</username><pt><x>1302</x><y>2671</y><time>30-08-20 21:30:37:062</time></pt><pt><x>2738</x><y>2671</y><time>30-08-20 21:30:38:332</time></pt><pt><x>2738</x><y>258</y><time>undefined</time></pt><pt><x>1302</x><y>258</y><time>undefined</time></pt><closed_date>30-08-20 21:30:38:333</closed_date></polygon></object></annotation>