<annotation><filename>m1_s07_194_p_ic010.jpg</filename><folder>users/joselusava//santiago</folder><source><submittedBy>Jose Saca</submittedBy></source><imagesize><nrows>3200</nrows><ncols>4800</ncols></imagesize><object><name>m1_s07_194_p_ic010</name><deleted>0</deleted><verified>0</verified><occluded>no</occluded><attributes></attributes><parts><hasparts></hasparts><ispartof></ispartof></parts><date>21-08-20 12:44:52:667</date><id>0</id><type>bounding_box</type><polygon><username>anonymous</username><pt><x>1360</x><y>347</y><time>21-08-20 12:44:37:336</time></pt><pt><x>3345</x><y>347</y><time>21-08-20 12:44:44:263</time></pt><pt><x>3345</x><y>2865</y><time>undefined</time></pt><pt><x>1360</x><y>2865</y><time>undefined</time></pt><closed_date>21-08-20 12:44:44:264</closed_date></polygon></object></annotation>