<annotation><filename>m1_s05_138_p_nic022.jpg</filename><folder>users/joselusava//jacob/138</folder><source><submittedBy>Jose Saca</submittedBy></source><imagesize><nrows>3200</nrows><ncols>4800</ncols></imagesize><object><name>m1_s05_138_p_nic022</name><deleted>0</deleted><verified>0</verified><occluded>no</occluded><attributes></attributes><parts><hasparts></hasparts><ispartof></ispartof></parts><date>23-08-20 23:33:21:116</date><id>0</id><type>bounding_box</type><polygon><username>anonymous</username><pt><x>4594</x><y>1853</y><time>23-08-20 23:33:15:628</time></pt><pt><x>3794</x><y>1853</y><time>23-08-20 23:33:18:191</time></pt><pt><x>3794</x><y>911</y><time>undefined</time></pt><pt><x>4594</x><y>911</y><time>undefined</time></pt><closed_date>23-08-20 23:33:18:191</closed_date></polygon></object></annotation>