<annotation><filename>m1_s05_138_p_nic035.jpg</filename><folder>users/joselusava//jacob/138</folder><source><submittedBy>Jose Saca</submittedBy></source><imagesize><nrows>3200</nrows><ncols>4800</ncols></imagesize><object><name>m1_s05_138_p_nic035</name><deleted>0</deleted><verified>0</verified><occluded>no</occluded><attributes></attributes><parts><hasparts></hasparts><ispartof></ispartof></parts><date>23-08-20 23:39:22:736</date><id>0</id><type>bounding_box</type><polygon><username>anonymous</username><pt><x>287</x><y>1169</y><time>23-08-20 23:39:19:176</time></pt><pt><x>929</x><y>1169</y><time>23-08-20 23:39:21:375</time></pt><pt><x>929</x><y>2098</y><time>undefined</time></pt><pt><x>287</x><y>2098</y><time>undefined</time></pt><closed_date>23-08-20 23:39:21:375</closed_date></polygon></object></annotation>