<annotation><filename>m1_s05_138_p_nic063.jpg</filename><folder>users/joselusava//jacob/138</folder><source><submittedBy>Jose Saca</submittedBy></source><imagesize><nrows>3200</nrows><ncols>4800</ncols></imagesize><object><name>m1_s05_138_p_nic063</name><deleted>0</deleted><verified>0</verified><occluded>no</occluded><attributes></attributes><parts><hasparts></hasparts><ispartof></ispartof></parts><date>23-08-20 23:55:25:421</date><id>0</id><type>bounding_box</type><polygon><username>anonymous</username><pt><x>3526</x><y>1744</y><time>23-08-20 23:55:22:397</time></pt><pt><x>4503</x><y>1744</y><time>23-08-20 23:55:24:429</time></pt><pt><x>4503</x><y>3018</y><time>undefined</time></pt><pt><x>3526</x><y>3018</y><time>undefined</time></pt><closed_date>23-08-20 23:55:24:430</closed_date></polygon></object></annotation>