<annotation><filename>m1_s05_115_p_nic027.jpg</filename><folder>users/joselusava//jacob/sala5_115_nic</folder><source><submittedBy>Jose Saca</submittedBy></source><imagesize><nrows>3200</nrows><ncols>4796</ncols></imagesize><object><name>m1_s05_115_p_nic027</name><deleted>0</deleted><verified>0</verified><occluded>no</occluded><attributes></attributes><parts><hasparts></hasparts><ispartof></ispartof></parts><date>30-08-20 23:08:01:715</date><id>0</id><type>bounding_box</type><polygon><username>anonymous</username><pt><x>1895</x><y>2757</y><time>30-08-20 23:07:59:131</time></pt><pt><x>373</x><y>2757</y><time>30-08-20 23:08:01:006</time></pt><pt><x>373</x><y>1599</y><time>undefined</time></pt><pt><x>1895</x><y>1599</y><time>undefined</time></pt><closed_date>30-08-20 23:08:01:006</closed_date></polygon></object></annotation>