<annotation><filename>m1_s07_194_p_nic017.jpg</filename><folder>users/joselusava//santiago</folder><source><submittedBy>Jose Saca</submittedBy></source><imagesize><nrows>3200</nrows><ncols>4800</ncols></imagesize><object><name>m1_s07_194_p_nic017</name><deleted>0</deleted><verified>0</verified><occluded>no</occluded><attributes></attributes><parts><hasparts></hasparts><ispartof></ispartof></parts><date>24-08-20 11:33:47:833</date><id>0</id><type>bounding_box</type><polygon><username>anonymous</username><pt><x>378</x><y>1033</y><time>24-08-20 11:33:35:095</time></pt><pt><x>1292</x><y>1033</y><time>24-08-20 11:33:39:487</time></pt><pt><x>1292</x><y>2908</y><time>undefined</time></pt><pt><x>378</x><y>2908</y><time>undefined</time></pt><closed_date>24-08-20 11:33:39:489</closed_date></polygon></object></annotation>