<annotation><filename>m1_s07_194_p_nic016.jpg</filename><folder>users/joselusava//santiago</folder><source><submittedBy>Jose Saca</submittedBy></source><imagesize><nrows>3200</nrows><ncols>4800</ncols></imagesize><object><name>m1_s07_194_p_nic016</name><deleted>0</deleted><verified>0</verified><occluded>no</occluded><attributes></attributes><parts><hasparts></hasparts><ispartof></ispartof></parts><date>24-08-20 11:31:50:175</date><id>0</id><type>bounding_box</type><polygon><username>anonymous</username><pt><x>1087</x><y>986</y><time>24-08-20 11:31:37:841</time></pt><pt><x>1807</x><y>986</y><time>24-08-20 11:31:41:211</time></pt><pt><x>1807</x><y>2887</y><time>undefined</time></pt><pt><x>1087</x><y>2887</y><time>undefined</time></pt><closed_date>24-08-20 11:31:41:211</closed_date></polygon></object></annotation>