<annotation><filename>m1_s08_246_x.jpg</filename><folder>users/joselusava//santiago</folder><source><submittedBy>Jose Saca</submittedBy></source><imagesize><nrows>3200</nrows><ncols>4800</ncols></imagesize><object><name>m1_s08_246_x</name><deleted>0</deleted><verified>0</verified><occluded>no</occluded><attributes></attributes><parts><hasparts></hasparts><ispartof></ispartof></parts><date>25-08-20 13:40:33:005</date><id>0</id><type>bounding_box</type><polygon><username>anonymous</username><pt><x>835</x><y>346</y><time>25-08-20 13:40:21:672</time></pt><pt><x>3934</x><y>346</y><time>25-08-20 13:40:25:268</time></pt><pt><x>3934</x><y>2905</y><time>undefined</time></pt><pt><x>835</x><y>2905</y><time>undefined</time></pt><closed_date>25-08-20 13:40:25:270</closed_date></polygon></object></annotation>