<annotation><filename>m1_s05_138_p_nic002.jpg</filename><folder>users/joselusava//jacob/138</folder><source><submittedBy>Jose Saca</submittedBy></source><imagesize><nrows>3200</nrows><ncols>4800</ncols></imagesize><object><name>m1_s05_138_p_nic002</name><deleted>0</deleted><verified>0</verified><occluded>no</occluded><attributes></attributes><parts><hasparts></hasparts><ispartof></ispartof></parts><date>23-08-20 23:22:51:791</date><id>0</id><type>bounding_box</type><polygon><username>anonymous</username><pt><x>3380</x><y>1953</y><time>23-08-20 23:22:44:526</time></pt><pt><x>4204</x><y>1953</y><time>23-08-20 23:22:46:645</time></pt><pt><x>4204</x><y>2881</y><time>undefined</time></pt><pt><x>3380</x><y>2881</y><time>undefined</time></pt><closed_date>23-08-20 23:22:46:646</closed_date></polygon></object></annotation>