<annotation><filename>img_m1_s10_270_p_ic067.jpg</filename><folder>users/joselusava//santiago</folder><source><submittedBy>Jose Saca</submittedBy></source><imagesize><nrows>3200</nrows><ncols>4800</ncols></imagesize><object><name>m1_s10_270_p_ic067</name><deleted>0</deleted><verified>0</verified><occluded>no</occluded><attributes></attributes><parts><hasparts></hasparts><ispartof></ispartof></parts><date>26-08-20 23:08:34:610</date><id>0</id><type>bounding_box</type><polygon><username>anonymous</username><pt><x>1249</x><y>576</y><time>26-08-20 23:08:24:127</time></pt><pt><x>3286</x><y>576</y><time>26-08-20 23:08:26:844</time></pt><pt><x>3286</x><y>2649</y><time>undefined</time></pt><pt><x>1249</x><y>2649</y><time>undefined</time></pt><closed_date>26-08-20 23:08:26:844</closed_date></polygon></object></annotation>