<annotation><filename>m1_s05_115_p_nic031.jpg</filename><folder>users/joselusava//jacob/sala5_115_nic</folder><source><submittedBy>Jose Saca</submittedBy></source><imagesize><nrows>3200</nrows><ncols>4796</ncols></imagesize><object><name>m1_s05_115_p_nic031</name><deleted>0</deleted><verified>0</verified><occluded>no</occluded><attributes></attributes><parts><hasparts></hasparts><ispartof></ispartof></parts><date>30-08-20 23:09:21:316</date><id>0</id><type>bounding_box</type><polygon><username>anonymous</username><pt><x>2872</x><y>2939</y><time>30-08-20 23:09:19:703</time></pt><pt><x>1426</x><y>2939</y><time>30-08-20 23:09:20:633</time></pt><pt><x>1426</x><y>1857</y><time>undefined</time></pt><pt><x>2872</x><y>1857</y><time>undefined</time></pt><closed_date>30-08-20 23:09:20:634</closed_date></polygon></object></annotation>