<annotation><filename>m1_s07_194_p_ic060.jpg</filename><folder>users/joselusava//santiago</folder><source><submittedBy>Jose Saca</submittedBy></source><imagesize><nrows>3200</nrows><ncols>4800</ncols></imagesize><object><name>m1_s07_194_p_ic060</name><deleted>0</deleted><verified>0</verified><occluded>no</occluded><attributes></attributes><parts><hasparts></hasparts><ispartof></ispartof></parts><date>22-08-20 16:20:27:083</date><id>0</id><type>bounding_box</type><polygon><username>anonymous</username><pt><x>1753</x><y>18</y><time>22-08-20 16:20:09:655</time></pt><pt><x>2905</x><y>18</y><time>22-08-20 16:20:12:674</time></pt><pt><x>2905</x><y>2297</y><time>undefined</time></pt><pt><x>1753</x><y>2297</y><time>undefined</time></pt><closed_date>22-08-20 16:20:12:676</closed_date></polygon></object></annotation>