<annotation><filename>img_m1_s01_270_p_ic050.jpg</filename><folder>users/joselusava//santiago</folder><source><submittedBy>Jose Saca</submittedBy></source><imagesize><nrows>3200</nrows><ncols>4800</ncols></imagesize><object><name>m1_s10_270_p_ic050</name><deleted>0</deleted><verified>0</verified><occluded>no</occluded><attributes></attributes><parts><hasparts></hasparts><ispartof></ispartof></parts><date>26-08-20 21:51:14:777</date><id>0</id><type>bounding_box</type><polygon><username>anonymous</username><pt><x>907</x><y>641</y><time>26-08-20 21:51:05:229</time></pt><pt><x>3398</x><y>641</y><time>26-08-20 21:51:07:404</time></pt><pt><x>3398</x><y>2293</y><time>undefined</time></pt><pt><x>907</x><y>2293</y><time>undefined</time></pt><closed_date>26-08-20 21:51:07:406</closed_date></polygon></object></annotation>