<annotation><filename>m1_s05_138_p_ic054.jpg</filename><folder>users/joselusava//jacob</folder><source><submittedBy>Jose Saca</submittedBy></source><imagesize><nrows>3200</nrows><ncols>4800</ncols></imagesize><object><name>m1_s05_138_p_ic054</name><deleted>0</deleted><verified>0</verified><occluded>no</occluded><attributes></attributes><parts><hasparts></hasparts><ispartof></ispartof></parts><date>21-08-20 22:31:38:785</date><id>0</id><type>bounding_box</type><polygon><username>anonymous</username><pt><x>1011</x><y>208</y><time>21-08-20 22:31:32:088</time></pt><pt><x>2985</x><y>208</y><time>21-08-20 22:31:34:104</time></pt><pt><x>2985</x><y>2639</y><time>undefined</time></pt><pt><x>1011</x><y>2639</y><time>undefined</time></pt><closed_date>21-08-20 22:31:34:104</closed_date></polygon></object></annotation>