<annotation><filename>m1_s07_194_p_ic002.jpg</filename><folder>users/joselusava//santiago</folder><source><submittedBy>Jose Saca</submittedBy></source><imagesize><nrows>3200</nrows><ncols>4800</ncols></imagesize><object><name>m1_s07_194_p_ic002</name><deleted>0</deleted><verified>0</verified><occluded>no</occluded><attributes></attributes><parts><hasparts></hasparts><ispartof></ispartof></parts><date>21-08-20 12:22:14:691</date><id>0</id><type>bounding_box</type><polygon><username>anonymous</username><pt><x>1483</x><y>252</y><time>21-08-20 12:21:54:542</time></pt><pt><x>3358</x><y>252</y><time>21-08-20 12:22:01:772</time></pt><pt><x>3358</x><y>2901</y><time>undefined</time></pt><pt><x>1483</x><y>2901</y><time>undefined</time></pt><closed_date>21-08-20 12:22:01:772</closed_date></polygon></object></annotation>