<annotation><filename>img_m1_s10_270_p_nic018.jpg</filename><folder>users/joselusava//santiago</folder><source><submittedBy>Jose Saca</submittedBy></source><imagesize><nrows>3200</nrows><ncols>4800</ncols></imagesize><object><name>m1_s10_270_p_nic018</name><deleted>0</deleted><verified>0</verified><occluded>no</occluded><attributes></attributes><parts><hasparts></hasparts><ispartof></ispartof></parts><date>27-08-20 13:05:00:445</date><id>0</id><type>bounding_box</type><polygon><username>anonymous</username><pt><x>446</x><y>1429</y><time>27-08-20 13:04:50:669</time></pt><pt><x>2203</x><y>1429</y><time>27-08-20 13:04:53:630</time></pt><pt><x>2203</x><y>2815</y><time>undefined</time></pt><pt><x>446</x><y>2815</y><time>undefined</time></pt><closed_date>27-08-20 13:04:53:632</closed_date></polygon></object></annotation>