<annotation><filename>m1_s05_138_p_ic002.jpg</filename><folder>users/joselusava//jacob</folder><source><submittedBy>Jose Saca</submittedBy></source><imagesize><nrows>3200</nrows><ncols>4800</ncols></imagesize><object><name>m1_s05_138_p_ic002</name><deleted>0</deleted><verified>0</verified><occluded>no</occluded><attributes></attributes><parts><hasparts></hasparts><ispartof></ispartof></parts><date>20-08-20 21:36:08:672</date><id>0</id><type>bounding_box</type><polygon><username>anonymous</username><pt><x>3138</x><y>2965</y><time>20-08-20 21:35:47:615</time></pt><pt><x>1926</x><y>2965</y><time>20-08-20 21:35:52:351</time></pt><pt><x>1926</x><y>423</y><time>undefined</time></pt><pt><x>3138</x><y>423</y><time>undefined</time></pt><closed_date>20-08-20 21:35:52:351</closed_date></polygon></object></annotation>