<annotation><filename>m1_s07_194_p_ic065.jpg</filename><folder>users/joselusava//santiago</folder><source><submittedBy>Jose Saca</submittedBy></source><imagesize><nrows>3200</nrows><ncols>4800</ncols></imagesize><object><name>m1_s07_194_p_ic065</name><deleted>0</deleted><verified>0</verified><occluded>no</occluded><attributes></attributes><parts><hasparts></hasparts><ispartof></ispartof></parts><date>22-08-20 16:31:40:198</date><id>0</id><type>bounding_box</type><polygon><username>anonymous</username><pt><x>1663</x><y>342</y><time>22-08-20 16:31:28:005</time></pt><pt><x>3078</x><y>342</y><time>22-08-20 16:31:31:106</time></pt><pt><x>3078</x><y>2790</y><time>undefined</time></pt><pt><x>1663</x><y>2790</y><time>undefined</time></pt><closed_date>22-08-20 16:31:31:107</closed_date></polygon></object></annotation>