<annotation><filename>m1_s05_138_p_nic091.jpg</filename><folder>users/joselusava//jacob/138</folder><source><submittedBy>Jose Saca</submittedBy></source><imagesize><nrows>3200</nrows><ncols>4800</ncols></imagesize><object><name>m1_s05_138_p_nic091</name><deleted>0</deleted><verified>0</verified><occluded>no</occluded><attributes></attributes><parts><hasparts></hasparts><ispartof></ispartof></parts><date>24-08-20 12:49:04:782</date><id>0</id><type>bounding_box</type><polygon><username>anonymous</username><pt><x>478</x><y>1531</y><time>24-08-20 12:49:01:608</time></pt><pt><x>1524</x><y>1531</y><time>24-08-20 12:49:03:671</time></pt><pt><x>1524</x><y>2937</y><time>undefined</time></pt><pt><x>478</x><y>2937</y><time>undefined</time></pt><closed_date>24-08-20 12:49:03:671</closed_date></polygon></object></annotation>