<annotation><filename>m1_s07_194_p_ic016.jpg</filename><folder>users/joselusava//santiago</folder><source><submittedBy>Jose Saca</submittedBy></source><imagesize><nrows>3200</nrows><ncols>4800</ncols></imagesize><object><name>m1_s07_194_p_ic016</name><deleted>0</deleted><verified>0</verified><occluded>no</occluded><attributes></attributes><parts><hasparts></hasparts><ispartof></ispartof></parts><date>21-08-20 13:16:28:860</date><id>0</id><type>bounding_box</type><polygon><username>anonymous</username><pt><x>1533</x><y>263</y><time>21-08-20 13:16:17:639</time></pt><pt><x>3384</x><y>263</y><time>21-08-20 13:16:21:553</time></pt><pt><x>3384</x><y>2847</y><time>undefined</time></pt><pt><x>1533</x><y>2847</y><time>undefined</time></pt><closed_date>21-08-20 13:16:21:554</closed_date></polygon></object></annotation>