<annotation><filename>m1_s05_138_p_nic005.jpg</filename><folder>users/joselusava//jacob/138</folder><source><submittedBy>Jose Saca</submittedBy></source><imagesize><nrows>3200</nrows><ncols>4800</ncols></imagesize><object><name>m1_s05_138_p_nic005</name><deleted>0</deleted><verified>0</verified><occluded>no</occluded><attributes></attributes><parts><hasparts></hasparts><ispartof></ispartof></parts><date>23-08-20 23:24:56:997</date><id>0</id><type>bounding_box</type><polygon><username>anonymous</username><pt><x>4190</x><y>616</y><time>23-08-20 23:24:50:293</time></pt><pt><x>3442</x><y>616</y><time>23-08-20 23:24:53:623</time></pt><pt><x>3442</x><y>1579</y><time>undefined</time></pt><pt><x>4190</x><y>1579</y><time>undefined</time></pt><closed_date>23-08-20 23:24:53:624</closed_date></polygon></object></annotation>