<annotation><filename>m1_s07_194_p_nic013.jpg</filename><folder>users/joselusava//santiago</folder><source><submittedBy>Jose Saca</submittedBy></source><imagesize><nrows>3200</nrows><ncols>4800</ncols></imagesize><object><name>m1_s07_194_p_nic013</name><deleted>0</deleted><verified>0</verified><occluded>no</occluded><attributes></attributes><parts><hasparts></hasparts><ispartof></ispartof></parts><date>24-08-20 11:26:23:615</date><id>0</id><type>bounding_box</type><polygon><username>anonymous</username><pt><x>1721</x><y>1281</y><time>24-08-20 11:26:13:313</time></pt><pt><x>2401</x><y>1281</y><time>24-08-20 11:26:16:851</time></pt><pt><x>2401</x><y>2944</y><time>undefined</time></pt><pt><x>1721</x><y>2944</y><time>undefined</time></pt><closed_date>24-08-20 11:26:16:852</closed_date></polygon></object></annotation>