<annotation><filename>m1_s01_115_p.jpg</filename><folder>users/joselusava//jacob/sala5_115_ic</folder><source><submittedBy>Jose Saca</submittedBy></source><imagesize><nrows>3200</nrows><ncols>4796</ncols></imagesize><object><name>m1_s05_115_p</name><deleted>0</deleted><verified>0</verified><occluded>no</occluded><attributes></attributes><parts><hasparts></hasparts><ispartof></ispartof></parts><date>30-08-20 14:12:10:897</date><id>0</id><type>bounding_box</type><polygon><username>anonymous</username><pt><x>3831</x><y>2692</y><time>30-08-20 14:11:54:614</time></pt><pt><x>1023</x><y>2692</y><time>30-08-20 14:11:57:325</time></pt><pt><x>1023</x><y>463</y><time>undefined</time></pt><pt><x>3831</x><y>463</y><time>undefined</time></pt><closed_date>30-08-20 14:11:57:325</closed_date></polygon></object></annotation>