<annotation><filename>m1_s05_138_p_ic042.jpg</filename><folder>users/joselusava//jacob</folder><source><submittedBy>Jose Saca</submittedBy></source><imagesize><nrows>3200</nrows><ncols>4800</ncols></imagesize><object><name>m1_s05_138_p_ic042</name><deleted>0</deleted><verified>0</verified><occluded>no</occluded><attributes></attributes><parts><hasparts></hasparts><ispartof></ispartof></parts><date>21-08-20 22:21:25:401</date><id>0</id><type>bounding_box</type><polygon><username>anonymous</username><pt><x>3248</x><y>506</y><time>21-08-20 22:21:18:194</time></pt><pt><x>1420</x><y>506</y><time>21-08-20 22:21:20:752</time></pt><pt><x>1420</x><y>2750</y><time>undefined</time></pt><pt><x>3248</x><y>2750</y><time>undefined</time></pt><closed_date>21-08-20 22:21:20:752</closed_date></polygon></object></annotation>