<annotation><filename>m1_s07_194_p_nic001.jpg</filename><folder>users/joselusava//santiago</folder><source><submittedBy>Jose Saca</submittedBy></source><imagesize><nrows>3200</nrows><ncols>4800</ncols></imagesize><object><name>m1_s07_194_p_nic001</name><deleted>0</deleted><verified>0</verified><occluded>no</occluded><attributes></attributes><parts><hasparts></hasparts><ispartof></ispartof></parts><date>24-08-20 11:01:55:061</date><id>0</id><type>bounding_box</type><polygon><username>anonymous</username><pt><x>3290</x><y>173</y><time>24-08-20 11:01:36:543</time></pt><pt><x>4168</x><y>173</y><time>24-08-20 11:01:41:993</time></pt><pt><x>4168</x><y>1843</y><time>undefined</time></pt><pt><x>3290</x><y>1843</y><time>undefined</time></pt><closed_date>24-08-20 11:01:41:995</closed_date></polygon></object></annotation>