<annotation><filename>m1_s05_138_p_nic093.jpg</filename><folder>users/joselusava//jacob/138</folder><source><submittedBy>Jose Saca</submittedBy></source><imagesize><nrows>3200</nrows><ncols>4800</ncols></imagesize><object><name>m1_s05_138_p_nic093</name><deleted>0</deleted><verified>0</verified><occluded>no</occluded><attributes></attributes><parts><hasparts></hasparts><ispartof></ispartof></parts><date>24-08-20 12:49:53:906</date><id>0</id><type>bounding_box</type><polygon><username>anonymous</username><pt><x>2978</x><y>152</y><time>24-08-20 12:49:49:178</time></pt><pt><x>2078</x><y>152</y><time>24-08-20 12:49:52:584</time></pt><pt><x>2078</x><y>1545</y><time>undefined</time></pt><pt><x>2978</x><y>1545</y><time>undefined</time></pt><closed_date>24-08-20 12:49:52:585</closed_date></polygon></object></annotation>