<annotation><filename>m1_s05_115_p_nic011.jpg</filename><folder>users/joselusava//jacob/sala5_115_nic</folder><source><submittedBy>Jose Saca</submittedBy></source><imagesize><nrows>3200</nrows><ncols>4796</ncols></imagesize><object><name>m1_s05_115_p_nic011</name><deleted>0</deleted><verified>0</verified><occluded>no</occluded><attributes></attributes><parts><hasparts></hasparts><ispartof></ispartof></parts><date>30-08-20 23:00:24:065</date><id>0</id><type>bounding_box</type><polygon><username>anonymous</username><pt><x>2240</x><y>1197</y><time>30-08-20 23:00:22:085</time></pt><pt><x>3599</x><y>1197</y><time>30-08-20 23:00:23:342</time></pt><pt><x>3599</x><y>249</y><time>undefined</time></pt><pt><x>2240</x><y>249</y><time>undefined</time></pt><closed_date>30-08-20 23:00:23:342</closed_date></polygon></object></annotation>