<annotation><filename>m1_s05_115_p_ic062.jpg</filename><folder>users/joselusava//jacob/sala5_115_ic</folder><source><submittedBy>Jose Saca</submittedBy></source><imagesize><nrows>3200</nrows><ncols>4796</ncols></imagesize><object><name>m1_s05_115_p_ic062</name><deleted>0</deleted><verified>0</verified><occluded>no</occluded><attributes></attributes><parts><hasparts></hasparts><ispartof></ispartof></parts><date>30-08-20 21:12:24:128</date><id>0</id><type>bounding_box</type><polygon><username>anonymous</username><pt><x>1110</x><y>459</y><time>30-08-20 21:12:22:017</time></pt><pt><x>3657</x><y>459</y><time>30-08-20 21:12:23:508</time></pt><pt><x>3657</x><y>2661</y><time>undefined</time></pt><pt><x>1110</x><y>2661</y><time>undefined</time></pt><closed_date>30-08-20 21:12:23:509</closed_date></polygon></object></annotation>