<annotation><filename>m1_s05_138_p_ic016.jpg</filename><folder>users/joselusava//jacob</folder><source><submittedBy>Jose Saca</submittedBy></source><imagesize><nrows>3200</nrows><ncols>4800</ncols></imagesize><object><name>m1_s05_138_p_ic016</name><deleted>0</deleted><verified>0</verified><occluded>no</occluded><attributes></attributes><parts><hasparts></hasparts><ispartof></ispartof></parts><date>21-08-20 17:23:19:703</date><id>0</id><type>bounding_box</type><polygon><username>anonymous</username><pt><x>1069</x><y>2634</y><time>21-08-20 17:23:08:008</time></pt><pt><x>2939</x><y>2634</y><time>21-08-20 17:23:10:287</time></pt><pt><x>2939</x><y>384</y><time>undefined</time></pt><pt><x>1069</x><y>384</y><time>undefined</time></pt><closed_date>21-08-20 17:23:10:287</closed_date></polygon></object></annotation>