<annotation><filename>m1_s05_138_p_nic023.jpg</filename><folder>users/joselusava//jacob/138</folder><source><submittedBy>Jose Saca</submittedBy></source><imagesize><nrows>3200</nrows><ncols>4800</ncols></imagesize><object><name>m1_s05_138_p_nic023</name><deleted>0</deleted><verified>0</verified><occluded>no</occluded><attributes></attributes><parts><hasparts></hasparts><ispartof></ispartof></parts><date>23-08-20 23:33:49:162</date><id>0</id><type>bounding_box</type><polygon><username>anonymous</username><pt><x>4626</x><y>1450</y><time>23-08-20 23:33:43:882</time></pt><pt><x>3834</x><y>1450</y><time>23-08-20 23:33:46:117</time></pt><pt><x>3834</x><y>507</y><time>undefined</time></pt><pt><x>4626</x><y>507</y><time>undefined</time></pt><closed_date>23-08-20 23:33:46:117</closed_date></polygon></object></annotation>