<annotation><filename>img_m1_s10_303_p_ic085.jpg</filename><folder>users/joselusava//santiago</folder><source><submittedBy>Jose Saca</submittedBy></source><imagesize><nrows>3200</nrows><ncols>4800</ncols></imagesize><object><name>m1_s10_303_p_ic085</name><deleted>0</deleted><verified>0</verified><occluded>no</occluded><attributes></attributes><parts><hasparts></hasparts><ispartof></ispartof></parts><date>01-09-20 15:40:44:447</date><id>0</id><type>bounding_box</type><polygon><username>anonymous</username><pt><x>936</x><y>1580</y><time>01-09-20 15:40:34:180</time></pt><pt><x>3744</x><y>1580</y><time>01-09-20 15:40:36:266</time></pt><pt><x>3744</x><y>2721</y><time>undefined</time></pt><pt><x>936</x><y>2721</y><time>undefined</time></pt><closed_date>01-09-20 15:40:36:268</closed_date></polygon></object></annotation>