<annotation><filename>img_m1_s01_270_p_ic052.jpg</filename><folder>users/joselusava//santiago</folder><source><submittedBy>Jose Saca</submittedBy></source><imagesize><nrows>3200</nrows><ncols>4800</ncols></imagesize><object><name>m1_s10_270_p_ic052</name><deleted>0</deleted><verified>0</verified><occluded>no</occluded><attributes></attributes><parts><hasparts></hasparts><ispartof></ispartof></parts><date>26-08-20 21:55:29:969</date><id>0</id><type>bounding_box</type><polygon><username>anonymous</username><pt><x>932</x><y>562</y><time>26-08-20 21:55:17:640</time></pt><pt><x>3391</x><y>562</y><time>26-08-20 21:55:20:567</time></pt><pt><x>3391</x><y>2120</y><time>undefined</time></pt><pt><x>932</x><y>2120</y><time>undefined</time></pt><closed_date>26-08-20 21:55:20:569</closed_date></polygon></object></annotation>