<annotation><filename>m1_s05_138_p_nic054.jpg</filename><folder>users/joselusava//jacob/138</folder><source><submittedBy>Jose Saca</submittedBy></source><imagesize><nrows>3200</nrows><ncols>4800</ncols></imagesize><object><name>m1_s05_138_p_nic054</name><deleted>0</deleted><verified>0</verified><occluded>no</occluded><attributes></attributes><parts><hasparts></hasparts><ispartof></ispartof></parts><date>23-08-20 23:51:12:917</date><id>0</id><type>bounding_box</type><polygon><username>anonymous</username><pt><x>1801</x><y>2999</y><time>23-08-20 23:51:09:219</time></pt><pt><x>709</x><y>2999</y><time>23-08-20 23:51:11:749</time></pt><pt><x>709</x><y>1619</y><time>undefined</time></pt><pt><x>1801</x><y>1619</y><time>undefined</time></pt><closed_date>23-08-20 23:51:11:750</closed_date></polygon></object></annotation>