<annotation><filename>m1_s05_115_p_nic082.jpg</filename><folder>users/joselusava//jacob/sala5_115_nic</folder><source><submittedBy>Jose Saca</submittedBy></source><imagesize><nrows>3200</nrows><ncols>4796</ncols></imagesize><object><name>m1_s05_115_p_nic082</name><deleted>0</deleted><verified>0</verified><occluded>no</occluded><attributes></attributes><parts><hasparts></hasparts><ispartof></ispartof></parts><date>30-08-20 23:59:58:060</date><id>0</id><type>bounding_box</type><polygon><username>anonymous</username><pt><x>488</x><y>2700</y><time>30-08-20 23:59:56:316</time></pt><pt><x>1570</x><y>2700</y><time>30-08-20 23:59:57:424</time></pt><pt><x>1570</x><y>1637</y><time>undefined</time></pt><pt><x>488</x><y>1637</y><time>undefined</time></pt><closed_date>30-08-20 23:59:57:424</closed_date></polygon></object></annotation>