<annotation><filename>m1_s07_211_x.jpg</filename><folder>users/joselusava//santiago</folder><source><submittedBy>Jose Saca</submittedBy></source><imagesize><nrows>3200</nrows><ncols>4800</ncols></imagesize><object><name>m1_s07_211_x</name><deleted>0</deleted><verified>0</verified><occluded>no</occluded><attributes></attributes><parts><hasparts></hasparts><ispartof></ispartof></parts><date>24-08-20 16:42:35:467</date><id>0</id><type>bounding_box</type><polygon><username>anonymous</username><pt><x>1274</x><y>515</y><time>24-08-20 16:42:22:828</time></pt><pt><x>3596</x><y>515</y><time>24-08-20 16:42:26:323</time></pt><pt><x>3596</x><y>2671</y><time>undefined</time></pt><pt><x>1274</x><y>2671</y><time>undefined</time></pt><closed_date>24-08-20 16:42:26:324</closed_date></polygon></object></annotation>