<annotation><filename>m1_s07_194_p_nic061.jpg</filename><folder>users/joselusava//santiago</folder><source><submittedBy>Jose Saca</submittedBy></source><imagesize><nrows>3200</nrows><ncols>4800</ncols></imagesize><object><name>m1_s07_194_p_nic061</name><deleted>0</deleted><verified>0</verified><occluded>no</occluded><attributes></attributes><parts><hasparts></hasparts><ispartof></ispartof></parts><date>24-08-20 14:11:17:004</date><id>0</id><type>bounding_box</type><polygon><username>anonymous</username><pt><x>3416</x><y>1235</y><time>24-08-20 14:11:08:203</time></pt><pt><x>4510</x><y>1235</y><time>24-08-20 14:11:10:371</time></pt><pt><x>4510</x><y>2998</y><time>undefined</time></pt><pt><x>3416</x><y>2998</y><time>undefined</time></pt><closed_date>24-08-20 14:11:10:373</closed_date></polygon></object></annotation>