<annotation><filename>m1_s05_138_p_ic071.jpg</filename><folder>users/joselusava//jacob</folder><source><submittedBy>Jose Saca</submittedBy></source><imagesize><nrows>3200</nrows><ncols>4800</ncols></imagesize><object><name>m1_s05_138_p_ic071</name><deleted>0</deleted><verified>0</verified><occluded>no</occluded><attributes></attributes><parts><hasparts></hasparts><ispartof></ispartof></parts><date>21-08-20 22:50:39:326</date><id>0</id><type>bounding_box</type><polygon><username>anonymous</username><pt><x>2944</x><y>672</y><time>21-08-20 22:50:32:153</time></pt><pt><x>1420</x><y>672</y><time>21-08-20 22:50:35:625</time></pt><pt><x>1420</x><y>2888</y><time>undefined</time></pt><pt><x>2944</x><y>2888</y><time>undefined</time></pt><closed_date>21-08-20 22:50:35:625</closed_date></polygon></object></annotation>