<annotation><filename>img_m1_s10_270_p_ic007.jpg</filename><folder>users/joselusava//santiago</folder><source><submittedBy>Jose Saca</submittedBy></source><imagesize><nrows>3200</nrows><ncols>4800</ncols></imagesize><object><name>m1_s10_270_p_ic007</name><deleted>0</deleted><verified>0</verified><occluded>no</occluded><attributes></attributes><parts><hasparts></hasparts><ispartof></ispartof></parts><date>26-08-20 13:40:21:054</date><id>0</id><type>bounding_box</type><polygon><username>anonymous</username><pt><x>1360</x><y>564</y><time>26-08-20 13:40:10:700</time></pt><pt><x>3810</x><y>564</y><time>26-08-20 13:40:13:336</time></pt><pt><x>3810</x><y>2766</y><time>undefined</time></pt><pt><x>1360</x><y>2766</y><time>undefined</time></pt><closed_date>26-08-20 13:40:13:337</closed_date></polygon></object></annotation>