<annotation><filename>img_m1_s10_270_p_nic054.jpg</filename><folder>users/joselusava//santiago</folder><source><submittedBy>Jose Saca</submittedBy></source><imagesize><nrows>3200</nrows><ncols>4800</ncols></imagesize><object><name>m1_s10_270_p_nic054</name><deleted>0</deleted><verified>0</verified><occluded>no</occluded><attributes></attributes><parts><hasparts></hasparts><ispartof></ispartof></parts><date>27-08-20 14:29:57:240</date><id>0</id><type>bounding_box</type><polygon><username>anonymous</username><pt><x>2822</x><y>1321</y><time>27-08-20 14:29:47:516</time></pt><pt><x>4301</x><y>1321</y><time>27-08-20 14:29:49:816</time></pt><pt><x>4301</x><y>2469</y><time>undefined</time></pt><pt><x>2822</x><y>2469</y><time>undefined</time></pt><closed_date>27-08-20 14:29:49:817</closed_date></polygon></object></annotation>