<annotation><filename>m1_s07_194_p_nic073.jpg</filename><folder>users/joselusava//santiago</folder><source><submittedBy>Jose Saca</submittedBy></source><imagesize><nrows>3200</nrows><ncols>4800</ncols></imagesize><object><name>m1_s07_194_p_nic073</name><deleted>0</deleted><verified>0</verified><occluded>no</occluded><attributes></attributes><parts><hasparts></hasparts><ispartof></ispartof></parts><date>24-08-20 14:29:46:529</date><id>0</id><type>bounding_box</type><polygon><username>anonymous</username><pt><x>1713</x><y>518</y><time>24-08-20 14:29:37:647</time></pt><pt><x>2656</x><y>518</y><time>24-08-20 14:29:39:635</time></pt><pt><x>2656</x><y>2073</y><time>undefined</time></pt><pt><x>1713</x><y>2073</y><time>undefined</time></pt><closed_date>24-08-20 14:29:39:636</closed_date></polygon></object></annotation>