<annotation><filename>m1_s05_115_p_ic039.jpg</filename><folder>users/joselusava//jacob/sala5_115_ic</folder><source><submittedBy>Jose Saca</submittedBy></source><imagesize><nrows>3200</nrows><ncols>4796</ncols></imagesize><object><name>m1_s05_115_p_ic039</name><deleted>0</deleted><verified>0</verified><occluded>no</occluded><attributes></attributes><parts><hasparts></hasparts><ispartof></ispartof></parts><date>30-08-20 21:03:34:288</date><id>0</id><type>bounding_box</type><polygon><username>anonymous</username><pt><x>919</x><y>2795</y><time>30-08-20 21:03:31:091</time></pt><pt><x>4059</x><y>2795</y><time>30-08-20 21:03:33:183</time></pt><pt><x>4059</x><y>297</y><time>undefined</time></pt><pt><x>919</x><y>297</y><time>undefined</time></pt><closed_date>30-08-20 21:03:33:183</closed_date></polygon></object></annotation>