<annotation><filename>m1_s05_138_p_ic091.jpg</filename><folder>users/joselusava//jacob</folder><source><submittedBy>Jose Saca</submittedBy></source><imagesize><nrows>3200</nrows><ncols>4800</ncols></imagesize><object><name>m1_s05_138_p_ic091</name><deleted>0</deleted><verified>0</verified><occluded>no</occluded><attributes></attributes><parts><hasparts></hasparts><ispartof></ispartof></parts><date>21-08-20 23:10:18:833</date><id>0</id><type>bounding_box</type><polygon><username>anonymous</username><pt><x>1240</x><y>256</y><time>21-08-20 23:10:07:045</time></pt><pt><x>3442</x><y>256</y><time>21-08-20 23:10:15:174</time></pt><pt><x>3442</x><y>3027</y><time>undefined</time></pt><pt><x>1240</x><y>3027</y><time>undefined</time></pt><closed_date>21-08-20 23:10:15:176</closed_date></polygon></object></annotation>