<annotation><filename>img_m1_s01_270_p_ic044.jpg</filename><folder>users/joselusava//santiago</folder><source><submittedBy>Jose Saca</submittedBy></source><imagesize><nrows>3200</nrows><ncols>4800</ncols></imagesize><object><name>m1_s10_270_p_ic044</name><deleted>0</deleted><verified>0</verified><occluded>no</occluded><attributes></attributes><parts><hasparts></hasparts><ispartof></ispartof></parts><date>26-08-20 21:35:10:067</date><id>0</id><type>bounding_box</type><polygon><username>anonymous</username><pt><x>1055</x><y>549</y><time>26-08-20 21:35:00:378</time></pt><pt><x>3516</x><y>549</y><time>26-08-20 21:35:02:649</time></pt><pt><x>3516</x><y>2350</y><time>undefined</time></pt><pt><x>1055</x><y>2350</y><time>undefined</time></pt><closed_date>26-08-20 21:35:02:650</closed_date></polygon></object></annotation>