<annotation><filename>m1_s01_138_p.jpg</filename><folder>users/joselusava//jacob</folder><source><submittedBy>Jose Saca</submittedBy></source><imagesize><nrows>3200</nrows><ncols>4800</ncols></imagesize><object><name>m1_s01_138_p</name><deleted>0</deleted><verified>0</verified><occluded>no</occluded><attributes></attributes><parts><hasparts></hasparts><ispartof></ispartof></parts><date>20-08-20 20:34:22:128</date><id>0</id><type>bounding_box</type><polygon><username>anonymous</username><pt><x>1060</x><y>409</y><time>20-08-20 20:33:50:259</time></pt><pt><x>3145</x><y>409</y><time>20-08-20 20:34:00:063</time></pt><pt><x>3145</x><y>2681</y><time>undefined</time></pt><pt><x>1060</x><y>2681</y><time>undefined</time></pt><closed_date>20-08-20 20:34:00:064</closed_date></polygon></object></annotation>