<annotation><filename>m1_s05_115_p_ic090.jpg</filename><folder>users/joselusava//jacob/sala5_115_ic</folder><source><submittedBy>Jose Saca</submittedBy></source><imagesize><nrows>3200</nrows><ncols>4796</ncols></imagesize><object><name>m1_s05_115_p_ic090</name><deleted>0</deleted><verified>0</verified><occluded>no</occluded><attributes></attributes><parts><hasparts></hasparts><ispartof></ispartof></parts><date>30-08-20 21:32:23:347</date><id>0</id><type>bounding_box</type><polygon><username>anonymous</username><pt><x>1580</x><y>699</y><time>30-08-20 21:32:20:807</time></pt><pt><x>3111</x><y>699</y><time>30-08-20 21:32:22:236</time></pt><pt><x>3111</x><y>2364</y><time>undefined</time></pt><pt><x>1580</x><y>2364</y><time>undefined</time></pt><closed_date>30-08-20 21:32:22:238</closed_date></polygon></object></annotation>