<annotation><filename>m1_s07_194_p_ic097.jpg</filename><folder>users/joselusava//santiago</folder><source><submittedBy>Jose Saca</submittedBy></source><imagesize><nrows>3200</nrows><ncols>4800</ncols></imagesize><object><name>m1_s07_194_p_ic097</name><deleted>0</deleted><verified>0</verified><occluded>no</occluded><attributes></attributes><parts><hasparts></hasparts><ispartof></ispartof></parts><date>22-08-20 17:50:44:124</date><id>0</id><type>bounding_box</type><polygon><username>anonymous</username><pt><x>1821</x><y>529</y><time>22-08-20 17:50:33:437</time></pt><pt><x>3009</x><y>529</y><time>22-08-20 17:50:35:521</time></pt><pt><x>3009</x><y>2804</y><time>undefined</time></pt><pt><x>1821</x><y>2804</y><time>undefined</time></pt><closed_date>22-08-20 17:50:35:523</closed_date></polygon></object></annotation>