<annotation><filename>img_m1_s10_270_p_nic008.jpg</filename><folder>users/joselusava//santiago</folder><source><submittedBy>Jose Saca</submittedBy></source><imagesize><nrows>3200</nrows><ncols>4800</ncols></imagesize><object><name>m1_s10_270_p_nic008</name><deleted>0</deleted><verified>0</verified><occluded>no</occluded><attributes></attributes><parts><hasparts></hasparts><ispartof></ispartof></parts><date>27-08-20 12:49:19:840</date><id>0</id><type>bounding_box</type><polygon><username>anonymous</username><pt><x>1227</x><y>382</y><time>27-08-20 12:49:09:625</time></pt><pt><x>2998</x><y>382</y><time>27-08-20 12:49:12:852</time></pt><pt><x>2998</x><y>1764</y><time>undefined</time></pt><pt><x>1227</x><y>1764</y><time>undefined</time></pt><closed_date>27-08-20 12:49:12:853</closed_date></polygon></object></annotation>