<annotation><filename>m1_s07_194_p_nic007.jpg</filename><folder>users/joselusava//santiago</folder><source><submittedBy>Jose Saca</submittedBy></source><imagesize><nrows>3200</nrows><ncols>4800</ncols></imagesize><object><name>m1_s07_194_p_nic007</name><deleted>0</deleted><verified>0</verified><occluded>no</occluded><attributes></attributes><parts><hasparts></hasparts><ispartof></ispartof></parts><date>24-08-20 11:16:36:381</date><id>0</id><type>bounding_box</type><polygon><username>anonymous</username><pt><x>2682</x><y>1314</y><time>24-08-20 11:16:23:692</time></pt><pt><x>3474</x><y>1314</y><time>24-08-20 11:16:28:833</time></pt><pt><x>3474</x><y>2926</y><time>undefined</time></pt><pt><x>2682</x><y>2926</y><time>undefined</time></pt><closed_date>24-08-20 11:16:28:834</closed_date></polygon></object></annotation>