<annotation><filename>m1_s07_194_p_ic082.jpg</filename><folder>users/joselusava//santiago</folder><source><submittedBy>Jose Saca</submittedBy></source><imagesize><nrows>3200</nrows><ncols>4800</ncols></imagesize><object><name>m1_s07_194_p_ic082</name><deleted>0</deleted><verified>0</verified><occluded>no</occluded><attributes></attributes><parts><hasparts></hasparts><ispartof></ispartof></parts><date>22-08-20 17:12:47:367</date><id>0</id><type>bounding_box</type><polygon><username>anonymous</username><pt><x>1260</x><y>504</y><time>22-08-20 17:12:34:740</time></pt><pt><x>2854</x><y>504</y><time>22-08-20 17:12:39:283</time></pt><pt><x>2854</x><y>2422</y><time>undefined</time></pt><pt><x>1260</x><y>2422</y><time>undefined</time></pt><closed_date>22-08-20 17:12:39:284</closed_date></polygon></object></annotation>