<annotation><filename>m1_s05_138_p_ic034.jpg</filename><folder>users/joselusava//jacob</folder><source><submittedBy>Jose Saca</submittedBy></source><imagesize><nrows>3200</nrows><ncols>4800</ncols></imagesize><object><name>m1_s05_138_p_ic034</name><deleted>0</deleted><verified>0</verified><occluded>no</occluded><attributes></attributes><parts><hasparts></hasparts><ispartof></ispartof></parts><date>21-08-20 20:09:20:225</date><id>0</id><type>bounding_box</type><polygon><username>anonymous</username><pt><x>2985</x><y>499</y><time>21-08-20 20:09:12:444</time></pt><pt><x>1648</x><y>499</y><time>21-08-20 20:09:16:599</time></pt><pt><x>1648</x><y>2868</y><time>undefined</time></pt><pt><x>2985</x><y>2868</y><time>undefined</time></pt><closed_date>21-08-20 20:09:16:599</closed_date></polygon></object></annotation>