<annotation><filename>img_m1_s10_303_p_ic059.jpg</filename><folder>users/joselusava//santiago</folder><source><submittedBy>Jose Saca</submittedBy></source><imagesize><nrows>3200</nrows><ncols>4800</ncols></imagesize><object><name>m1_s10_303_p_ic059</name><deleted>0</deleted><verified>0</verified><occluded>no</occluded><attributes></attributes><parts><hasparts></hasparts><ispartof></ispartof></parts><date>31-08-20 14:08:50:684</date><id>0</id><type>bounding_box</type><polygon><username>anonymous</username><pt><x>1465</x><y>1159</y><time>31-08-20 14:08:39:825</time></pt><pt><x>3092</x><y>1159</y><time>31-08-20 14:08:44:108</time></pt><pt><x>3092</x><y>2149</y><time>undefined</time></pt><pt><x>1465</x><y>2149</y><time>undefined</time></pt><closed_date>31-08-20 14:08:44:109</closed_date></polygon></object></annotation>