<annotation><filename>m1_s07_194_p_ic040.jpg</filename><folder>users/joselusava//santiago</folder><source><submittedBy>Jose Saca</submittedBy></source><imagesize><nrows>3200</nrows><ncols>4800</ncols></imagesize><object><name>m1_s07_194_p_ic040</name><deleted>0</deleted><verified>0</verified><occluded>no</occluded><attributes></attributes><parts><hasparts></hasparts><ispartof></ispartof></parts><date>21-08-20 18:29:32:296</date><id>0</id><type>bounding_box</type><polygon><username>anonymous</username><pt><x>1202</x><y>94</y><time>21-08-20 18:29:18:946</time></pt><pt><x>3088</x><y>94</y><time>21-08-20 18:29:22:068</time></pt><pt><x>3088</x><y>3034</y><time>undefined</time></pt><pt><x>1202</x><y>3034</y><time>undefined</time></pt><closed_date>21-08-20 18:29:22:068</closed_date></polygon></object></annotation>