<annotation><filename>m1_s07_194_p_nic085.jpg</filename><folder>users/joselusava//santiago</folder><source><submittedBy>Jose Saca</submittedBy></source><imagesize><nrows>3200</nrows><ncols>4800</ncols></imagesize><object><name>m1_s07_194_p_nic085</name><deleted>0</deleted><verified>0</verified><occluded>no</occluded><attributes></attributes><parts><hasparts></hasparts><ispartof></ispartof></parts><date>24-08-20 15:07:29:665</date><id>0</id><type>bounding_box</type><polygon><username>anonymous</username><pt><x>1965</x><y>324</y><time>24-08-20 15:07:20:622</time></pt><pt><x>3139</x><y>324</y><time>24-08-20 15:07:22:866</time></pt><pt><x>3139</x><y>1962</y><time>undefined</time></pt><pt><x>1965</x><y>1962</y><time>undefined</time></pt><closed_date>24-08-20 15:07:22:867</closed_date></polygon></object></annotation>