<annotation><filename>img_m1_s10_270_p_nic002.jpg</filename><folder>users/joselusava//santiago</folder><source><submittedBy>Jose Saca</submittedBy></source><imagesize><nrows>3200</nrows><ncols>4800</ncols></imagesize><object><name>m1_s10_270_p_nic002</name><deleted>0</deleted><verified>0</verified><occluded>no</occluded><attributes></attributes><parts><hasparts></hasparts><ispartof></ispartof></parts><date>27-08-20 12:40:42:988</date><id>0</id><type>bounding_box</type><polygon><username>anonymous</username><pt><x>2502</x><y>1238</y><time>27-08-20 12:40:34:310</time></pt><pt><x>4305</x><y>1238</y><time>27-08-20 12:40:36:718</time></pt><pt><x>4305</x><y>2552</y><time>undefined</time></pt><pt><x>2502</x><y>2552</y><time>undefined</time></pt><closed_date>27-08-20 12:40:36:719</closed_date></polygon></object></annotation>