<annotation><filename>m1_s07_194_p_nic003.jpg</filename><folder>users/joselusava//santiago</folder><source><submittedBy>Jose Saca</submittedBy></source><imagesize><nrows>3200</nrows><ncols>4800</ncols></imagesize><object><name>m1_s07_194_p_nic003</name><deleted>0</deleted><verified>0</verified><occluded>no</occluded><attributes></attributes><parts><hasparts></hasparts><ispartof></ispartof></parts><date>24-08-20 11:07:46:885</date><id>0</id><type>bounding_box</type><polygon><username>anonymous</username><pt><x>3420</x><y>979</y><time>24-08-20 11:07:35:859</time></pt><pt><x>4355</x><y>979</y><time>24-08-20 11:07:38:920</time></pt><pt><x>4355</x><y>2577</y><time>undefined</time></pt><pt><x>3420</x><y>2577</y><time>undefined</time></pt><closed_date>24-08-20 11:07:38:922</closed_date></polygon></object></annotation>