<annotation><filename>m1_s05_138_p_ic019.jpg</filename><folder>users/joselusava//jacob</folder><source><submittedBy>Jose Saca</submittedBy></source><imagesize><nrows>3200</nrows><ncols>4800</ncols></imagesize><object><name>m1_s05_138_p_ic019</name><deleted>0</deleted><verified>0</verified><occluded>no</occluded><attributes></attributes><parts><hasparts></hasparts><ispartof></ispartof></parts><date>21-08-20 17:25:46:774</date><id>0</id><type>bounding_box</type><polygon><username>anonymous</username><pt><x>1347</x><y>2915</y><time>21-08-20 17:25:36:238</time></pt><pt><x>2887</x><y>2915</y><time>21-08-20 17:25:38:116</time></pt><pt><x>2887</x><y>737</y><time>undefined</time></pt><pt><x>1347</x><y>737</y><time>undefined</time></pt><closed_date>21-08-20 17:25:38:116</closed_date></polygon></object></annotation>