<annotation><filename>m1_s07_194_p_nic042.jpg</filename><folder>users/joselusava//santiago</folder><source><submittedBy>Jose Saca</submittedBy></source><imagesize><nrows>3200</nrows><ncols>4800</ncols></imagesize><object><name>m1_s07_194_p_nic042</name><deleted>0</deleted><verified>0</verified><occluded>no</occluded><attributes></attributes><parts><hasparts></hasparts><ispartof></ispartof></parts><date>24-08-20 13:29:34:213</date><id>0</id><type>bounding_box</type><polygon><username>anonymous</username><pt><x>2538</x><y>1523</y><time>24-08-20 13:29:23:569</time></pt><pt><x>3668</x><y>1523</y><time>24-08-20 13:29:27:093</time></pt><pt><x>3668</x><y>2970</y><time>undefined</time></pt><pt><x>2538</x><y>2970</y><time>undefined</time></pt><closed_date>24-08-20 13:29:27:094</closed_date></polygon></object></annotation>