<annotation><filename>img_m1_s01_270_p_ic054.jpg</filename><folder>users/joselusava//santiago</folder><source><submittedBy>Jose Saca</submittedBy></source><imagesize><nrows>3200</nrows><ncols>4800</ncols></imagesize><object><name>m1_s10_270_p_ic054</name><deleted>0</deleted><verified>0</verified><occluded>no</occluded><attributes></attributes><parts><hasparts></hasparts><ispartof></ispartof></parts><date>26-08-20 21:59:11:412</date><id>0</id><type>bounding_box</type><polygon><username>anonymous</username><pt><x>835</x><y>688</y><time>26-08-20 21:59:00:364</time></pt><pt><x>3366</x><y>688</y><time>26-08-20 21:59:04:236</time></pt><pt><x>3366</x><y>2340</y><time>undefined</time></pt><pt><x>835</x><y>2340</y><time>undefined</time></pt><closed_date>26-08-20 21:59:04:237</closed_date></polygon></object></annotation>