<annotation><filename>m1_s07_194_p_ic022.jpg</filename><folder>users/joselusava//santiago</folder><source><submittedBy>Jose Saca</submittedBy></source><imagesize><nrows>3200</nrows><ncols>4800</ncols></imagesize><object><name>m1_s07_194_p_ic022</name><deleted>0</deleted><verified>0</verified><occluded>no</occluded><attributes></attributes><parts><hasparts></hasparts><ispartof></ispartof></parts><date>21-08-20 13:45:49:475</date><id>0</id><type>bounding_box</type><polygon><username>anonymous</username><pt><x>1847</x><y>421</y><time>21-08-20 13:45:25:821</time></pt><pt><x>3160</x><y>421</y><time>21-08-20 13:45:35:045</time></pt><pt><x>3160</x><y>2847</y><time>undefined</time></pt><pt><x>1847</x><y>2847</y><time>undefined</time></pt><closed_date>21-08-20 13:45:35:045</closed_date></polygon></object></annotation>