<annotation><filename>m1_s07_194_p_ic056.jpg</filename><folder>users/joselusava//santiago</folder><source><submittedBy>Jose Saca</submittedBy></source><imagesize><nrows>3200</nrows><ncols>4800</ncols></imagesize><object><name>m1_s07_194_p_ic056</name><deleted>0</deleted><verified>0</verified><occluded>no</occluded><attributes></attributes><parts><hasparts></hasparts><ispartof></ispartof></parts><date>22-08-20 16:08:08:863</date><id>0</id><type>bounding_box</type><polygon><username>anonymous</username><pt><x>1479</x><y>43</y><time>22-08-20 16:07:49:434</time></pt><pt><x>3052</x><y>43</y><time>22-08-20 16:07:57:295</time></pt><pt><x>3052</x><y>3171</y><time>undefined</time></pt><pt><x>1479</x><y>3171</y><time>undefined</time></pt><closed_date>22-08-20 16:07:57:297</closed_date></polygon></object></annotation>