<annotation><filename>img_m1_s10_270_p_ic010.jpg</filename><folder>users/joselusava//santiago</folder><source><submittedBy>Jose Saca</submittedBy></source><imagesize><nrows>3200</nrows><ncols>4800</ncols></imagesize><object><name>m1_s10_270_p_ic010</name><deleted>0</deleted><verified>0</verified><occluded>no</occluded><attributes></attributes><parts><hasparts></hasparts><ispartof></ispartof></parts><date>26-08-20 18:11:49:353</date><id>0</id><type>bounding_box</type><polygon><username>anonymous</username><pt><x>1105</x><y>545</y><time>26-08-20 18:11:32:537</time></pt><pt><x>3851</x><y>545</y><time>26-08-20 18:11:36:945</time></pt><pt><x>3851</x><y>2610</y><time>undefined</time></pt><pt><x>1105</x><y>2610</y><time>undefined</time></pt><closed_date>26-08-20 18:11:36:945</closed_date></polygon></object></annotation>