<annotation><filename>m1_s09_267_x.jpg</filename><folder>users/joselusava//santiago</folder><source><submittedBy>Jose Saca</submittedBy></source><imagesize><nrows>3200</nrows><ncols>4800</ncols></imagesize><object><name>m1_s09_267_x</name><deleted>0</deleted><verified>0</verified><occluded>no</occluded><attributes></attributes><parts><hasparts></hasparts><ispartof></ispartof></parts><date>25-08-20 14:27:17:056</date><id>0</id><type>bounding_box</type><polygon><username>anonymous</username><pt><x>1029</x><y>216</y><time>25-08-20 14:27:08:412</time></pt><pt><x>3636</x><y>216</y><time>25-08-20 14:27:10:629</time></pt><pt><x>3636</x><y>2977</y><time>undefined</time></pt><pt><x>1029</x><y>2977</y><time>undefined</time></pt><closed_date>25-08-20 14:27:10:629</closed_date></polygon></object></annotation>