<annotation><filename>img_m1_s10_303_p_ic030.jpg</filename><folder>users/joselusava//santiago</folder><source><submittedBy>Jose Saca</submittedBy></source><imagesize><nrows>3200</nrows><ncols>4800</ncols></imagesize><object><name>m1_s10_303_p_ic030</name><deleted>0</deleted><verified>0</verified><occluded>no</occluded><attributes></attributes><parts><hasparts></hasparts><ispartof></ispartof></parts><date>31-08-20 13:03:51:620</date><id>0</id><type>bounding_box</type><polygon><username>anonymous</username><pt><x>1328</x><y>911</y><time>31-08-20 13:03:36:310</time></pt><pt><x>3142</x><y>911</y><time>31-08-20 13:03:38:508</time></pt><pt><x>3142</x><y>2253</y><time>undefined</time></pt><pt><x>1328</x><y>2253</y><time>undefined</time></pt><closed_date>31-08-20 13:03:38:509</closed_date></polygon></object></annotation>