<annotation><filename>m1_s05_138_p_nic088.jpg</filename><folder>users/joselusava//jacob/138</folder><source><submittedBy>Jose Saca</submittedBy></source><imagesize><nrows>3200</nrows><ncols>4800</ncols></imagesize><object><name>m1_s05_138_p_nic088</name><deleted>0</deleted><verified>0</verified><occluded>no</occluded><attributes></attributes><parts><hasparts></hasparts><ispartof></ispartof></parts><date>24-08-20 12:47:52:879</date><id>0</id><type>bounding_box</type><polygon><username>anonymous</username><pt><x>513</x><y>506</y><time>24-08-20 12:47:50:371</time></pt><pt><x>1392</x><y>506</y><time>24-08-20 12:47:51:935</time></pt><pt><x>1392</x><y>1822</y><time>undefined</time></pt><pt><x>513</x><y>1822</y><time>undefined</time></pt><closed_date>24-08-20 12:47:51:935</closed_date></polygon></object></annotation>