<annotation><filename>img_m1_s10_270_p_ic025.jpg</filename><folder>users/joselusava//santiago</folder><source><submittedBy>Jose Saca</submittedBy></source><imagesize><nrows>3200</nrows><ncols>4800</ncols></imagesize><object><name>m1_s10_270_p_ic025</name><deleted>0</deleted><verified>0</verified><occluded>no</occluded><attributes></attributes><parts><hasparts></hasparts><ispartof></ispartof></parts><date>26-08-20 18:55:56:636</date><id>0</id><type>bounding_box</type><polygon><username>anonymous</username><pt><x>1281</x><y>619</y><time>26-08-20 18:55:46:360</time></pt><pt><x>3240</x><y>619</y><time>26-08-20 18:55:48:395</time></pt><pt><x>3240</x><y>2692</y><time>undefined</time></pt><pt><x>1281</x><y>2692</y><time>undefined</time></pt><closed_date>26-08-20 18:55:48:397</closed_date></polygon></object></annotation>