<annotation><filename>m1_s07_215_x.jpg</filename><folder>users/joselusava//santiago</folder><source><submittedBy>Jose Saca</submittedBy></source><imagesize><nrows>3200</nrows><ncols>4800</ncols></imagesize><object><name>m1_s07_215_x</name><deleted>0</deleted><verified>0</verified><occluded>no</occluded><attributes></attributes><parts><hasparts></hasparts><ispartof></ispartof></parts><date>24-08-20 16:48:13:045</date><id>0</id><type>bounding_box</type><polygon><username>anonymous</username><pt><x>441</x><y>267</y><time>24-08-20 16:48:02:945</time></pt><pt><x>4356</x><y>267</y><time>24-08-20 16:48:06:239</time></pt><pt><x>4356</x><y>2799</y><time>undefined</time></pt><pt><x>441</x><y>2799</y><time>undefined</time></pt><closed_date>24-08-20 16:48:06:240</closed_date></polygon></object></annotation>