<annotation><filename>img_m1_s10_270_p_nic010.jpg</filename><folder>users/joselusava//santiago</folder><source><submittedBy>Jose Saca</submittedBy></source><imagesize><nrows>3200</nrows><ncols>4800</ncols></imagesize><object><name>m1_s10_270_p_nic010</name><deleted>0</deleted><verified>0</verified><occluded>no</occluded><attributes></attributes><parts><hasparts></hasparts><ispartof></ispartof></parts><date>27-08-20 12:51:54:643</date><id>0</id><type>bounding_box</type><polygon><username>anonymous</username><pt><x>921</x><y>464</y><time>27-08-20 12:51:43:651</time></pt><pt><x>2718</x><y>464</y><time>27-08-20 12:51:48:177</time></pt><pt><x>2718</x><y>1832</y><time>undefined</time></pt><pt><x>921</x><y>1832</y><time>undefined</time></pt><closed_date>27-08-20 12:51:48:178</closed_date></polygon></object></annotation>