<annotation><filename>img_m1_s10_270_p_nic099.jpg</filename><folder>users/joselusava//santiago</folder><source><submittedBy>Jose Saca</submittedBy></source><imagesize><nrows>3200</nrows><ncols>4800</ncols></imagesize><object><name>m1_s10_270_p_nic099</name><deleted>0</deleted><verified>0</verified><occluded>no</occluded><attributes></attributes><parts><hasparts></hasparts><ispartof></ispartof></parts><date>28-08-20 14:55:56:646</date><id>0</id><type>bounding_box</type><polygon><username>anonymous</username><pt><x>2385</x><y>411</y><time>28-08-20 14:55:46:996</time></pt><pt><x>3954</x><y>411</y><time>28-08-20 14:55:49:798</time></pt><pt><x>3954</x><y>1787</y><time>undefined</time></pt><pt><x>2385</x><y>1787</y><time>undefined</time></pt><closed_date>28-08-20 14:55:49:799</closed_date></polygon></object></annotation>