<annotation><filename>m1_s05_115_p_ic066.jpg</filename><folder>users/joselusava//jacob/sala5_115_ic</folder><source><submittedBy>Jose Saca</submittedBy></source><imagesize><nrows>3200</nrows><ncols>4796</ncols></imagesize><object><name>m1_s05_115_p_ic066</name><deleted>0</deleted><verified>0</verified><occluded>no</occluded><attributes></attributes><parts><hasparts></hasparts><ispartof></ispartof></parts><date>30-08-20 21:13:56:378</date><id>0</id><type>bounding_box</type><polygon><username>anonymous</username><pt><x>1015</x><y>2633</y><time>30-08-20 21:13:53:142</time></pt><pt><x>3781</x><y>2633</y><time>30-08-20 21:13:55:575</time></pt><pt><x>3781</x><y>670</y><time>undefined</time></pt><pt><x>1015</x><y>670</y><time>undefined</time></pt><closed_date>30-08-20 21:13:55:576</closed_date></polygon></object></annotation>