<annotation><filename>img_m1_s10_303_p_ic074.jpg</filename><folder>users/joselusava//santiago</folder><source><submittedBy>Jose Saca</submittedBy></source><imagesize><nrows>3200</nrows><ncols>4800</ncols></imagesize><object><name>m1_s10_303_p_ic074</name><deleted>0</deleted><verified>0</verified><occluded>no</occluded><attributes></attributes><parts><hasparts></hasparts><ispartof></ispartof></parts><date>01-09-20 10:20:43:946</date><id>0</id><type>bounding_box</type><polygon><username>anonymous</username><pt><x>1213</x><y>979</y><time>01-09-20 10:20:31:870</time></pt><pt><x>3538</x><y>979</y><time>01-09-20 10:20:35:584</time></pt><pt><x>3538</x><y>2376</y><time>undefined</time></pt><pt><x>1213</x><y>2376</y><time>undefined</time></pt><closed_date>01-09-20 10:20:35:585</closed_date></polygon></object></annotation>