<annotation><filename>m1_s07_194_p_nic096.jpg</filename><folder>users/joselusava//santiago</folder><source><submittedBy>Jose Saca</submittedBy></source><imagesize><nrows>3200</nrows><ncols>4800</ncols></imagesize><object><name>m1_s07_194_p_nic096</name><deleted>0</deleted><verified>0</verified><occluded>no</occluded><attributes></attributes><parts><hasparts></hasparts><ispartof></ispartof></parts><date>24-08-20 15:23:24:306</date><id>0</id><type>bounding_box</type><polygon><username>anonymous</username><pt><x>1733</x><y>1493</y><time>24-08-20 15:23:14:555</time></pt><pt><x>2815</x><y>1493</y><time>24-08-20 15:23:17:116</time></pt><pt><x>2815</x><y>2994</y><time>undefined</time></pt><pt><x>1733</x><y>2994</y><time>undefined</time></pt><closed_date>24-08-20 15:23:17:117</closed_date></polygon></object></annotation>