<annotation><filename>m1_s07_194_p_nic018.jpg</filename><folder>users/joselusava//santiago</folder><source><submittedBy>Jose Saca</submittedBy></source><imagesize><nrows>3200</nrows><ncols>4800</ncols></imagesize><object><name>m1_s07_194_p_nic018</name><deleted>0</deleted><verified>0</verified><occluded>no</occluded><attributes></attributes><parts><hasparts></hasparts><ispartof></ispartof></parts><date>24-08-20 11:35:37:495</date><id>0</id><type>bounding_box</type><polygon><username>anonymous</username><pt><x>324</x><y>518</y><time>24-08-20 11:35:25:017</time></pt><pt><x>1256</x><y>518</y><time>24-08-20 11:35:27:386</time></pt><pt><x>1256</x><y>2473</y><time>undefined</time></pt><pt><x>324</x><y>2473</y><time>undefined</time></pt><closed_date>24-08-20 11:35:27:388</closed_date></polygon></object></annotation>