<annotation><filename>m1_s05_138_p_nic030.jpg</filename><folder>users/joselusava//jacob/138</folder><source><submittedBy>Jose Saca</submittedBy></source><imagesize><nrows>3200</nrows><ncols>4800</ncols></imagesize><object><name>m1_s05_138_p_nic030</name><deleted>0</deleted><verified>0</verified><occluded>no</occluded><attributes></attributes><parts><hasparts></hasparts><ispartof></ispartof></parts><date>23-08-20 23:37:08:018</date><id>0</id><type>bounding_box</type><polygon><username>anonymous</username><pt><x>2242</x><y>335</y><time>23-08-20 23:37:05:142</time></pt><pt><x>2817</x><y>335</y><time>23-08-20 23:37:06:593</time></pt><pt><x>2817</x><y>1236</y><time>undefined</time></pt><pt><x>2242</x><y>1236</y><time>undefined</time></pt><closed_date>23-08-20 23:37:06:594</closed_date></polygon></object></annotation>