<annotation><filename>img_m1_s10_303_p_ic016.jpg</filename><folder>users/joselusava//santiago</folder><source><submittedBy>Jose Saca</submittedBy></source><imagesize><nrows>3200</nrows><ncols>4800</ncols></imagesize><object><name>m1_s10_303_p_ic016</name><deleted>0</deleted><verified>0</verified><occluded>no</occluded><attributes></attributes><parts><hasparts></hasparts><ispartof></ispartof></parts><date>31-08-20 11:55:39:262</date><id>0</id><type>bounding_box</type><polygon><username>anonymous</username><pt><x>1200</x><y>899</y><time>31-08-20 11:55:28:061</time></pt><pt><x>3482</x><y>899</y><time>31-08-20 11:55:31:818</time></pt><pt><x>3482</x><y>2072</y><time>undefined</time></pt><pt><x>1200</x><y>2072</y><time>undefined</time></pt><closed_date>31-08-20 11:55:31:819</closed_date></polygon></object></annotation>