<annotation><filename>img_m1_s10_270_p_nic024.jpg</filename><folder>users/joselusava//santiago</folder><source><submittedBy>Jose Saca</submittedBy></source><imagesize><nrows>3200</nrows><ncols>4800</ncols></imagesize><object><name>m1_s10_270_p_nic024</name><deleted>0</deleted><verified>0</verified><occluded>no</occluded><attributes></attributes><parts><hasparts></hasparts><ispartof></ispartof></parts><date>27-08-20 13:25:05:885</date><id>0</id><type>bounding_box</type><polygon><username>anonymous</username><pt><x>1406</x><y>1490</y><time>27-08-20 13:24:56:194</time></pt><pt><x>3101</x><y>1490</y><time>27-08-20 13:24:58:617</time></pt><pt><x>3101</x><y>2846</y><time>undefined</time></pt><pt><x>1406</x><y>2846</y><time>undefined</time></pt><closed_date>27-08-20 13:24:58:617</closed_date></polygon></object></annotation>