<annotation><filename>m1_s05_138_p_ic059.jpg</filename><folder>users/joselusava//jacob</folder><source><submittedBy>Jose Saca</submittedBy></source><imagesize><nrows>3200</nrows><ncols>4800</ncols></imagesize><object><name>m1_s05_138_p_ic059</name><deleted>0</deleted><verified>0</verified><occluded>no</occluded><attributes></attributes><parts><hasparts></hasparts><ispartof></ispartof></parts><date>21-08-20 22:38:11:717</date><id>0</id><type>bounding_box</type><polygon><username>anonymous</username><pt><x>1614</x><y>166</y><time>21-08-20 22:38:06:161</time></pt><pt><x>3186</x><y>166</y><time>21-08-20 22:38:08:154</time></pt><pt><x>3186</x><y>2618</y><time>undefined</time></pt><pt><x>1614</x><y>2618</y><time>undefined</time></pt><closed_date>21-08-20 22:38:08:156</closed_date></polygon></object></annotation>