<annotation><filename>m1_s05_138_p_nic064.jpg</filename><folder>users/joselusava//jacob/138</folder><source><submittedBy>Jose Saca</submittedBy></source><imagesize><nrows>3200</nrows><ncols>4800</ncols></imagesize><object><name>m1_s05_138_p_nic064</name><deleted>0</deleted><verified>0</verified><occluded>no</occluded><attributes></attributes><parts><hasparts></hasparts><ispartof></ispartof></parts><date>23-08-20 23:55:52:627</date><id>0</id><type>bounding_box</type><polygon><username>anonymous</username><pt><x>3430</x><y>1753</y><time>23-08-20 23:55:47:325</time></pt><pt><x>4465</x><y>1753</y><time>23-08-20 23:55:51:489</time></pt><pt><x>4465</x><y>3085</y><time>undefined</time></pt><pt><x>3430</x><y>3085</y><time>undefined</time></pt><closed_date>23-08-20 23:55:51:489</closed_date></polygon></object></annotation>