<annotation><filename>m1_s05_138_p_ic024.jpg</filename><folder>users/joselusava//jacob</folder><source><submittedBy>Jose Saca</submittedBy></source><imagesize><nrows>3200</nrows><ncols>4800</ncols></imagesize><object><name>m1_s05_138_p_ic024</name><deleted>0</deleted><verified>0</verified><occluded>no</occluded><attributes></attributes><parts><hasparts></hasparts><ispartof></ispartof></parts><date>21-08-20 18:30:47:880</date><id>0</id><type>bounding_box</type><polygon><username>anonymous</username><pt><x>1509</x><y>2570</y><time>21-08-20 18:30:40:224</time></pt><pt><x>2816</x><y>2570</y><time>21-08-20 18:30:42:493</time></pt><pt><x>2816</x><y>483</y><time>undefined</time></pt><pt><x>1509</x><y>483</y><time>undefined</time></pt><closed_date>21-08-20 18:30:42:494</closed_date></polygon></object></annotation>