<annotation><filename>m1_s05_138_p_ic088.jpg</filename><folder>users/joselusava//jacob</folder><source><submittedBy>Jose Saca</submittedBy></source><imagesize><nrows>3200</nrows><ncols>4800</ncols></imagesize><object><name>m1_s05_138_p_ic088</name><deleted>0</deleted><verified>0</verified><occluded>no</occluded><attributes></attributes><parts><hasparts></hasparts><ispartof></ispartof></parts><date>21-08-20 23:08:33:553</date><id>0</id><type>bounding_box</type><polygon><username>anonymous</username><pt><x>1302</x><y>2729</y><time>21-08-20 23:08:26:639</time></pt><pt><x>3124</x><y>2729</y><time>21-08-20 23:08:29:769</time></pt><pt><x>3124</x><y>381</y><time>undefined</time></pt><pt><x>1302</x><y>381</y><time>undefined</time></pt><closed_date>21-08-20 23:08:29:769</closed_date></polygon></object></annotation>