<annotation><filename>m1_s07_192_x.jpg</filename><folder>users/joselusava//santiago</folder><source><submittedBy>Jose Saca</submittedBy></source><imagesize><nrows>3200</nrows><ncols>4800</ncols></imagesize><object><name>m1_s07_192_x</name><deleted>0</deleted><verified>0</verified><occluded>no</occluded><attributes></attributes><parts><hasparts></hasparts><ispartof></ispartof></parts><date>21-08-20 11:59:13:835</date><id>0</id><type>bounding_box</type><polygon><username>anonymous</username><pt><x>1119</x><y>119</y><time>21-08-20 11:58:56:491</time></pt><pt><x>3657</x><y>119</y><time>21-08-20 11:59:02:139</time></pt><pt><x>3657</x><y>2941</y><time>undefined</time></pt><pt><x>1119</x><y>2941</y><time>undefined</time></pt><closed_date>21-08-20 11:59:02:141</closed_date></polygon></object></annotation>