<annotation><filename>m1_s05_117_x.jpg</filename><folder>users/joselusava//jacob/sala5_correccion</folder><source><submittedBy>Jose Saca</submittedBy></source><imagesize><nrows>3203</nrows><ncols>4800</ncols></imagesize><object><name>m1_s05_117_x</name><deleted>0</deleted><verified>0</verified><occluded>no</occluded><attributes></attributes><parts><hasparts></hasparts><ispartof></ispartof></parts><date>29-08-20 22:43:28:902</date><id>0</id><type>bounding_box</type><polygon><username>anonymous</username><pt><x>3727</x><y>2711</y><time>29-08-20 22:43:25:041</time></pt><pt><x>891</x><y>2711</y><time>29-08-20 22:43:26:755</time></pt><pt><x>891</x><y>460</y><time>undefined</time></pt><pt><x>3727</x><y>460</y><time>undefined</time></pt><closed_date>29-08-20 22:43:26:756</closed_date></polygon></object></annotation>