<annotation><filename>m1_s05_115_p_nic006.jpg</filename><folder>users/joselusava//jacob/sala5_115_nic</folder><source><submittedBy>Jose Saca</submittedBy></source><imagesize><nrows>3200</nrows><ncols>4796</ncols></imagesize><object><name>m1_s05_115_p_nic006</name><deleted>0</deleted><verified>0</verified><occluded>no</occluded><attributes></attributes><parts><hasparts></hasparts><ispartof></ispartof></parts><date>30-08-20 22:58:32:615</date><id>0</id><type>bounding_box</type><polygon><username>anonymous</username><pt><x>2977</x><y>1723</y><time>30-08-20 22:58:30:553</time></pt><pt><x>4471</x><y>1723</y><time>30-08-20 22:58:31:570</time></pt><pt><x>4471</x><y>689</y><time>undefined</time></pt><pt><x>2977</x><y>689</y><time>undefined</time></pt><closed_date>30-08-20 22:58:31:570</closed_date></polygon></object></annotation>