<annotation><filename>m1_s07_201_x.jpg</filename><folder>users/joselusava//santiago</folder><source><submittedBy>Jose Saca</submittedBy></source><imagesize><nrows>3200</nrows><ncols>4800</ncols></imagesize><object><name>m1_s07_201_x</name><deleted>0</deleted><verified>0</verified><occluded>no</occluded><attributes></attributes><parts><hasparts></hasparts><ispartof></ispartof></parts><date>24-08-20 16:09:41:827</date><id>0</id><type>bounding_box</type><polygon><username>anonymous</username><pt><x>1112</x><y>652</y><time>24-08-20 16:09:27:510</time></pt><pt><x>3920</x><y>652</y><time>24-08-20 16:09:31:392</time></pt><pt><x>3920</x><y>2642</y><time>undefined</time></pt><pt><x>1112</x><y>2642</y><time>undefined</time></pt><closed_date>24-08-20 16:09:31:394</closed_date></polygon></object></annotation>