<annotation><filename>m1_s05_115_p_nic053.jpg</filename><folder>users/joselusava//jacob/sala5_115_nic</folder><source><submittedBy>Jose Saca</submittedBy></source><imagesize><nrows>3200</nrows><ncols>4796</ncols></imagesize><object><name>m1_s05_115_p_nic053</name><deleted>0</deleted><verified>0</verified><occluded>no</occluded><attributes></attributes><parts><hasparts></hasparts><ispartof></ispartof></parts><date>30-08-20 23:43:37:831</date><id>0</id><type>bounding_box</type><polygon><username>anonymous</username><pt><x>1350</x><y>1857</y><time>30-08-20 23:43:34:524</time></pt><pt><x>287</x><y>1857</y><time>30-08-20 23:43:36:152</time></pt><pt><x>287</x><y>651</y><time>undefined</time></pt><pt><x>1350</x><y>651</y><time>undefined</time></pt><closed_date>30-08-20 23:43:36:153</closed_date></polygon></object></annotation>