<annotation><filename>img_m1_s10_270_p_nic093.jpg</filename><folder>users/joselusava//santiago</folder><source><submittedBy>Jose Saca</submittedBy></source><imagesize><nrows>3200</nrows><ncols>4800</ncols></imagesize><object><name>m1_s10_270_p_nic093</name><deleted>0</deleted><verified>0</verified><occluded>no</occluded><attributes></attributes><parts><hasparts></hasparts><ispartof></ispartof></parts><date>28-08-20 14:47:57:628</date><id>0</id><type>bounding_box</type><polygon><username>anonymous</username><pt><x>2135</x><y>479</y><time>28-08-20 14:47:48:139</time></pt><pt><x>3960</x><y>479</y><time>28-08-20 14:47:50:697</time></pt><pt><x>3960</x><y>1807</y><time>undefined</time></pt><pt><x>2135</x><y>1807</y><time>undefined</time></pt><closed_date>28-08-20 14:47:50:699</closed_date></polygon></object></annotation>