<annotation><filename>m1_s07_194_p_nic041.jpg</filename><folder>users/joselusava//santiago</folder><source><submittedBy>Jose Saca</submittedBy></source><imagesize><nrows>3200</nrows><ncols>4800</ncols></imagesize><object><name>m1_s07_194_p_nic041</name><deleted>0</deleted><verified>0</verified><occluded>no</occluded><attributes></attributes><parts><hasparts></hasparts><ispartof></ispartof></parts><date>24-08-20 13:27:32:771</date><id>0</id><type>bounding_box</type><polygon><username>anonymous</username><pt><x>2826</x><y>1483</y><time>24-08-20 13:27:17:982</time></pt><pt><x>3978</x><y>1483</y><time>24-08-20 13:27:23:486</time></pt><pt><x>3978</x><y>2966</y><time>undefined</time></pt><pt><x>2826</x><y>2966</y><time>undefined</time></pt><closed_date>24-08-20 13:27:23:488</closed_date></polygon></object></annotation>