<annotation><filename>img_m1_s01_270_p_ic053.jpg</filename><folder>users/joselusava//santiago</folder><source><submittedBy>Jose Saca</submittedBy></source><imagesize><nrows>3200</nrows><ncols>4800</ncols></imagesize><object><name>m1_s10_270_p_ic053</name><deleted>0</deleted><verified>0</verified><occluded>no</occluded><attributes></attributes><parts><hasparts></hasparts><ispartof></ispartof></parts><date>26-08-20 21:57:40:020</date><id>0</id><type>bounding_box</type><polygon><username>anonymous</username><pt><x>742</x><y>799</y><time>26-08-20 21:57:27:989</time></pt><pt><x>3247</x><y>799</y><time>26-08-20 21:57:31:968</time></pt><pt><x>3247</x><y>2351</y><time>undefined</time></pt><pt><x>742</x><y>2351</y><time>undefined</time></pt><closed_date>26-08-20 21:57:31:969</closed_date></polygon></object></annotation>