<annotation><filename>m1_s05_138_p_ic089.jpg</filename><folder>users/joselusava//jacob</folder><source><submittedBy>Jose Saca</submittedBy></source><imagesize><nrows>3200</nrows><ncols>4800</ncols></imagesize><object><name>m1_s05_138_p_ic089</name><deleted>0</deleted><verified>0</verified><occluded>no</occluded><attributes></attributes><parts><hasparts></hasparts><ispartof></ispartof></parts><date>21-08-20 23:09:13:929</date><id>0</id><type>bounding_box</type><polygon><username>anonymous</username><pt><x>3158</x><y>346</y><time>21-08-20 23:09:08:521</time></pt><pt><x>1281</x><y>346</y><time>21-08-20 23:09:10:832</time></pt><pt><x>1281</x><y>2819</y><time>undefined</time></pt><pt><x>3158</x><y>2819</y><time>undefined</time></pt><closed_date>21-08-20 23:09:10:832</closed_date></polygon></object></annotation>