<annotation><filename>m1_s05_115_p_nic058.jpg</filename><folder>users/joselusava//jacob/sala5_115_nic</folder><source><submittedBy>Jose Saca</submittedBy></source><imagesize><nrows>3200</nrows><ncols>4796</ncols></imagesize><object><name>m1_s05_115_p_nic058</name><deleted>0</deleted><verified>0</verified><occluded>no</occluded><attributes></attributes><parts><hasparts></hasparts><ispartof></ispartof></parts><date>30-08-20 23:47:36:498</date><id>0</id><type>bounding_box</type><polygon><username>anonymous</username><pt><x>1484</x><y>3015</y><time>30-08-20 23:47:33:611</time></pt><pt><x>383</x><y>3015</y><time>30-08-20 23:47:35:857</time></pt><pt><x>383</x><y>1876</y><time>undefined</time></pt><pt><x>1484</x><y>1876</y><time>undefined</time></pt><closed_date>30-08-20 23:47:35:858</closed_date></polygon></object></annotation>