<annotation><filename>img_m1_s10_303_p_ic092.jpg</filename><folder>users/joselusava//santiago</folder><source><submittedBy>Jose Saca</submittedBy></source><imagesize><nrows>3200</nrows><ncols>4800</ncols></imagesize><object><name>m1_s10_303_p_ic092</name><deleted>0</deleted><verified>0</verified><occluded>no</occluded><attributes></attributes><parts><hasparts></hasparts><ispartof></ispartof></parts><date>01-09-20 15:51:43:486</date><id>0</id><type>bounding_box</type><polygon><username>anonymous</username><pt><x>558</x><y>1202</y><time>01-09-20 15:51:33:876</time></pt><pt><x>3499</x><y>1202</y><time>01-09-20 15:51:37:046</time></pt><pt><x>3499</x><y>2538</y><time>undefined</time></pt><pt><x>558</x><y>2538</y><time>undefined</time></pt><closed_date>01-09-20 15:51:37:047</closed_date></polygon></object></annotation>