<annotation><filename>m1_s07_194_p_nic067.jpg</filename><folder>users/joselusava//santiago</folder><source><submittedBy>Jose Saca</submittedBy></source><imagesize><nrows>3200</nrows><ncols>4800</ncols></imagesize><object><name>m1_s07_194_p_nic067</name><deleted>0</deleted><verified>0</verified><occluded>no</occluded><attributes></attributes><parts><hasparts></hasparts><ispartof></ispartof></parts><date>24-08-20 14:20:24:130</date><id>0</id><type>bounding_box</type><polygon><username>anonymous</username><pt><x>288</x><y>1224</y><time>24-08-20 14:20:11:340</time></pt><pt><x>1159</x><y>1224</y><time>24-08-20 14:20:14:975</time></pt><pt><x>1159</x><y>2840</y><time>undefined</time></pt><pt><x>288</x><y>2840</y><time>undefined</time></pt><closed_date>24-08-20 14:20:14:976</closed_date></polygon></object></annotation>