<annotation><filename>m1_s05_138_p_ic074.jpg</filename><folder>users/joselusava//jacob</folder><source><submittedBy>Jose Saca</submittedBy></source><imagesize><nrows>3200</nrows><ncols>4800</ncols></imagesize><object><name>m1_s05_138_p_ic074</name><deleted>0</deleted><verified>0</verified><occluded>no</occluded><attributes></attributes><parts><hasparts></hasparts><ispartof></ispartof></parts><date>21-08-20 22:52:03:149</date><id>0</id><type>bounding_box</type><polygon><username>anonymous</username><pt><x>3082</x><y>2590</y><time>21-08-20 22:51:57:823</time></pt><pt><x>1683</x><y>2590</y><time>21-08-20 22:52:00:016</time></pt><pt><x>1683</x><y>409</y><time>undefined</time></pt><pt><x>3082</x><y>409</y><time>undefined</time></pt><closed_date>21-08-20 22:52:00:016</closed_date></polygon></object></annotation>