<annotation><filename>m1_s05_115_p_nic057.jpg</filename><folder>users/joselusava//jacob/sala5_115_nic</folder><source><submittedBy>Jose Saca</submittedBy></source><imagesize><nrows>3200</nrows><ncols>4796</ncols></imagesize><object><name>m1_s05_115_p_nic057</name><deleted>0</deleted><verified>0</verified><occluded>no</occluded><attributes></attributes><parts><hasparts></hasparts><ispartof></ispartof></parts><date>30-08-20 23:47:14:270</date><id>0</id><type>bounding_box</type><polygon><username>anonymous</username><pt><x>1474</x><y>2862</y><time>30-08-20 23:47:11:907</time></pt><pt><x>335</x><y>2862</y><time>30-08-20 23:47:13:604</time></pt><pt><x>335</x><y>1637</y><time>undefined</time></pt><pt><x>1474</x><y>1637</y><time>undefined</time></pt><closed_date>30-08-20 23:47:13:605</closed_date></polygon></object></annotation>