<annotation><filename>img_m1_s10_303_p_ic068.jpg</filename><folder>users/joselusava//santiago</folder><source><submittedBy>Jose Saca</submittedBy></source><imagesize><nrows>3200</nrows><ncols>4800</ncols></imagesize><object><name>m1_s10_303_p_ic068</name><deleted>0</deleted><verified>0</verified><occluded>no</occluded><attributes></attributes><parts><hasparts></hasparts><ispartof></ispartof></parts><date>31-08-20 14:36:06:376</date><id>0</id><type>bounding_box</type><polygon><username>anonymous</username><pt><x>1328</x><y>1148</y><time>31-08-20 14:35:56:426</time></pt><pt><x>3420</x><y>1148</y><time>31-08-20 14:35:58:870</time></pt><pt><x>3420</x><y>1983</y><time>undefined</time></pt><pt><x>1328</x><y>1983</y><time>undefined</time></pt><closed_date>31-08-20 14:35:58:870</closed_date></polygon></object></annotation>