<annotation><filename>img_m1_s10_270_p_ic009.jpg</filename><folder>users/joselusava//santiago</folder><source><submittedBy>Jose Saca</submittedBy></source><imagesize><nrows>3200</nrows><ncols>4800</ncols></imagesize><object><name>m1_s10_270_p_ic009</name><deleted>0</deleted><verified>0</verified><occluded>no</occluded><attributes></attributes><parts><hasparts></hasparts><ispartof></ispartof></parts><date>26-08-20 18:09:09:914</date><id>0</id><type>bounding_box</type><polygon><username>anonymous</username><pt><x>1141</x><y>536</y><time>26-08-20 18:08:56:441</time></pt><pt><x>3978</x><y>536</y><time>26-08-20 18:08:58:934</time></pt><pt><x>3978</x><y>2707</y><time>undefined</time></pt><pt><x>1141</x><y>2707</y><time>undefined</time></pt><closed_date>26-08-20 18:08:58:936</closed_date></polygon></object></annotation>