<annotation><filename>m1_s05_138_p_ic037.jpg</filename><folder>users/joselusava//jacob</folder><source><submittedBy>Jose Saca</submittedBy></source><imagesize><nrows>3200</nrows><ncols>4800</ncols></imagesize><object><name>m1_s05_138_p_ic037</name><deleted>0</deleted><verified>0</verified><occluded>no</occluded><attributes></attributes><parts><hasparts></hasparts><ispartof></ispartof></parts><date>21-08-20 20:11:39:571</date><id>0</id><type>bounding_box</type><polygon><username>anonymous</username><pt><x>3117</x><y>533</y><time>21-08-20 20:11:33:349</time></pt><pt><x>1586</x><y>533</y><time>21-08-20 20:11:35:827</time></pt><pt><x>1586</x><y>2861</y><time>undefined</time></pt><pt><x>3117</x><y>2861</y><time>undefined</time></pt><closed_date>21-08-20 20:11:35:828</closed_date></polygon></object></annotation>