<annotation><filename>img_m1_s10_270_p_ic014.jpg</filename><folder>users/joselusava//santiago</folder><source><submittedBy>Jose Saca</submittedBy></source><imagesize><nrows>3200</nrows><ncols>4800</ncols></imagesize><object><name>m1_s10_270_p_ic014</name><deleted>0</deleted><verified>0</verified><occluded>no</occluded><attributes></attributes><parts><hasparts></hasparts><ispartof></ispartof></parts><date>26-08-20 18:39:09:478</date><id>0</id><type>bounding_box</type><polygon><username>anonymous</username><pt><x>727</x><y>482</y><time>26-08-20 18:38:54:935</time></pt><pt><x>3654</x><y>482</y><time>26-08-20 18:39:00:774</time></pt><pt><x>3654</x><y>2746</y><time>undefined</time></pt><pt><x>727</x><y>2746</y><time>undefined</time></pt><closed_date>26-08-20 18:39:00:775</closed_date></polygon></object></annotation>