<annotation><filename>m1_s05_138_p_ic028.jpg</filename><folder>users/joselusava//jacob</folder><source><submittedBy>Jose Saca</submittedBy></source><imagesize><nrows>3200</nrows><ncols>4800</ncols></imagesize><object><name>m1_s05_138_p_ic028</name><deleted>0</deleted><verified>0</verified><occluded>no</occluded><attributes></attributes><parts><hasparts></hasparts><ispartof></ispartof></parts><date>21-08-20 20:04:12:850</date><id>0</id><type>bounding_box</type><polygon><username>anonymous</username><pt><x>2888</x><y>374</y><time>21-08-20 20:04:05:346</time></pt><pt><x>1745</x><y>374</y><time>21-08-20 20:04:08:215</time></pt><pt><x>1745</x><y>2577</y><time>undefined</time></pt><pt><x>2888</x><y>2577</y><time>undefined</time></pt><closed_date>21-08-20 20:04:08:216</closed_date></polygon></object></annotation>