<annotation><filename>img_m1_s10_270_p_ic005.jpg</filename><folder>users/joselusava//santiago</folder><source><submittedBy>Jose Saca</submittedBy></source><imagesize><nrows>3200</nrows><ncols>4800</ncols></imagesize><object><name>m1_s10_270_p_ic005</name><deleted>0</deleted><verified>0</verified><occluded>no</occluded><attributes></attributes><parts><hasparts></hasparts><ispartof></ispartof></parts><date>26-08-20 13:36:48:358</date><id>0</id><type>bounding_box</type><polygon><username>anonymous</username><pt><x>1375</x><y>443</y><time>26-08-20 13:36:37:504</time></pt><pt><x>3776</x><y>443</y><time>26-08-20 13:36:40:904</time></pt><pt><x>3776</x><y>2728</y><time>undefined</time></pt><pt><x>1375</x><y>2728</y><time>undefined</time></pt><closed_date>26-08-20 13:36:40:905</closed_date></polygon></object></annotation>