<annotation><filename>m1_s07_223_x.jpg</filename><folder>users/joselusava//santiago</folder><source><submittedBy>Jose Saca</submittedBy></source><imagesize><nrows>3200</nrows><ncols>4800</ncols></imagesize><object><name>m1_s07_223_x</name><deleted>0</deleted><verified>0</verified><occluded>no</occluded><attributes></attributes><parts><hasparts></hasparts><ispartof></ispartof></parts><date>24-08-20 20:41:59:867</date><id>0</id><type>bounding_box</type><polygon><username>anonymous</username><pt><x>975</x><y>335</y><time>24-08-20 20:41:42:978</time></pt><pt><x>4076</x><y>335</y><time>24-08-20 20:41:49:368</time></pt><pt><x>4076</x><y>2899</y><time>undefined</time></pt><pt><x>975</x><y>2899</y><time>undefined</time></pt><closed_date>24-08-20 20:41:49:369</closed_date></polygon></object></annotation>