<annotation><filename>img_m1_s10_270_p_ic027.jpg</filename><folder>users/joselusava//santiago</folder><source><submittedBy>Jose Saca</submittedBy></source><imagesize><nrows>3200</nrows><ncols>4800</ncols></imagesize><object><name>m1_s10_270_p_ic027</name><deleted>0</deleted><verified>0</verified><occluded>no</occluded><attributes></attributes><parts><hasparts></hasparts><ispartof></ispartof></parts><date>26-08-20 18:58:43:012</date><id>0</id><type>bounding_box</type><polygon><username>anonymous</username><pt><x>1418</x><y>392</y><time>26-08-20 18:58:30:357</time></pt><pt><x>2973</x><y>392</y><time>26-08-20 18:58:35:467</time></pt><pt><x>2973</x><y>2736</y><time>undefined</time></pt><pt><x>1418</x><y>2736</y><time>undefined</time></pt><closed_date>26-08-20 18:58:35:467</closed_date></polygon></object></annotation>