<annotation><filename>m1_s07_194_p_nic014.jpg</filename><folder>users/joselusava//santiago</folder><source><submittedBy>Jose Saca</submittedBy></source><imagesize><nrows>3200</nrows><ncols>4800</ncols></imagesize><object><name>m1_s07_194_p_nic014</name><deleted>0</deleted><verified>0</verified><occluded>no</occluded><attributes></attributes><parts><hasparts></hasparts><ispartof></ispartof></parts><date>24-08-20 11:28:22:900</date><id>0</id><type>bounding_box</type><polygon><username>anonymous</username><pt><x>1509</x><y>1170</y><time>24-08-20 11:28:05:660</time></pt><pt><x>2206</x><y>1170</y><time>24-08-20 11:28:07:646</time></pt><pt><x>2206</x><y>2827</y><time>undefined</time></pt><pt><x>1509</x><y>2827</y><time>undefined</time></pt><closed_date>24-08-20 11:28:07:647</closed_date></polygon></object></annotation>