<annotation><filename>m1_s05_134_x.jpg</filename><folder>users/joselusava//jacob/sala5</folder><source><submittedBy>Jose Saca</submittedBy></source><imagesize><nrows>3200</nrows><ncols>4800</ncols></imagesize><object><name>m1_s05_134_x</name><deleted>0</deleted><verified>0</verified><occluded>no</occluded><attributes></attributes><parts><hasparts></hasparts><ispartof></ispartof></parts><date>25-08-20 18:20:59:820</date><id>0</id><type>bounding_box</type><polygon><username>anonymous</username><pt><x>1143</x><y>2230</y><time>25-08-20 18:20:56:991</time></pt><pt><x>3851</x><y>2230</y><time>25-08-20 18:20:58:768</time></pt><pt><x>3851</x><y>720</y><time>undefined</time></pt><pt><x>1143</x><y>720</y><time>undefined</time></pt><closed_date>25-08-20 18:20:58:769</closed_date></polygon></object></annotation>