<annotation><filename>m1_s07_194_p_ic020.jpg</filename><folder>users/joselusava//santiago</folder><source><submittedBy>Jose Saca</submittedBy></source><imagesize><nrows>3200</nrows><ncols>4800</ncols></imagesize><object><name>m1_s07_194_p_ic020</name><deleted>0</deleted><verified>0</verified><occluded>no</occluded><attributes></attributes><parts><hasparts></hasparts><ispartof></ispartof></parts><date>21-08-20 13:31:21:363</date><id>0</id><type>bounding_box</type><polygon><username>anonymous</username><pt><x>1656</x><y>364</y><time>21-08-20 13:31:04:789</time></pt><pt><x>3326</x><y>364</y><time>21-08-20 13:31:10:204</time></pt><pt><x>3326</x><y>2887</y><time>undefined</time></pt><pt><x>1656</x><y>2887</y><time>undefined</time></pt><closed_date>21-08-20 13:31:10:205</closed_date></polygon></object></annotation>