<annotation><filename>m1_s07_194_p_nic063.jpg</filename><folder>users/joselusava//santiago</folder><source><submittedBy>Jose Saca</submittedBy></source><imagesize><nrows>3200</nrows><ncols>4800</ncols></imagesize><object><name>m1_s07_194_p_nic063</name><deleted>0</deleted><verified>0</verified><occluded>no</occluded><attributes></attributes><parts><hasparts></hasparts><ispartof></ispartof></parts><date>24-08-20 14:14:21:402</date><id>0</id><type>bounding_box</type><polygon><username>anonymous</username><pt><x>2437</x><y>1289</y><time>24-08-20 14:14:12:755</time></pt><pt><x>3333</x><y>1289</y><time>24-08-20 14:14:14:753</time></pt><pt><x>3333</x><y>2952</y><time>undefined</time></pt><pt><x>2437</x><y>2952</y><time>undefined</time></pt><closed_date>24-08-20 14:14:14:755</closed_date></polygon></object></annotation>