<annotation><filename>m1_s07_194_p_ic028.jpg</filename><folder>users/joselusava//santiago</folder><source><submittedBy>Jose Saca</submittedBy></source><imagesize><nrows>3200</nrows><ncols>4800</ncols></imagesize><object><name>m1_s07_194_p_ic028</name><deleted>0</deleted><verified>0</verified><occluded>no</occluded><attributes></attributes><parts><hasparts></hasparts><ispartof></ispartof></parts><date>21-08-20 16:40:28:858</date><id>0</id><type>bounding_box</type><polygon><username>anonymous</username><pt><x>1739</x><y>126</y><time>21-08-20 16:40:01:442</time></pt><pt><x>3085</x><y>126</y><time>21-08-20 16:40:08:856</time></pt><pt><x>3085</x><y>3034</y><time>undefined</time></pt><pt><x>1739</x><y>3034</y><time>undefined</time></pt><closed_date>21-08-20 16:40:08:857</closed_date></polygon></object></annotation>