<annotation><filename>m1_s07_194_p_nic083.jpg</filename><folder>users/joselusava//santiago</folder><source><submittedBy>Jose Saca</submittedBy></source><imagesize><nrows>3200</nrows><ncols>4800</ncols></imagesize><object><name>m1_s07_194_p_nic083</name><deleted>0</deleted><verified>0</verified><occluded>no</occluded><attributes></attributes><parts><hasparts></hasparts><ispartof></ispartof></parts><date>24-08-20 15:04:50:267</date><id>0</id><type>bounding_box</type><polygon><username>anonymous</username><pt><x>2646</x><y>353</y><time>24-08-20 15:04:41:230</time></pt><pt><x>3762</x><y>353</y><time>24-08-20 15:04:42:981</time></pt><pt><x>3762</x><y>2034</y><time>undefined</time></pt><pt><x>2646</x><y>2034</y><time>undefined</time></pt><closed_date>24-08-20 15:04:42:982</closed_date></polygon></object></annotation>