<annotation><filename>m1_s07_197_x.jpg</filename><folder>users/joselusava//santiago</folder><source><submittedBy>Jose Saca</submittedBy></source><imagesize><nrows>3200</nrows><ncols>4800</ncols></imagesize><object><name>m1_s07_197_x</name><deleted>0</deleted><verified>0</verified><occluded>no</occluded><attributes></attributes><parts><hasparts></hasparts><ispartof></ispartof></parts><date>24-08-20 15:40:05:376</date><id>0</id><type>bounding_box</type><polygon><username>anonymous</username><pt><x>475</x><y>151</y><time>24-08-20 15:39:50:118</time></pt><pt><x>4118</x><y>151</y><time>24-08-20 15:39:56:822</time></pt><pt><x>4118</x><y>2538</y><time>undefined</time></pt><pt><x>475</x><y>2538</y><time>undefined</time></pt><closed_date>24-08-20 15:39:56:822</closed_date></polygon></object></annotation>