<annotation><filename>m1_s05_115_p_nic097.jpg</filename><folder>users/joselusava//jacob/sala5_115_nic</folder><source><submittedBy>Jose Saca</submittedBy></source><imagesize><nrows>3200</nrows><ncols>4796</ncols></imagesize><object><name>m1_s05_115_p_nic097</name><deleted>0</deleted><verified>0</verified><occluded>no</occluded><attributes></attributes><parts><hasparts></hasparts><ispartof></ispartof></parts><date>31-08-20 00:08:17:238</date><id>0</id><type>bounding_box</type><polygon><username>anonymous</username><pt><x>1589</x><y>2633</y><time>31-08-20 00:08:14:319</time></pt><pt><x>756</x><y>2633</y><time>31-08-20 00:08:16:141</time></pt><pt><x>756</x><y>1867</y><time>undefined</time></pt><pt><x>1589</x><y>1867</y><time>undefined</time></pt><closed_date>31-08-20 00:08:16:141</closed_date></polygon></object></annotation>