<annotation><filename>m1_s08_238_x.jpg</filename><folder>users/joselusava//santiago</folder><source><submittedBy>Jose Saca</submittedBy></source><imagesize><nrows>3200</nrows><ncols>4800</ncols></imagesize><object><name>m1_s08_238_x</name><deleted>0</deleted><verified>0</verified><occluded>no</occluded><attributes></attributes><parts><hasparts></hasparts><ispartof></ispartof></parts><date>25-08-20 13:27:45:669</date><id>0</id><type>bounding_box</type><polygon><username>anonymous</username><pt><x>1166</x><y>241</y><time>25-08-20 13:27:22:781</time></pt><pt><x>3772</x><y>241</y><time>25-08-20 13:27:29:363</time></pt><pt><x>3772</x><y>2437</y><time>undefined</time></pt><pt><x>1166</x><y>2437</y><time>undefined</time></pt><closed_date>25-08-20 13:27:29:365</closed_date></polygon></object></annotation>