<annotation><filename>img_m1_s10_270_p_nic039.jpg</filename><folder>users/joselusava//santiago</folder><source><submittedBy>Jose Saca</submittedBy></source><imagesize><nrows>3200</nrows><ncols>4800</ncols></imagesize><object><name>m1_s10_270_p_nic039</name><deleted>0</deleted><verified>0</verified><occluded>no</occluded><attributes></attributes><parts><hasparts></hasparts><ispartof></ispartof></parts><date>27-08-20 13:48:31:320</date><id>0</id><type>bounding_box</type><polygon><username>anonymous</username><pt><x>299</x><y>1458</y><time>27-08-20 13:48:19:449</time></pt><pt><x>1703</x><y>1458</y><time>27-08-20 13:48:21:382</time></pt><pt><x>1703</x><y>2678</y><time>undefined</time></pt><pt><x>299</x><y>2678</y><time>undefined</time></pt><closed_date>27-08-20 13:48:21:383</closed_date></polygon></object></annotation>