<annotation><filename>img_m1_s10_303_p_ic087.jpg</filename><folder>users/joselusava//santiago</folder><source><submittedBy>Jose Saca</submittedBy></source><imagesize><nrows>3200</nrows><ncols>4800</ncols></imagesize><object><name>m1_s10_303_p_ic087</name><deleted>0</deleted><verified>0</verified><occluded>no</occluded><attributes></attributes><parts><hasparts></hasparts><ispartof></ispartof></parts><date>01-09-20 15:43:44:022</date><id>0</id><type>bounding_box</type><polygon><username>anonymous</username><pt><x>903</x><y>1188</y><time>01-09-20 15:43:34:283</time></pt><pt><x>3718</x><y>1188</y><time>01-09-20 15:43:36:344</time></pt><pt><x>3718</x><y>2325</y><time>undefined</time></pt><pt><x>903</x><y>2325</y><time>undefined</time></pt><closed_date>01-09-20 15:43:36:346</closed_date></polygon></object></annotation>