<annotation><filename>m1_s05_138_p_ic077.jpg</filename><folder>users/joselusava//jacob</folder><source><submittedBy>Jose Saca</submittedBy></source><imagesize><nrows>3200</nrows><ncols>4800</ncols></imagesize><object><name>m1_s05_138_p_ic077</name><deleted>0</deleted><verified>0</verified><occluded>no</occluded><attributes></attributes><parts><hasparts></hasparts><ispartof></ispartof></parts><date>21-08-20 22:53:24:506</date><id>0</id><type>bounding_box</type><polygon><username>anonymous</username><pt><x>3505</x><y>145</y><time>21-08-20 22:53:18:733</time></pt><pt><x>1371</x><y>145</y><time>21-08-20 22:53:21:497</time></pt><pt><x>1371</x><y>2930</y><time>undefined</time></pt><pt><x>3505</x><y>2930</y><time>undefined</time></pt><closed_date>21-08-20 22:53:21:498</closed_date></polygon></object></annotation>