<annotation><filename>m1_s07_193_x.jpg</filename><folder>users/joselusava//santiago</folder><source><submittedBy>Jose Saca</submittedBy></source><imagesize><nrows>3200</nrows><ncols>4800</ncols></imagesize><object><name>m1_s07_193_x</name><deleted>0</deleted><verified>0</verified><occluded>no</occluded><attributes></attributes><parts><hasparts></hasparts><ispartof></ispartof></parts><date>21-08-20 12:02:33:828</date><id>0</id><type>bounding_box</type><polygon><username>anonymous</username><pt><x>623</x><y>162</y><time>21-08-20 12:02:12:842</time></pt><pt><x>3988</x><y>162</y><time>21-08-20 12:02:22:388</time></pt><pt><x>3988</x><y>2707</y><time>undefined</time></pt><pt><x>623</x><y>2707</y><time>undefined</time></pt><closed_date>21-08-20 12:02:22:389</closed_date></polygon></object></annotation>