<annotation><filename>img_m1_s10_270_p_ic074.jpg</filename><folder>users/joselusava//santiago</folder><source><submittedBy>Jose Saca</submittedBy></source><imagesize><nrows>3200</nrows><ncols>4800</ncols></imagesize><object><name>m1_s10_270_p_ic074</name><deleted>0</deleted><verified>0</verified><occluded>no</occluded><attributes></attributes><parts><hasparts></hasparts><ispartof></ispartof></parts><date>26-08-20 23:55:22:001</date><id>0</id><type>bounding_box</type><polygon><username>anonymous</username><pt><x>644</x><y>410</y><time>26-08-20 23:55:04:649</time></pt><pt><x>3322</x><y>410</y><time>26-08-20 23:55:12:107</time></pt><pt><x>3322</x><y>2592</y><time>undefined</time></pt><pt><x>644</x><y>2592</y><time>undefined</time></pt><closed_date>26-08-20 23:55:12:109</closed_date></polygon></object></annotation>