<annotation><filename>img_m1_s10_270_p_nic095.jpg</filename><folder>users/joselusava//santiago</folder><source><submittedBy>Jose Saca</submittedBy></source><imagesize><nrows>3200</nrows><ncols>4800</ncols></imagesize><object><name>m1_s10_270_p_nic095</name><deleted>0</deleted><verified>0</verified><occluded>no</occluded><attributes></attributes><parts><hasparts></hasparts><ispartof></ispartof></parts><date>28-08-20 14:50:51:706</date><id>0</id><type>bounding_box</type><polygon><username>anonymous</username><pt><x>2037</x><y>547</y><time>28-08-20 14:50:41:236</time></pt><pt><x>3693</x><y>547</y><time>28-08-20 14:50:43:863</time></pt><pt><x>3693</x><y>1836</y><time>undefined</time></pt><pt><x>2037</x><y>1836</y><time>undefined</time></pt><closed_date>28-08-20 14:50:43:865</closed_date></polygon></object></annotation>