<annotation><filename>m1_s05_115_p_ic065.jpg</filename><folder>users/joselusava//jacob/sala5_115_ic</folder><source><submittedBy>Jose Saca</submittedBy></source><imagesize><nrows>3200</nrows><ncols>4796</ncols></imagesize><object><name>m1_s05_115_p_ic065</name><deleted>0</deleted><verified>0</verified><occluded>no</occluded><attributes></attributes><parts><hasparts></hasparts><ispartof></ispartof></parts><date>30-08-20 21:13:27:916</date><id>0</id><type>bounding_box</type><polygon><username>anonymous</username><pt><x>1149</x><y>584</y><time>30-08-20 21:13:25:354</time></pt><pt><x>3753</x><y>584</y><time>30-08-20 21:13:27:034</time></pt><pt><x>3753</x><y>2633</y><time>undefined</time></pt><pt><x>1149</x><y>2633</y><time>undefined</time></pt><closed_date>30-08-20 21:13:27:034</closed_date></polygon></object></annotation>