<annotation><filename>m1_s08_262_x.jpg</filename><folder>users/joselusava//santiago</folder><source><submittedBy>Jose Saca</submittedBy></source><imagesize><nrows>3200</nrows><ncols>4800</ncols></imagesize><object><name>m1_s07_262_x</name><deleted>1</deleted><verified>0</verified><occluded>no</occluded><attributes/><parts><hasparts/><ispartof/></parts><date>24-08-20 22:27:59:293</date><id>0</id><type>bounding_box</type><polygon><username>anonymous</username><pt><x>612</x><y>392</y><time>24-08-20 22:27:45:583</time></pt><pt><x>4481</x><y>392</y><time>24-08-20 22:27:50:430</time></pt><pt><x>4481</x><y>3085</y><time>undefined</time></pt><pt><x>612</x><y>3085</y><time>undefined</time></pt><closed_date>24-08-20 22:27:50:431</closed_date></polygon></object><object><name>m1_s07_262_x</name><deleted>0</deleted><verified>0</verified><occluded>no</occluded><attributes></attributes><parts><hasparts></hasparts><ispartof></ispartof></parts><date>24-08-20 22:29:18:078</date><id>1</id><type>bounding_box</type><polygon><username>anonymous</username><pt><x>666</x><y>454</y><time>24-08-20 22:29:04:529</time></pt><pt><x>4586</x><y>454</y><time>24-08-20 22:29:08:134</time></pt><pt><x>4586</x><y>3081</y><time>undefined</time></pt><pt><x>666</x><y>3081</y><time>undefined</time></pt><closed_date>24-08-20 22:29:08:136</closed_date></polygon></object></annotation>