<annotation><filename>m1_s05_115_p_ic015.jpg</filename><folder>users/joselusava//jacob/sala5_115_ic</folder><source><submittedBy>Jose Saca</submittedBy></source><imagesize><nrows>3200</nrows><ncols>4796</ncols></imagesize><object><name>m1_s05_115_p_ic015</name><deleted>0</deleted><verified>0</verified><occluded>no</occluded><attributes></attributes><parts><hasparts></hasparts><ispartof></ispartof></parts><date>30-08-20 20:00:57:599</date><id>0</id><type>bounding_box</type><polygon><username>anonymous</username><pt><x>1283</x><y>2317</y><time>30-08-20 20:00:55:184</time></pt><pt><x>3207</x><y>2317</y><time>30-08-20 20:00:56:792</time></pt><pt><x>3207</x><y>795</y><time>undefined</time></pt><pt><x>1283</x><y>795</y><time>undefined</time></pt><closed_date>30-08-20 20:00:56:792</closed_date></polygon></object></annotation>