<annotation><filename>m1_s05_138_p_ic046.jpg</filename><folder>users/joselusava//jacob</folder><source><submittedBy>Jose Saca</submittedBy></source><imagesize><nrows>3200</nrows><ncols>4800</ncols></imagesize><object><name>m1_s05_138_p_ic046</name><deleted>0</deleted><verified>0</verified><occluded>no</occluded><attributes></attributes><parts><hasparts></hasparts><ispartof></ispartof></parts><date>21-08-20 22:24:03:369</date><id>0</id><type>bounding_box</type><polygon><username>anonymous</username><pt><x>1136</x><y>374</y><time>21-08-20 22:23:55:337</time></pt><pt><x>3345</x><y>374</y><time>21-08-20 22:23:59:471</time></pt><pt><x>3345</x><y>2750</y><time>undefined</time></pt><pt><x>1136</x><y>2750</y><time>undefined</time></pt><closed_date>21-08-20 22:23:59:471</closed_date></polygon></object></annotation>