<annotation><filename>m1_s07_194_p_ic092.jpg</filename><folder>users/joselusava//santiago</folder><source><submittedBy>Jose Saca</submittedBy></source><imagesize><nrows>3200</nrows><ncols>4800</ncols></imagesize><object><name>m1_s07_194_p_ic092</name><deleted>0</deleted><verified>0</verified><occluded>no</occluded><attributes></attributes><parts><hasparts></hasparts><ispartof></ispartof></parts><date>22-08-20 17:40:44:866</date><id>0</id><type>bounding_box</type><polygon><username>anonymous</username><pt><x>1317</x><y>569</y><time>22-08-20 17:40:34:136</time></pt><pt><x>2728</x><y>569</y><time>22-08-20 17:40:36:350</time></pt><pt><x>2728</x><y>2808</y><time>undefined</time></pt><pt><x>1317</x><y>2808</y><time>undefined</time></pt><closed_date>22-08-20 17:40:36:350</closed_date></polygon></object></annotation>