<annotation><filename>img_m1_s01_270_p_ic041.jpg</filename><folder>users/joselusava//santiago</folder><source><submittedBy>Jose Saca</submittedBy></source><imagesize><nrows>3200</nrows><ncols>4800</ncols></imagesize><object><name>m1_s10_270_p_ic041</name><deleted>0</deleted><verified>0</verified><occluded>no</occluded><attributes></attributes><parts><hasparts></hasparts><ispartof></ispartof></parts><date>26-08-20 21:22:54:208</date><id>0</id><type>bounding_box</type><polygon><username>anonymous</username><pt><x>1152</x><y>385</y><time>26-08-20 21:22:41:096</time></pt><pt><x>3618</x><y>385</y><time>26-08-20 21:22:45:562</time></pt><pt><x>3618</x><y>2333</y><time>undefined</time></pt><pt><x>1152</x><y>2333</y><time>undefined</time></pt><closed_date>26-08-20 21:22:45:563</closed_date></polygon></object></annotation>