<annotation><filename>img_m1_s10_303_p_ic006.jpg</filename><folder>users/joselusava//santiago</folder><source><submittedBy>Jose Saca</submittedBy></source><imagesize><nrows>3200</nrows><ncols>4800</ncols></imagesize><object><name>m1_s10_303_p_ic006</name><deleted>0</deleted><verified>0</verified><occluded>no</occluded><attributes></attributes><parts><hasparts></hasparts><ispartof></ispartof></parts><date>31-08-20 11:38:32:435</date><id>0</id><type>bounding_box</type><polygon><username>anonymous</username><pt><x>1267</x><y>954</y><time>31-08-20 11:38:18:559</time></pt><pt><x>3708</x><y>954</y><time>31-08-20 11:38:22:641</time></pt><pt><x>3708</x><y>2199</y><time>undefined</time></pt><pt><x>1267</x><y>2199</y><time>undefined</time></pt><closed_date>31-08-20 11:38:22:643</closed_date></polygon></object></annotation>