<annotation><filename>img_m1_s10_303_p_ic021.jpg</filename><folder>users/joselusava//santiago</folder><source><submittedBy>Jose Saca</submittedBy></source><imagesize><nrows>3200</nrows><ncols>4800</ncols></imagesize><object><name>m1_s10_303_p_ic021</name><deleted>0</deleted><verified>0</verified><occluded>no</occluded><attributes></attributes><parts><hasparts></hasparts><ispartof></ispartof></parts><date>31-08-20 12:41:01:377</date><id>0</id><type>bounding_box</type><polygon><username>anonymous</username><pt><x>1911</x><y>983</y><time>31-08-20 12:40:46:846</time></pt><pt><x>2923</x><y>983</y><time>31-08-20 12:40:52:740</time></pt><pt><x>2923</x><y>2462</y><time>undefined</time></pt><pt><x>1911</x><y>2462</y><time>undefined</time></pt><closed_date>31-08-20 12:40:52:741</closed_date></polygon></object></annotation>