<annotation><filename>img_m1_s10_303_p_ic057.jpg</filename><folder>users/joselusava//santiago</folder><source><submittedBy>Jose Saca</submittedBy></source><imagesize><nrows>3200</nrows><ncols>4800</ncols></imagesize><object><name>m1_s10_303_p_ic057</name><deleted>0</deleted><verified>0</verified><occluded>no</occluded><attributes></attributes><parts><hasparts></hasparts><ispartof></ispartof></parts><date>31-08-20 14:05:43:464</date><id>0</id><type>bounding_box</type><polygon><username>anonymous</username><pt><x>1508</x><y>1044</y><time>31-08-20 14:05:32:175</time></pt><pt><x>3124</x><y>1044</y><time>31-08-20 14:05:37:359</time></pt><pt><x>3124</x><y>2178</y><time>undefined</time></pt><pt><x>1508</x><y>2178</y><time>undefined</time></pt><closed_date>31-08-20 14:05:37:359</closed_date></polygon></object></annotation>