<annotation><filename>m1_s07_194_p_ic053.jpg</filename><folder>users/joselusava//santiago</folder><source><submittedBy>Jose Saca</submittedBy></source><imagesize><nrows>3200</nrows><ncols>4800</ncols></imagesize><object><name>m1_s07_194_p_ic053</name><deleted>0</deleted><verified>0</verified><occluded>no</occluded><attributes></attributes><parts><hasparts></hasparts><ispartof></ispartof></parts><date>21-08-20 19:28:34:325</date><id>0</id><type>bounding_box</type><polygon><username>anonymous</username><pt><x>1326</x><y>3078</y><time>21-08-20 19:27:54:884</time></pt><pt><x>3120</x><y>3078</y><time>21-08-20 19:28:03:355</time></pt><pt><x>3120</x><y>50</y><time>undefined</time></pt><pt><x>1326</x><y>50</y><time>undefined</time></pt><closed_date>21-08-20 19:28:03:356</closed_date></polygon></object></annotation>