<annotation><filename>m1_s07_194_p_ic061.jpg</filename><folder>users/joselusava//santiago</folder><source><submittedBy>Jose Saca</submittedBy></source><imagesize><nrows>3200</nrows><ncols>4800</ncols></imagesize><object><name>m1_s07_194_p_ic061</name><deleted>0</deleted><verified>0</verified><occluded>no</occluded><attributes></attributes><parts><hasparts></hasparts><ispartof></ispartof></parts><date>22-08-20 16:22:10:572</date><id>0</id><type>bounding_box</type><polygon><username>anonymous</username><pt><x>1778</x><y>360</y><time>22-08-20 16:21:59:374</time></pt><pt><x>2858</x><y>360</y><time>22-08-20 16:22:03:585</time></pt><pt><x>2858</x><y>2746</y><time>undefined</time></pt><pt><x>1778</x><y>2746</y><time>undefined</time></pt><closed_date>22-08-20 16:22:03:586</closed_date></polygon></object></annotation>