<annotation><filename>m1_s07_194_p_ic038.jpg</filename><folder>users/joselusava//santiago</folder><source><submittedBy>Jose Saca</submittedBy></source><imagesize><nrows>3200</nrows><ncols>4800</ncols></imagesize><object><name>m1_s07_194_p_ic038</name><deleted>0</deleted><verified>0</verified><occluded>no</occluded><attributes></attributes><parts><hasparts></hasparts><ispartof></ispartof></parts><date>21-08-20 18:22:45:613</date><id>0</id><type>bounding_box</type><polygon><username>anonymous</username><pt><x>1209</x><y>101</y><time>21-08-20 18:22:32:383</time></pt><pt><x>2926</x><y>101</y><time>21-08-20 18:22:37:395</time></pt><pt><x>2926</x><y>2970</y><time>undefined</time></pt><pt><x>1209</x><y>2970</y><time>undefined</time></pt><closed_date>21-08-20 18:22:37:397</closed_date></polygon></object></annotation>