<annotation><filename>img_m1_s10_270_p_ic040.jpg</filename><folder>users/joselusava//santiago</folder><source><submittedBy>Jose Saca</submittedBy></source><imagesize><nrows>3200</nrows><ncols>4800</ncols></imagesize><object><name>m1_s10_270_p_ic040</name><deleted>0</deleted><verified>0</verified><occluded>no</occluded><attributes></attributes><parts><hasparts></hasparts><ispartof></ispartof></parts><date>26-08-20 19:33:45:547</date><id>0</id><type>bounding_box</type><polygon><username>anonymous</username><pt><x>1094</x><y>288</y><time>26-08-20 19:33:33:953</time></pt><pt><x>3542</x><y>288</y><time>26-08-20 19:33:37:450</time></pt><pt><x>3542</x><y>2340</y><time>undefined</time></pt><pt><x>1094</x><y>2340</y><time>undefined</time></pt><closed_date>26-08-20 19:33:37:451</closed_date></polygon></object></annotation>