<annotation><filename>m1_s05_138_p_nic004.jpg</filename><folder>users/joselusava//jacob/138</folder><source><submittedBy>Jose Saca</submittedBy></source><imagesize><nrows>3200</nrows><ncols>4800</ncols></imagesize><object><name>m1_s05_138_p_nic004</name><deleted>0</deleted><verified>0</verified><occluded>no</occluded><attributes></attributes><parts><hasparts></hasparts><ispartof></ispartof></parts><date>23-08-20 23:24:28:380</date><id>0</id><type>bounding_box</type><polygon><username>anonymous</username><pt><x>4107</x><y>1184</y><time>23-08-20 23:24:22:345</time></pt><pt><x>3380</x><y>1184</y><time>23-08-20 23:24:24:943</time></pt><pt><x>3380</x><y>2119</y><time>undefined</time></pt><pt><x>4107</x><y>2119</y><time>undefined</time></pt><closed_date>23-08-20 23:24:24:944</closed_date></polygon></object></annotation>