<annotation><filename>img_m1_s10_303_p_ic027.jpg</filename><folder>users/joselusava//santiago</folder><source><submittedBy>Jose Saca</submittedBy></source><imagesize><nrows>3200</nrows><ncols>4800</ncols></imagesize><object><name>m1_s10_303_p_ic027</name><deleted>0</deleted><verified>0</verified><occluded>no</occluded><attributes></attributes><parts><hasparts></hasparts><ispartof></ispartof></parts><date>31-08-20 12:59:50:357</date><id>0</id><type>bounding_box</type><polygon><username>anonymous</username><pt><x>1548</x><y>778</y><time>31-08-20 12:59:40:266</time></pt><pt><x>2980</x><y>778</y><time>31-08-20 12:59:43:332</time></pt><pt><x>2980</x><y>2235</y><time>undefined</time></pt><pt><x>1548</x><y>2235</y><time>undefined</time></pt><closed_date>31-08-20 12:59:43:333</closed_date></polygon></object></annotation>