<annotation><filename>m1_s05_138_p_nic006.jpg</filename><folder>users/joselusava//jacob/138</folder><source><submittedBy>Jose Saca</submittedBy></source><imagesize><nrows>3200</nrows><ncols>4800</ncols></imagesize><object><name>m1_s05_138_p_nic006</name><deleted>0</deleted><verified>0</verified><occluded>no</occluded><attributes></attributes><parts><hasparts></hasparts><ispartof></ispartof></parts><date>23-08-20 23:25:25:189</date><id>0</id><type>bounding_box</type><polygon><username>anonymous</username><pt><x>4260</x><y>194</y><time>23-08-20 23:25:19:947</time></pt><pt><x>3477</x><y>194</y><time>23-08-20 23:25:21:849</time></pt><pt><x>3477</x><y>1171</y><time>undefined</time></pt><pt><x>4260</x><y>1171</y><time>undefined</time></pt><closed_date>23-08-20 23:25:21:849</closed_date></polygon></object></annotation>