<annotation><filename>m1_s05_138_p_nic082.jpg</filename><folder>users/joselusava//jacob/138</folder><source><submittedBy>Jose Saca</submittedBy></source><imagesize><nrows>3200</nrows><ncols>4800</ncols></imagesize><object><name>m1_s05_138_p_nic082</name><deleted>0</deleted><verified>0</verified><occluded>no</occluded><attributes></attributes><parts><hasparts></hasparts><ispartof></ispartof></parts><date>24-08-20 12:45:29:015</date><id>0</id><type>bounding_box</type><polygon><username>anonymous</username><pt><x>2064</x><y>1510</y><time>24-08-20 12:45:26:458</time></pt><pt><x>894</x><y>1510</y><time>24-08-20 12:45:28:118</time></pt><pt><x>894</x><y>145</y><time>undefined</time></pt><pt><x>2064</x><y>145</y><time>undefined</time></pt><closed_date>24-08-20 12:45:28:118</closed_date></polygon></object></annotation>