<annotation><filename>m1_s07_194_p_ic048.jpg</filename><folder>users/joselusava//santiago</folder><source><submittedBy>Jose Saca</submittedBy></source><imagesize><nrows>3200</nrows><ncols>4800</ncols></imagesize><object><name>m1_s07_194_p_ic048</name><deleted>0</deleted><verified>0</verified><occluded>no</occluded><attributes></attributes><parts><hasparts></hasparts><ispartof></ispartof></parts><date>21-08-20 19:09:15:776</date><id>0</id><type>bounding_box</type><polygon><username>anonymous</username><pt><x>1544</x><y>137</y><time>21-08-20 19:09:02:859</time></pt><pt><x>3416</x><y>137</y><time>21-08-20 19:09:06:766</time></pt><pt><x>3416</x><y>2908</y><time>undefined</time></pt><pt><x>1544</x><y>2908</y><time>undefined</time></pt><closed_date>21-08-20 19:09:06:767</closed_date></polygon></object></annotation>