<annotation><filename>img_m1_s10_270_p_ic088.jpg</filename><folder>users/joselusava//santiago</folder><source><submittedBy>Jose Saca</submittedBy></source><imagesize><nrows>3200</nrows><ncols>4800</ncols></imagesize><object><name>m1_s10_270_p_ic088</name><deleted>0</deleted><verified>0</verified><occluded>no</occluded><attributes></attributes><parts><hasparts></hasparts><ispartof></ispartof></parts><date>27-08-20 11:52:20:962</date><id>0</id><type>bounding_box</type><polygon><username>anonymous</username><pt><x>929</x><y>518</y><time>27-08-20 11:52:06:180</time></pt><pt><x>3474</x><y>518</y><time>27-08-20 11:52:12:447</time></pt><pt><x>3474</x><y>2793</y><time>undefined</time></pt><pt><x>929</x><y>2793</y><time>undefined</time></pt><closed_date>27-08-20 11:52:12:449</closed_date></polygon></object></annotation>