<annotation><filename>m1_s05_115_p_nic093.jpg</filename><folder>users/joselusava//jacob/sala5_115_nic</folder><source><submittedBy>Jose Saca</submittedBy></source><imagesize><nrows>3200</nrows><ncols>4796</ncols></imagesize><object><name>m1_s05_115_p_nic093</name><deleted>0</deleted><verified>0</verified><occluded>no</occluded><attributes></attributes><parts><hasparts></hasparts><ispartof></ispartof></parts><date>31-08-20 00:04:16:666</date><id>0</id><type>bounding_box</type><polygon><username>anonymous</username><pt><x>3197</x><y>2910</y><time>31-08-20 00:04:14:364</time></pt><pt><x>4279</x><y>2910</y><time>31-08-20 00:04:15:921</time></pt><pt><x>4279</x><y>1752</y><time>undefined</time></pt><pt><x>3197</x><y>1752</y><time>undefined</time></pt><closed_date>31-08-20 00:04:15:921</closed_date></polygon></object></annotation>