<annotation><filename>m1_s05_115_p_nic051.jpg</filename><folder>users/joselusava//jacob/sala5_115_nic</folder><source><submittedBy>Jose Saca</submittedBy></source><imagesize><nrows>3200</nrows><ncols>4796</ncols></imagesize><object><name>m1_s05_115_p_nic051</name><deleted>0</deleted><verified>0</verified><occluded>no</occluded><attributes></attributes><parts><hasparts></hasparts><ispartof></ispartof></parts><date>30-08-20 23:39:04:096</date><id>0</id><type>bounding_box</type><polygon><username>anonymous</username><pt><x>670</x><y>182</y><time>30-08-20 23:39:02:042</time></pt><pt><x>1704</x><y>182</y><time>30-08-20 23:39:03:227</time></pt><pt><x>1704</x><y>1378</y><time>undefined</time></pt><pt><x>670</x><y>1378</y><time>undefined</time></pt><closed_date>30-08-20 23:39:03:227</closed_date></polygon></object></annotation>