<annotation><filename>m1_s07_226_x.jpg</filename><folder>users/joselusava//santiago</folder><source><submittedBy>Jose Saca</submittedBy></source><imagesize><nrows>3200</nrows><ncols>4800</ncols></imagesize><object><name>m1_s07_226_x</name><deleted>0</deleted><verified>0</verified><occluded>no</occluded><attributes></attributes><parts><hasparts></hasparts><ispartof></ispartof></parts><date>24-08-20 20:47:03:530</date><id>0</id><type>bounding_box</type><polygon><username>anonymous</username><pt><x>686</x><y>381</y><time>24-08-20 20:46:49:112</time></pt><pt><x>3935</x><y>381</y><time>24-08-20 20:46:55:239</time></pt><pt><x>3935</x><y>2678</y><time>undefined</time></pt><pt><x>686</x><y>2678</y><time>undefined</time></pt><closed_date>24-08-20 20:46:55:240</closed_date></polygon></object></annotation>