<annotation><filename>m1_s07_210_x.jpg</filename><folder>users/joselusava//santiago</folder><source><submittedBy>Jose Saca</submittedBy></source><imagesize><nrows>3200</nrows><ncols>4800</ncols></imagesize><object><name>m1_s07_210_x</name><deleted>0</deleted><verified>0</verified><occluded>no</occluded><attributes></attributes><parts><hasparts></hasparts><ispartof></ispartof></parts><date>24-08-20 16:40:15:494</date><id>0</id><type>bounding_box</type><polygon><username>anonymous</username><pt><x>979</x><y>608</y><time>24-08-20 16:40:01:990</time></pt><pt><x>3596</x><y>608</y><time>24-08-20 16:40:07:178</time></pt><pt><x>3596</x><y>2610</y><time>undefined</time></pt><pt><x>979</x><y>2610</y><time>undefined</time></pt><closed_date>24-08-20 16:40:07:179</closed_date></polygon></object></annotation>