<annotation><filename>img_m1_s10_270_p_ic038.jpg</filename><folder>users/joselusava//santiago</folder><source><submittedBy>Jose Saca</submittedBy></source><imagesize><nrows>3200</nrows><ncols>4800</ncols></imagesize><object><name>m1_s10_270_p_ic038</name><deleted>0</deleted><verified>0</verified><occluded>no</occluded><attributes></attributes><parts><hasparts></hasparts><ispartof></ispartof></parts><date>26-08-20 19:30:46:695</date><id>0</id><type>bounding_box</type><polygon><username>anonymous</username><pt><x>1029</x><y>335</y><time>26-08-20 19:30:36:131</time></pt><pt><x>3405</x><y>335</y><time>26-08-20 19:30:38:967</time></pt><pt><x>3405</x><y>2379</y><time>undefined</time></pt><pt><x>1029</x><y>2379</y><time>undefined</time></pt><closed_date>26-08-20 19:30:38:968</closed_date></polygon></object></annotation>