<annotation><filename>img_m1_s10_270_p_nic078.jpg</filename><folder>users/joselusava//santiago</folder><source><submittedBy>Jose Saca</submittedBy></source><imagesize><nrows>3200</nrows><ncols>4800</ncols></imagesize><object><name>m1_s10_270_p_nic078</name><deleted>0</deleted><verified>0</verified><occluded>no</occluded><attributes></attributes><parts><hasparts></hasparts><ispartof></ispartof></parts><date>28-08-20 14:17:40:357</date><id>0</id><type>bounding_box</type><polygon><username>anonymous</username><pt><x>2764</x><y>1728</y><time>28-08-20 14:17:32:188</time></pt><pt><x>4139</x><y>1728</y><time>28-08-20 14:17:33:875</time></pt><pt><x>4139</x><y>2952</y><time>undefined</time></pt><pt><x>2764</x><y>2952</y><time>undefined</time></pt><closed_date>28-08-20 14:17:33:877</closed_date></polygon></object></annotation>