<annotation><filename>m1_s07_194_p_nic036.jpg</filename><folder>users/joselusava//santiago</folder><source><submittedBy>Jose Saca</submittedBy></source><imagesize><nrows>3200</nrows><ncols>4800</ncols></imagesize><object><name>m1_s07_194_p_nic036</name><deleted>0</deleted><verified>0</verified><occluded>no</occluded><attributes></attributes><parts><hasparts></hasparts><ispartof></ispartof></parts><date>24-08-20 13:06:29:437</date><id>0</id><type>bounding_box</type><polygon><username>anonymous</username><pt><x>3097</x><y>568</y><time>24-08-20 13:06:17:425</time></pt><pt><x>4274</x><y>568</y><time>24-08-20 13:06:21:496</time></pt><pt><x>4274</x><y>2050</y><time>undefined</time></pt><pt><x>3097</x><y>2050</y><time>undefined</time></pt><closed_date>24-08-20 13:06:21:498</closed_date></polygon></object></annotation>