<annotation><filename>m1_s07_194_p_ic039.jpg</filename><folder>users/joselusava//santiago</folder><source><submittedBy>Jose Saca</submittedBy></source><imagesize><nrows>3200</nrows><ncols>4800</ncols></imagesize><object><name>m1_s07_194_p_ic039</name><deleted>0</deleted><verified>0</verified><occluded>no</occluded><attributes></attributes><parts><hasparts></hasparts><ispartof></ispartof></parts><date>21-08-20 18:24:55:076</date><id>0</id><type>bounding_box</type><polygon><username>anonymous</username><pt><x>1253</x><y>151</y><time>21-08-20 18:24:43:210</time></pt><pt><x>3013</x><y>151</y><time>21-08-20 18:24:46:352</time></pt><pt><x>3013</x><y>2991</y><time>undefined</time></pt><pt><x>1253</x><y>2991</y><time>undefined</time></pt><closed_date>21-08-20 18:24:46:353</closed_date></polygon></object></annotation>