<annotation><filename>img_m1_s10_303_p_ic094.jpg</filename><folder>users/joselusava//santiago</folder><source><submittedBy>Jose Saca</submittedBy></source><imagesize><nrows>3200</nrows><ncols>4800</ncols></imagesize><object><name>m1_s10_303_p_ic094</name><deleted>0</deleted><verified>0</verified><occluded>no</occluded><attributes></attributes><parts><hasparts></hasparts><ispartof></ispartof></parts><date>01-09-20 15:54:57:672</date><id>0</id><type>bounding_box</type><polygon><username>anonymous</username><pt><x>1091</x><y>1559</y><time>01-09-20 15:54:47:852</time></pt><pt><x>3744</x><y>1559</y><time>01-09-20 15:54:50:240</time></pt><pt><x>3744</x><y>2808</y><time>undefined</time></pt><pt><x>1091</x><y>2808</y><time>undefined</time></pt><closed_date>01-09-20 15:54:50:242</closed_date></polygon></object></annotation>