<annotation><filename>img_m1_s10_270_p_ic023.jpg</filename><folder>users/joselusava//santiago</folder><source><submittedBy>Jose Saca</submittedBy></source><imagesize><nrows>3200</nrows><ncols>4800</ncols></imagesize><object><name>m1_s10_270_p_ic023</name><deleted>0</deleted><verified>0</verified><occluded>no</occluded><attributes></attributes><parts><hasparts></hasparts><ispartof></ispartof></parts><date>26-08-20 18:53:07:922</date><id>0</id><type>bounding_box</type><polygon><username>anonymous</username><pt><x>929</x><y>540</y><time>26-08-20 18:52:58:915</time></pt><pt><x>3366</x><y>540</y><time>26-08-20 18:53:01:262</time></pt><pt><x>3366</x><y>2703</y><time>undefined</time></pt><pt><x>929</x><y>2703</y><time>undefined</time></pt><closed_date>26-08-20 18:53:01:263</closed_date></polygon></object></annotation>