<annotation><filename>m1_s05_115_p_ic031.jpg</filename><folder>users/joselusava//jacob/sala5_115_ic</folder><source><submittedBy>Jose Saca</submittedBy></source><imagesize><nrows>3200</nrows><ncols>4796</ncols></imagesize><object><name>m1_s05_115_p_ic031</name><deleted>0</deleted><verified>0</verified><occluded>no</occluded><attributes></attributes><parts><hasparts></hasparts><ispartof></ispartof></parts><date>30-08-20 21:00:35:316</date><id>0</id><type>bounding_box</type><polygon><username>anonymous</username><pt><x>900</x><y>2958</y><time>30-08-20 21:00:32:434</time></pt><pt><x>3331</x><y>2958</y><time>30-08-20 21:00:34:455</time></pt><pt><x>3331</x><y>144</y><time>undefined</time></pt><pt><x>900</x><y>144</y><time>undefined</time></pt><closed_date>30-08-20 21:00:34:455</closed_date></polygon></object></annotation>