<annotation><filename>img_m1_s10_270_p_nic053.jpg</filename><folder>users/joselusava//santiago</folder><source><submittedBy>Jose Saca</submittedBy></source><imagesize><nrows>3200</nrows><ncols>4800</ncols></imagesize><object><name>m1_s10_270_p_nic053</name><deleted>0</deleted><verified>0</verified><occluded>no</occluded><attributes></attributes><parts><hasparts></hasparts><ispartof></ispartof></parts><date>27-08-20 14:27:05:772</date><id>0</id><type>bounding_box</type><polygon><username>anonymous</username><pt><x>2829</x><y>1407</y><time>27-08-20 14:26:55:498</time></pt><pt><x>4381</x><y>1407</y><time>27-08-20 14:26:58:804</time></pt><pt><x>4381</x><y>2606</y><time>undefined</time></pt><pt><x>2829</x><y>2606</y><time>undefined</time></pt><closed_date>27-08-20 14:26:58:804</closed_date></polygon></object></annotation>