<annotation><filename>m1_s08_245_x.jpg</filename><folder>users/joselusava//santiago</folder><source><submittedBy>Jose Saca</submittedBy></source><imagesize><nrows>3200</nrows><ncols>4800</ncols></imagesize><object><name>m1_s08_245_x</name><deleted>0</deleted><verified>0</verified><occluded>no</occluded><attributes></attributes><parts><hasparts></hasparts><ispartof></ispartof></parts><date>25-08-20 13:39:11:578</date><id>0</id><type>bounding_box</type><polygon><username>anonymous</username><pt><x>824</x><y>155</y><time>25-08-20 13:39:00:258</time></pt><pt><x>4168</x><y>155</y><time>25-08-20 13:39:03:752</time></pt><pt><x>4168</x><y>2977</y><time>undefined</time></pt><pt><x>824</x><y>2977</y><time>undefined</time></pt><closed_date>25-08-20 13:39:03:753</closed_date></polygon></object></annotation>