<annotation><filename>img_m1_s10_270_p_nic091.jpg</filename><folder>users/joselusava//santiago</folder><source><submittedBy>Jose Saca</submittedBy></source><imagesize><nrows>3200</nrows><ncols>4800</ncols></imagesize><object><name>m1_s10_270_p_nic091</name><deleted>0</deleted><verified>0</verified><occluded>no</occluded><attributes></attributes><parts><hasparts></hasparts><ispartof></ispartof></parts><date>28-08-20 14:45:24:848</date><id>0</id><type>bounding_box</type><polygon><username>anonymous</username><pt><x>2181</x><y>461</y><time>28-08-20 14:45:15:591</time></pt><pt><x>3873</x><y>461</y><time>28-08-20 14:45:17:972</time></pt><pt><x>3873</x><y>1735</y><time>undefined</time></pt><pt><x>2181</x><y>1735</y><time>undefined</time></pt><closed_date>28-08-20 14:45:17:974</closed_date></polygon></object></annotation>