<annotation><filename>m1_s05_116_x.jpg</filename><folder>users/joselusava//jacob/sala5_correccion</folder><source><submittedBy>Jose Saca</submittedBy></source><imagesize><nrows>3203</nrows><ncols>4800</ncols></imagesize><object><name>m1_s05_116_x</name><deleted>0</deleted><verified>0</verified><occluded>no</occluded><attributes></attributes><parts><hasparts></hasparts><ispartof></ispartof></parts><date>29-08-20 22:42:52:172</date><id>0</id><type>bounding_box</type><polygon><username>anonymous</username><pt><x>3823</x><y>2865</y><time>29-08-20 22:42:48:707</time></pt><pt><x>632</x><y>2865</y><time>29-08-20 22:42:51:203</time></pt><pt><x>632</x><y>364</y><time>undefined</time></pt><pt><x>3823</x><y>364</y><time>undefined</time></pt><closed_date>29-08-20 22:42:51:203</closed_date></polygon></object></annotation>