<annotation><filename>m1_s07_194_p_ic021.jpg</filename><folder>users/joselusava//santiago</folder><source><submittedBy>Jose Saca</submittedBy></source><imagesize><nrows>3200</nrows><ncols>4800</ncols></imagesize><object><name>m1_s07_194_p_ic021</name><deleted>0</deleted><verified>0</verified><occluded>no</occluded><attributes></attributes><parts><hasparts></hasparts><ispartof></ispartof></parts><date>21-08-20 13:36:18:596</date><id>0</id><type>bounding_box</type><polygon><username>anonymous</username><pt><x>1775</x><y>428</y><time>21-08-20 13:36:00:075</time></pt><pt><x>3312</x><y>428</y><time>21-08-20 13:36:06:262</time></pt><pt><x>3312</x><y>2851</y><time>undefined</time></pt><pt><x>1775</x><y>2851</y><time>undefined</time></pt><closed_date>21-08-20 13:36:06:263</closed_date></polygon></object></annotation>