<annotation><filename>img_m1_s10_270_p_nic075.jpg</filename><folder>users/joselusava//santiago</folder><source><submittedBy>Jose Saca</submittedBy></source><imagesize><nrows>3200</nrows><ncols>4800</ncols></imagesize><object><name>m1_s10_270_p_nic075</name><deleted>0</deleted><verified>0</verified><occluded>no</occluded><attributes></attributes><parts><hasparts></hasparts><ispartof></ispartof></parts><date>28-08-20 14:13:44:394</date><id>0</id><type>bounding_box</type><polygon><username>anonymous</username><pt><x>1926</x><y>1595</y><time>28-08-20 14:13:33:919</time></pt><pt><x>3196</x><y>1595</y><time>28-08-20 14:13:37:767</time></pt><pt><x>3196</x><y>2836</y><time>undefined</time></pt><pt><x>1926</x><y>2836</y><time>undefined</time></pt><closed_date>28-08-20 14:13:37:769</closed_date></polygon></object></annotation>