<annotation><filename>img_m1_s10_303_p_ic096.jpg</filename><folder>users/joselusava//santiago</folder><source><submittedBy>Jose Saca</submittedBy></source><imagesize><nrows>3200</nrows><ncols>4800</ncols></imagesize><object><name>m1_s10_303_p_ic096</name><deleted>0</deleted><verified>0</verified><occluded>no</occluded><attributes></attributes><parts><hasparts></hasparts><ispartof></ispartof></parts><date>01-09-20 15:57:27:123</date><id>0</id><type>bounding_box</type><polygon><username>anonymous</username><pt><x>1087</x><y>929</y><time>01-09-20 15:57:17:338</time></pt><pt><x>3585</x><y>929</y><time>01-09-20 15:57:20:550</time></pt><pt><x>3585</x><y>2077</y><time>undefined</time></pt><pt><x>1087</x><y>2077</y><time>undefined</time></pt><closed_date>01-09-20 15:57:20:552</closed_date></polygon></object></annotation>