<annotation><filename>m1_s05_138_p_nic090.jpg</filename><folder>users/joselusava//jacob/138</folder><source><submittedBy>Jose Saca</submittedBy></source><imagesize><nrows>3200</nrows><ncols>4800</ncols></imagesize><object><name>m1_s05_138_p_nic090</name><deleted>0</deleted><verified>0</verified><occluded>no</occluded><attributes></attributes><parts><hasparts></hasparts><ispartof></ispartof></parts><date>24-08-20 12:48:38:987</date><id>0</id><type>bounding_box</type><polygon><username>anonymous</username><pt><x>471</x><y>1635</y><time>24-08-20 12:48:35:627</time></pt><pt><x>1323</x><y>1635</y><time>24-08-20 12:48:37:971</time></pt><pt><x>1323</x><y>2937</y><time>undefined</time></pt><pt><x>471</x><y>2937</y><time>undefined</time></pt><closed_date>24-08-20 12:48:37:972</closed_date></polygon></object></annotation>