<annotation><filename>img_m1_s10_270_p_nic035.jpg</filename><folder>users/joselusava//santiago</folder><source><submittedBy>Jose Saca</submittedBy></source><imagesize><nrows>3200</nrows><ncols>4800</ncols></imagesize><object><name>m1_s10_270_p_nic035</name><deleted>0</deleted><verified>0</verified><occluded>no</occluded><attributes></attributes><parts><hasparts></hasparts><ispartof></ispartof></parts><date>27-08-20 13:42:22:314</date><id>0</id><type>bounding_box</type><polygon><username>anonymous</username><pt><x>252</x><y>734</y><time>27-08-20 13:42:12:386</time></pt><pt><x>1713</x><y>734</y><time>27-08-20 13:42:15:332</time></pt><pt><x>1713</x><y>1922</y><time>undefined</time></pt><pt><x>252</x><y>1922</y><time>undefined</time></pt><closed_date>27-08-20 13:42:15:334</closed_date></polygon></object></annotation>