<annotation><filename>m1_s07_194_p_nic029.jpg</filename><folder>users/joselusava//santiago</folder><source><submittedBy>Jose Saca</submittedBy></source><imagesize><nrows>3200</nrows><ncols>4800</ncols></imagesize><object><name>m1_s07_194_p_nic029</name><deleted>0</deleted><verified>0</verified><occluded>no</occluded><attributes></attributes><parts><hasparts></hasparts><ispartof></ispartof></parts><date>24-08-20 12:53:14:893</date><id>0</id><type>bounding_box</type><polygon><username>anonymous</username><pt><x>3553</x><y>108</y><time>24-08-20 12:53:05:077</time></pt><pt><x>4427</x><y>108</y><time>24-08-20 12:53:08:335</time></pt><pt><x>4427</x><y>1731</y><time>undefined</time></pt><pt><x>3553</x><y>1731</y><time>undefined</time></pt><closed_date>24-08-20 12:53:08:337</closed_date></polygon></object></annotation>