<annotation><filename>m1_s05_138_p_nic057.jpg</filename><folder>users/joselusava//jacob/138</folder><source><submittedBy>Jose Saca</submittedBy></source><imagesize><nrows>3200</nrows><ncols>4800</ncols></imagesize><object><name>m1_s05_138_p_nic057</name><deleted>0</deleted><verified>0</verified><occluded>no</occluded><attributes></attributes><parts><hasparts></hasparts><ispartof></ispartof></parts><date>23-08-20 23:52:27:612</date><id>0</id><type>bounding_box</type><polygon><username>anonymous</username><pt><x>3507</x><y>2980</y><time>23-08-20 23:52:24:922</time></pt><pt><x>2376</x><y>2980</y><time>23-08-20 23:52:26:726</time></pt><pt><x>2376</x><y>1600</y><time>undefined</time></pt><pt><x>3507</x><y>1600</y><time>undefined</time></pt><closed_date>23-08-20 23:52:26:726</closed_date></polygon></object></annotation>