<annotation><filename>m1_s07_194_p_ic025.jpg</filename><folder>users/joselusava//santiago</folder><source><submittedBy>Jose Saca</submittedBy></source><imagesize><nrows>3200</nrows><ncols>4800</ncols></imagesize><object><name>m1_s07_194_p_ic025</name><deleted>0</deleted><verified>0</verified><occluded>no</occluded><attributes></attributes><parts><hasparts></hasparts><ispartof></ispartof></parts><date>21-08-20 13:54:36:290</date><id>0</id><type>bounding_box</type><polygon><username>anonymous</username><pt><x>1919</x><y>396</y><time>21-08-20 13:54:20:003</time></pt><pt><x>3186</x><y>396</y><time>21-08-20 13:54:24:944</time></pt><pt><x>3186</x><y>2908</y><time>undefined</time></pt><pt><x>1919</x><y>2908</y><time>undefined</time></pt><closed_date>21-08-20 13:54:24:944</closed_date></polygon></object></annotation>