<annotation><filename>m1_s05_129_x.jpg</filename><folder>users/joselusava//jacob/sala5</folder><source><submittedBy>Jose Saca</submittedBy></source><imagesize><nrows>3200</nrows><ncols>4800</ncols></imagesize><object><name>m1_s05_129_x</name><deleted>0</deleted><verified>0</verified><occluded>no</occluded><attributes></attributes><parts><hasparts></hasparts><ispartof></ispartof></parts><date>25-08-20 18:18:51:135</date><id>0</id><type>bounding_box</type><polygon><username>anonymous</username><pt><x>3512</x><y>2784</y><time>25-08-20 18:18:45:507</time></pt><pt><x>1157</x><y>2784</y><time>25-08-20 18:18:48:996</time></pt><pt><x>1157</x><y>360</y><time>undefined</time></pt><pt><x>3512</x><y>360</y><time>undefined</time></pt><closed_date>25-08-20 18:18:48:996</closed_date></polygon></object></annotation>