<annotation><filename>m1_s05_124_x.jpg</filename><folder>users/joselusava//jacob/sala5</folder><source><submittedBy>Jose Saca</submittedBy></source><imagesize><nrows>3200</nrows><ncols>4800</ncols></imagesize><object><name>m1_s05_124_x</name><deleted>0</deleted><verified>0</verified><occluded>no</occluded><attributes></attributes><parts><hasparts></hasparts><ispartof></ispartof></parts><date>24-08-20 20:03:29:694</date><id>0</id><type>bounding_box</type><polygon><username>anonymous</username><pt><x>1538</x><y>2521</y><time>24-08-20 20:03:26:516</time></pt><pt><x>3366</x><y>2521</y><time>24-08-20 20:03:28:651</time></pt><pt><x>3366</x><y>706</y><time>undefined</time></pt><pt><x>1538</x><y>706</y><time>undefined</time></pt><closed_date>24-08-20 20:03:28:651</closed_date></polygon></object></annotation>