<annotation><filename>m1_s05_138_p_nic047.jpg</filename><folder>users/joselusava//jacob/138</folder><source><submittedBy>Jose Saca</submittedBy></source><imagesize><nrows>3200</nrows><ncols>4800</ncols></imagesize><object><name>m1_s05_138_p_nic047</name><deleted>0</deleted><verified>0</verified><occluded>no</occluded><attributes></attributes><parts><hasparts></hasparts><ispartof></ispartof></parts><date>23-08-20 23:45:05:095</date><id>0</id><type>bounding_box</type><polygon><username>anonymous</username><pt><x>4273</x><y>115</y><time>23-08-20 23:45:01:694</time></pt><pt><x>3085</x><y>115</y><time>23-08-20 23:45:03:791</time></pt><pt><x>3085</x><y>1763</y><time>undefined</time></pt><pt><x>4273</x><y>1763</y><time>undefined</time></pt><closed_date>23-08-20 23:45:03:791</closed_date></polygon></object></annotation>