<annotation><filename>img_m1_s10_303_p_ic047.jpg</filename><folder>users/joselusava//santiago</folder><source><submittedBy>Jose Saca</submittedBy></source><imagesize><nrows>3200</nrows><ncols>4800</ncols></imagesize><object><name>m1_s10_303_p_ic047</name><deleted>0</deleted><verified>0</verified><occluded>no</occluded><attributes></attributes><parts><hasparts></hasparts><ispartof></ispartof></parts><date>31-08-20 13:40:33:386</date><id>0</id><type>bounding_box</type><polygon><username>anonymous</username><pt><x>954</x><y>1152</y><time>31-08-20 13:40:21:912</time></pt><pt><x>3045</x><y>1152</y><time>31-08-20 13:40:25:626</time></pt><pt><x>3045</x><y>2045</y><time>undefined</time></pt><pt><x>954</x><y>2045</y><time>undefined</time></pt><closed_date>31-08-20 13:40:25:628</closed_date></polygon></object></annotation>