<annotation><filename>m1_s05_115_p_nic087.jpg</filename><folder>users/joselusava//jacob/sala5_115_nic</folder><source><submittedBy>Jose Saca</submittedBy></source><imagesize><nrows>3200</nrows><ncols>4796</ncols></imagesize><object><name>m1_s05_115_p_nic087</name><deleted>0</deleted><verified>0</verified><occluded>no</occluded><attributes></attributes><parts><hasparts></hasparts><ispartof></ispartof></parts><date>31-08-20 00:01:43:138</date><id>0</id><type>bounding_box</type><polygon><username>anonymous</username><pt><x>1781</x><y>2929</y><time>31-08-20 00:01:41:532</time></pt><pt><x>2728</x><y>2929</y><time>31-08-20 00:01:42:577</time></pt><pt><x>2728</x><y>1924</y><time>undefined</time></pt><pt><x>1781</x><y>1924</y><time>undefined</time></pt><closed_date>31-08-20 00:01:42:577</closed_date></polygon></object></annotation>