<annotation><filename>m1_s05_115_p_nic045.jpg</filename><folder>users/joselusava//jacob/sala5_115_nic</folder><source><submittedBy>Jose Saca</submittedBy></source><imagesize><nrows>3200</nrows><ncols>4796</ncols></imagesize><object><name>m1_s05_115_p_nic045</name><deleted>0</deleted><verified>0</verified><occluded>no</occluded><attributes></attributes><parts><hasparts></hasparts><ispartof></ispartof></parts><date>30-08-20 23:30:21:469</date><id>0</id><type>bounding_box</type><polygon><username>anonymous</username><pt><x>2786</x><y>220</y><time>30-08-20 23:30:18:732</time></pt><pt><x>3743</x><y>220</y><time>30-08-20 23:30:20:573</time></pt><pt><x>3743</x><y>1254</y><time>undefined</time></pt><pt><x>2786</x><y>1254</y><time>undefined</time></pt><closed_date>30-08-20 23:30:20:575</closed_date></polygon></object></annotation>