<annotation><filename>m1_s05_138_p_ic053.jpg</filename><folder>users/joselusava//jacob</folder><source><submittedBy>Jose Saca</submittedBy></source><imagesize><nrows>3200</nrows><ncols>4800</ncols></imagesize><object><name>m1_s05_138_p_ic053</name><deleted>0</deleted><verified>0</verified><occluded>no</occluded><attributes></attributes><parts><hasparts></hasparts><ispartof></ispartof></parts><date>21-08-20 22:30:43:675</date><id>0</id><type>bounding_box</type><polygon><username>anonymous</username><pt><x>1067</x><y>180</y><time>21-08-20 22:30:37:064</time></pt><pt><x>3124</x><y>180</y><time>21-08-20 22:30:39:871</time></pt><pt><x>3124</x><y>2681</y><time>undefined</time></pt><pt><x>1067</x><y>2681</y><time>undefined</time></pt><closed_date>21-08-20 22:30:39:871</closed_date></polygon></object></annotation>