<annotation><filename>img_m1_s10_270_p_ic082.jpg</filename><folder>users/joselusava//santiago</folder><source><submittedBy>Jose Saca</submittedBy></source><imagesize><nrows>3200</nrows><ncols>4800</ncols></imagesize><object><name>m1_s10_270_p_ic082</name><deleted>0</deleted><verified>0</verified><occluded>no</occluded><attributes></attributes><parts><hasparts></hasparts><ispartof></ispartof></parts><date>27-08-20 11:41:17:502</date><id>0</id><type>bounding_box</type><polygon><username>anonymous</username><pt><x>1141</x><y>486</y><time>27-08-20 11:41:06:409</time></pt><pt><x>3909</x><y>486</y><time>27-08-20 11:41:09:831</time></pt><pt><x>3909</x><y>2581</y><time>undefined</time></pt><pt><x>1141</x><y>2581</y><time>undefined</time></pt><closed_date>27-08-20 11:41:09:833</closed_date></polygon></object></annotation>