<annotation><filename>m1_s05_128_x.jpg</filename><folder>users/joselusava//jacob/sala5</folder><source><submittedBy>Jose Saca</submittedBy></source><imagesize><nrows>3200</nrows><ncols>4800</ncols></imagesize><object><name>m1_s05_128_x</name><deleted>0</deleted><verified>0</verified><occluded>no</occluded><attributes></attributes><parts><hasparts></hasparts><ispartof></ispartof></parts><date>25-08-20 18:17:24:427</date><id>0</id><type>bounding_box</type><polygon><username>anonymous</username><pt><x>966</x><y>2729</y><time>25-08-20 18:14:47:420</time></pt><pt><x>3976</x><y>2729</y><time>25-08-20 18:14:54:857</time></pt><pt><x>3976</x><y>590</y><time>undefined</time></pt><pt><x>966</x><y>590</y><time>undefined</time></pt><closed_date>25-08-20 18:14:54:858</closed_date></polygon></object></annotation>