<annotation><filename>m1_s05_115_p_ic007.jpg</filename><folder>users/joselusava//jacob/sala5_115_ic</folder><source><submittedBy>Jose Saca</submittedBy></source><imagesize><nrows>3200</nrows><ncols>4796</ncols></imagesize><object><name>m1_s05_115_p_ic007</name><deleted>0</deleted><verified>0</verified><occluded>no</occluded><attributes></attributes><parts><hasparts></hasparts><ispartof></ispartof></parts><date>30-08-20 19:57:38:338</date><id>0</id><type>bounding_box</type><polygon><username>anonymous</username><pt><x>3140</x><y>2307</y><time>30-08-20 19:57:36:346</time></pt><pt><x>1244</x><y>2307</y><time>30-08-20 19:57:37:653</time></pt><pt><x>1244</x><y>680</y><time>undefined</time></pt><pt><x>3140</x><y>680</y><time>undefined</time></pt><closed_date>30-08-20 19:57:37:653</closed_date></polygon></object></annotation>