<annotation><filename>m1_s05_125_x.jpg</filename><folder>users/joselusava//jacob/sala5</folder><source><submittedBy>Jose Saca</submittedBy></source><imagesize><nrows>3200</nrows><ncols>4800</ncols></imagesize><object><name>m1_s05_125_x</name><deleted>0</deleted><verified>0</verified><occluded>no</occluded><attributes></attributes><parts><hasparts></hasparts><ispartof></ispartof></parts><date>24-08-20 20:04:07:893</date><id>0</id><type>bounding_box</type><polygon><username>anonymous</username><pt><x>3470</x><y>2334</y><time>24-08-20 20:04:05:160</time></pt><pt><x>1184</x><y>2334</y><time>24-08-20 20:04:06:859</time></pt><pt><x>1184</x><y>970</y><time>undefined</time></pt><pt><x>3470</x><y>970</y><time>undefined</time></pt><closed_date>24-08-20 20:04:06:859</closed_date></polygon></object></annotation>