<annotation><filename>m1_s05_115_p_ic011.jpg</filename><folder>users/joselusava//jacob/sala5_115_ic</folder><source><submittedBy>Jose Saca</submittedBy></source><imagesize><nrows>3200</nrows><ncols>4796</ncols></imagesize><object><name>m1_s05_115_p_ic011</name><deleted>0</deleted><verified>0</verified><occluded>no</occluded><attributes></attributes><parts><hasparts></hasparts><ispartof></ispartof></parts><date>30-08-20 19:59:12:336</date><id>0</id><type>bounding_box</type><polygon><username>anonymous</username><pt><x>3379</x><y>2250</y><time>30-08-20 19:59:09:002</time></pt><pt><x>1177</x><y>2250</y><time>30-08-20 19:59:11:537</time></pt><pt><x>1177</x><y>795</y><time>undefined</time></pt><pt><x>3379</x><y>795</y><time>undefined</time></pt><closed_date>30-08-20 19:59:11:537</closed_date></polygon></object></annotation>