<annotation><filename>m1_s05_138_p_ic087.jpg</filename><folder>users/joselusava//jacob</folder><source><submittedBy>Jose Saca</submittedBy></source><imagesize><nrows>3200</nrows><ncols>4800</ncols></imagesize><object><name>m1_s05_138_p_ic087</name><deleted>0</deleted><verified>0</verified><occluded>no</occluded><attributes></attributes><parts><hasparts></hasparts><ispartof></ispartof></parts><date>21-08-20 23:08:00:819</date><id>0</id><type>bounding_box</type><polygon><username>anonymous</username><pt><x>3131</x><y>2764</y><time>21-08-20 23:07:55:450</time></pt><pt><x>1268</x><y>2764</y><time>21-08-20 23:07:57:545</time></pt><pt><x>1268</x><y>312</y><time>undefined</time></pt><pt><x>3131</x><y>312</y><time>undefined</time></pt><closed_date>21-08-20 23:07:57:545</closed_date></polygon></object></annotation>