<annotation><filename>img_m1_s10_270_p_nic017.jpg</filename><folder>users/joselusava//santiago</folder><source><submittedBy>Jose Saca</submittedBy></source><imagesize><nrows>3200</nrows><ncols>4800</ncols></imagesize><object><name>m1_s10_270_p_nic017</name><deleted>0</deleted><verified>0</verified><occluded>no</occluded><attributes></attributes><parts><hasparts></hasparts><ispartof></ispartof></parts><date>27-08-20 13:03:20:487</date><id>0</id><type>bounding_box</type><polygon><username>anonymous</username><pt><x>418</x><y>1209</y><time>27-08-20 13:03:07:315</time></pt><pt><x>2210</x><y>1209</y><time>27-08-20 13:03:12:995</time></pt><pt><x>2210</x><y>2664</y><time>undefined</time></pt><pt><x>418</x><y>2664</y><time>undefined</time></pt><closed_date>27-08-20 13:03:12:996</closed_date></polygon></object></annotation>