<annotation><filename>m1_s07_194_p_nic005.jpg</filename><folder>users/joselusava//santiago</folder><source><submittedBy>Jose Saca</submittedBy></source><imagesize><nrows>3200</nrows><ncols>4800</ncols></imagesize><object><name>m1_s07_194_p_nic005</name><deleted>0</deleted><verified>0</verified><occluded>no</occluded><attributes></attributes><parts><hasparts></hasparts><ispartof></ispartof></parts><date>24-08-20 11:12:40:387</date><id>0</id><type>bounding_box</type><polygon><username>anonymous</username><pt><x>3452</x><y>1328</y><time>24-08-20 11:12:21:973</time></pt><pt><x>4399</x><y>1328</y><time>24-08-20 11:12:30:945</time></pt><pt><x>4399</x><y>2962</y><time>undefined</time></pt><pt><x>3452</x><y>2962</y><time>undefined</time></pt><closed_date>24-08-20 11:12:30:946</closed_date></polygon></object></annotation>