<annotation><filename>img_m1_s10_270_p_nic074.jpg</filename><folder>users/joselusava//santiago</folder><source><submittedBy>Jose Saca</submittedBy></source><imagesize><nrows>3200</nrows><ncols>4800</ncols></imagesize><object><name>m1_s10_270_p_nic074</name><deleted>0</deleted><verified>0</verified><occluded>no</occluded><attributes></attributes><parts><hasparts></hasparts><ispartof></ispartof></parts><date>28-08-20 14:12:35:842</date><id>0</id><type>bounding_box</type><polygon><username>anonymous</username><pt><x>1670</x><y>1652</y><time>28-08-20 14:12:26:013</time></pt><pt><x>2941</x><y>1652</y><time>28-08-20 14:12:29:669</time></pt><pt><x>2941</x><y>2811</y><time>undefined</time></pt><pt><x>1670</x><y>2811</y><time>undefined</time></pt><closed_date>28-08-20 14:12:29:671</closed_date></polygon></object></annotation>