<annotation><filename>img_m1_s10_303_p_ic023.jpg</filename><folder>users/joselusava//santiago</folder><source><submittedBy>Jose Saca</submittedBy></source><imagesize><nrows>3200</nrows><ncols>4800</ncols></imagesize><object><name>m1_s10_303_p_ic023</name><deleted>0</deleted><verified>0</verified><occluded>no</occluded><attributes></attributes><parts><hasparts></hasparts><ispartof></ispartof></parts><date>31-08-20 12:44:00:022</date><id>0</id><type>bounding_box</type><polygon><username>anonymous</username><pt><x>1718</x><y>583</y><time>31-08-20 12:43:50:714</time></pt><pt><x>2731</x><y>583</y><time>31-08-20 12:43:53:518</time></pt><pt><x>2731</x><y>2164</y><time>undefined</time></pt><pt><x>1718</x><y>2164</y><time>undefined</time></pt><closed_date>31-08-20 12:43:53:518</closed_date></polygon></object></annotation>