<annotation><filename>img_m1_s10_270_p_ic001.jpg</filename><folder>users/joselusava//santiago</folder><source><submittedBy>Jose Saca</submittedBy></source><imagesize><nrows>3200</nrows><ncols>4800</ncols></imagesize><object><name>m1_s10_270_p_ic001</name><deleted>0</deleted><verified>0</verified><occluded>no</occluded><attributes></attributes><parts><hasparts></hasparts><ispartof></ispartof></parts><date>26-08-20 13:26:29:795</date><id>0</id><type>bounding_box</type><polygon><username>anonymous</username><pt><x>900</x><y>194</y><time>26-08-20 13:26:17:150</time></pt><pt><x>3315</x><y>194</y><time>26-08-20 13:26:20:177</time></pt><pt><x>3315</x><y>2815</y><time>undefined</time></pt><pt><x>900</x><y>2815</y><time>undefined</time></pt><closed_date>26-08-20 13:26:20:178</closed_date></polygon></object></annotation>