<annotation><filename>m1_s05_138_p_nic083.jpg</filename><folder>users/joselusava//jacob/138</folder><source><submittedBy>Jose Saca</submittedBy></source><imagesize><nrows>3200</nrows><ncols>4800</ncols></imagesize><object><name>m1_s05_138_p_nic083</name><deleted>0</deleted><verified>0</verified><occluded>no</occluded><attributes></attributes><parts><hasparts></hasparts><ispartof></ispartof></parts><date>24-08-20 12:45:52:615</date><id>0</id><type>bounding_box</type><polygon><username>anonymous</username><pt><x>2113</x><y>1579</y><time>24-08-20 12:45:49:835</time></pt><pt><x>873</x><y>1579</y><time>24-08-20 12:45:51:571</time></pt><pt><x>873</x><y>159</y><time>undefined</time></pt><pt><x>2113</x><y>159</y><time>undefined</time></pt><closed_date>24-08-20 12:45:51:571</closed_date></polygon></object></annotation>