<annotation><filename>m1_s05_140_x.jpg</filename><folder>users/joselusava//jacob/sala5</folder><source><submittedBy>Jose Saca</submittedBy></source><imagesize><nrows>2000</nrows><ncols>2992</ncols></imagesize><object><name>m1_s05_140_x</name><deleted>0</deleted><verified>0</verified><occluded>no</occluded><attributes></attributes><parts><hasparts></hasparts><ispartof></ispartof></parts><date>25-08-20 18:24:41:179</date><id>0</id><type>bounding_box</type><polygon><username>anonymous</username><pt><x>125</x><y>432</y><time>25-08-20 18:24:29:171</time></pt><pt><x>2677</x><y>432</y><time>25-08-20 18:24:39:314</time></pt><pt><x>2677</x><y>1805</y><time>undefined</time></pt><pt><x>125</x><y>1805</y><time>undefined</time></pt><closed_date>25-08-20 18:24:39:314</closed_date></polygon></object></annotation>