<annotation><filename>m1_s05_115_p_ic074.jpg</filename><folder>users/joselusava//jacob/sala5_115_ic</folder><source><submittedBy>Jose Saca</submittedBy></source><imagesize><nrows>3200</nrows><ncols>4796</ncols></imagesize><object><name>m1_s05_115_p_ic074</name><deleted>0</deleted><verified>0</verified><occluded>no</occluded><attributes></attributes><parts><hasparts>0</hasparts><ispartof>0</ispartof></parts><date>30-08-20 21:22:17:326</date><id>0</id><type>bounding_box</type><polygon><username>anonymous</username><pt><x>909</x><y>2441</y><time>30-08-20 21:22:11:501</time></pt><pt><x>3494</x><y>2441</y><time>30-08-20 21:22:13:290</time></pt><pt><x>3494</x><y>641</y><time>undefined</time></pt><pt><x>909</x><y>641</y><time>undefined</time></pt><closed_date>30-08-20 21:22:13:291</closed_date></polygon></object></annotation>