<annotation><filename>img_m1_s10_270_p_nic072.jpg</filename><folder>users/joselusava//santiago</folder><source><submittedBy>Jose Saca</submittedBy></source><imagesize><nrows>3200</nrows><ncols>4800</ncols></imagesize><object><name>m1_s10_270_p_nic072</name><deleted>0</deleted><verified>0</verified><occluded>no</occluded><attributes></attributes><parts><hasparts></hasparts><ispartof></ispartof></parts><date>28-08-20 14:09:43:868</date><id>0</id><type>bounding_box</type><polygon><username>anonymous</username><pt><x>1098</x><y>1620</y><time>28-08-20 14:09:34:853</time></pt><pt><x>2397</x><y>1620</y><time>28-08-20 14:09:36:859</time></pt><pt><x>2397</x><y>2854</y><time>undefined</time></pt><pt><x>1098</x><y>2854</y><time>undefined</time></pt><closed_date>28-08-20 14:09:36:861</closed_date></polygon></object></annotation>