<annotation><filename>m1_s05_138_p_ic086.jpg</filename><folder>users/joselusava//jacob</folder><source><submittedBy>Jose Saca</submittedBy></source><imagesize><nrows>3200</nrows><ncols>4800</ncols></imagesize><object><name>m1_s05_138_p_ic086</name><deleted>0</deleted><verified>0</verified><occluded>no</occluded><attributes></attributes><parts><hasparts></hasparts><ispartof></ispartof></parts><date>21-08-20 23:07:22:760</date><id>0</id><type>bounding_box</type><polygon><username>anonymous</username><pt><x>3082</x><y>2681</y><time>21-08-20 23:07:14:605</time></pt><pt><x>1365</x><y>2681</y><time>21-08-20 23:07:18:158</time></pt><pt><x>1365</x><y>222</y><time>undefined</time></pt><pt><x>3082</x><y>222</y><time>undefined</time></pt><closed_date>21-08-20 23:07:18:159</closed_date></polygon></object></annotation>