<annotation><filename>m1_s07_194_p_ic043.jpg</filename><folder>users/joselusava//santiago</folder><source><submittedBy>Jose Saca</submittedBy></source><imagesize><nrows>3200</nrows><ncols>4800</ncols></imagesize><object><name>m1_s07_194_p_ic043</name><deleted>0</deleted><verified>0</verified><occluded>no</occluded><attributes></attributes><parts><hasparts></hasparts><ispartof></ispartof></parts><date>21-08-20 18:54:01:499</date><id>0</id><type>bounding_box</type><polygon><username>anonymous</username><pt><x>1346</x><y>194</y><time>21-08-20 18:53:35:759</time></pt><pt><x>3268</x><y>194</y><time>21-08-20 18:53:44:609</time></pt><pt><x>3268</x><y>3088</y><time>undefined</time></pt><pt><x>1346</x><y>3088</y><time>undefined</time></pt><closed_date>21-08-20 18:53:44:611</closed_date></polygon></object></annotation>