<annotation><filename>m1_s05_138_p_nic021.jpg</filename><folder>users/joselusava//jacob/138</folder><source><submittedBy>Jose Saca</submittedBy></source><imagesize><nrows>3200</nrows><ncols>4800</ncols></imagesize><object><name>m1_s05_138_p_nic021</name><deleted>0</deleted><verified>0</verified><occluded>no</occluded><attributes></attributes><parts><hasparts></hasparts><ispartof></ispartof></parts><date>23-08-20 23:32:57:590</date><id>0</id><type>bounding_box</type><polygon><username>anonymous</username><pt><x>4602</x><y>2107</y><time>23-08-20 23:32:53:204</time></pt><pt><x>3778</x><y>2107</y><time>23-08-20 23:32:54:699</time></pt><pt><x>3778</x><y>1188</y><time>undefined</time></pt><pt><x>4602</x><y>1188</y><time>undefined</time></pt><closed_date>23-08-20 23:32:54:699</closed_date></polygon></object></annotation>