<annotation><filename>m1_s05_138_p_nic061.jpg</filename><folder>users/joselusava//jacob/138</folder><source><submittedBy>Jose Saca</submittedBy></source><imagesize><nrows>3200</nrows><ncols>4800</ncols></imagesize><object><name>m1_s05_138_p_nic061</name><deleted>0</deleted><verified>0</verified><occluded>no</occluded><attributes></attributes><parts><hasparts></hasparts><ispartof></ispartof></parts><date>23-08-20 23:54:26:669</date><id>0</id><type>bounding_box</type><polygon><username>anonymous</username><pt><x>3775</x><y>1830</y><time>23-08-20 23:54:23:197</time></pt><pt><x>4570</x><y>1830</y><time>23-08-20 23:54:24:537</time></pt><pt><x>4570</x><y>3018</y><time>undefined</time></pt><pt><x>3775</x><y>3018</y><time>undefined</time></pt><closed_date>23-08-20 23:54:24:537</closed_date></polygon></object></annotation>