<annotation><filename>img_m1_s10_270_p_ic035.jpg</filename><folder>users/joselusava//santiago</folder><source><submittedBy>Jose Saca</submittedBy></source><imagesize><nrows>3200</nrows><ncols>4800</ncols></imagesize><object><name>m1_s10_270_p_ic035</name><deleted>0</deleted><verified>0</verified><occluded>no</occluded><attributes></attributes><parts><hasparts></hasparts><ispartof></ispartof></parts><date>26-08-20 19:25:56:668</date><id>0</id><type>bounding_box</type><polygon><username>anonymous</username><pt><x>1147</x><y>438</y><time>26-08-20 19:25:46:887</time></pt><pt><x>3387</x><y>438</y><time>26-08-20 19:25:48:793</time></pt><pt><x>3387</x><y>2499</y><time>undefined</time></pt><pt><x>1147</x><y>2499</y><time>undefined</time></pt><closed_date>26-08-20 19:25:48:795</closed_date></polygon></object></annotation>