<annotation><filename>img_m1_s10_270_p_ic081.jpg</filename><folder>users/joselusava//santiago</folder><source><submittedBy>Jose Saca</submittedBy></source><imagesize><nrows>3200</nrows><ncols>4800</ncols></imagesize><object><name>m1_s10_270_p_ic081</name><deleted>0</deleted><verified>0</verified><occluded>no</occluded><attributes></attributes><parts><hasparts></hasparts><ispartof></ispartof></parts><date>27-08-20 11:39:17:440</date><id>0</id><type>bounding_box</type><polygon><username>anonymous</username><pt><x>1047</x><y>436</y><time>27-08-20 11:39:05:311</time></pt><pt><x>3837</x><y>436</y><time>27-08-20 11:39:09:654</time></pt><pt><x>3837</x><y>2566</y><time>undefined</time></pt><pt><x>1047</x><y>2566</y><time>undefined</time></pt><closed_date>27-08-20 11:39:09:655</closed_date></polygon></object></annotation>