<annotation><filename>m1_s05_138_p_ic060.jpg</filename><folder>users/joselusava//jacob</folder><source><submittedBy>Jose Saca</submittedBy></source><imagesize><nrows>3200</nrows><ncols>4800</ncols></imagesize><object><name>m1_s05_138_p_ic060</name><deleted>0</deleted><verified>0</verified><occluded>no</occluded><attributes></attributes><parts><hasparts></hasparts><ispartof></ispartof></parts><date>21-08-20 22:38:44:047</date><id>0</id><type>bounding_box</type><polygon><username>anonymous</username><pt><x>1794</x><y>152</y><time>21-08-20 22:38:38:050</time></pt><pt><x>3248</x><y>152</y><time>21-08-20 22:38:40:795</time></pt><pt><x>3248</x><y>2632</y><time>undefined</time></pt><pt><x>1794</x><y>2632</y><time>undefined</time></pt><closed_date>21-08-20 22:38:40:795</closed_date></polygon></object></annotation>