<annotation><filename>m1_s05_133_x.jpg</filename><folder>users/joselusava//jacob/sala5</folder><source><submittedBy>Jose Saca</submittedBy></source><imagesize><nrows>3200</nrows><ncols>4800</ncols></imagesize><object><name>m1_s05_133_x</name><deleted>0</deleted><verified>0</verified><occluded>no</occluded><attributes></attributes><parts><hasparts></hasparts><ispartof></ispartof></parts><date>25-08-20 18:20:36:732</date><id>0</id><type>bounding_box</type><polygon><username>anonymous</username><pt><x>3616</x><y>2480</y><time>25-08-20 18:20:33:638</time></pt><pt><x>1247</x><y>2480</y><time>25-08-20 18:20:35:568</time></pt><pt><x>1247</x><y>956</y><time>undefined</time></pt><pt><x>3616</x><y>956</y><time>undefined</time></pt><closed_date>25-08-20 18:20:35:568</closed_date></polygon></object></annotation>