<annotation><filename>m1_s05_138_p_nic012.jpg</filename><folder>users/joselusava//jacob/138</folder><source><submittedBy>Jose Saca</submittedBy></source><imagesize><nrows>3200</nrows><ncols>4800</ncols></imagesize><object><name>m1_s05_138_p_nic012</name><deleted>0</deleted><verified>0</verified><occluded>no</occluded><attributes></attributes><parts><hasparts></hasparts><ispartof></ispartof></parts><date>23-08-20 23:28:34:447</date><id>0</id><type>bounding_box</type><polygon><username>anonymous</username><pt><x>1171</x><y>2743</y><time>23-08-20 23:28:28:709</time></pt><pt><x>381</x><y>2743</y><time>23-08-20 23:28:30:882</time></pt><pt><x>381</x><y>1801</y><time>undefined</time></pt><pt><x>1171</x><y>1801</y><time>undefined</time></pt><closed_date>23-08-20 23:28:30:882</closed_date></polygon></object></annotation>