<annotation><filename>m1_s05_138_p_nic007.jpg</filename><folder>users/joselusava//jacob/138</folder><source><submittedBy>Jose Saca</submittedBy></source><imagesize><nrows>3200</nrows><ncols>4800</ncols></imagesize><object><name>m1_s05_138_p_nic007</name><deleted>0</deleted><verified>0</verified><occluded>no</occluded><attributes></attributes><parts><hasparts></hasparts><ispartof></ispartof></parts><date>23-08-20 23:25:52:920</date><id>0</id><type>bounding_box</type><polygon><username>anonymous</username><pt><x>3754</x><y>242</y><time>23-08-20 23:25:46:408</time></pt><pt><x>3027</x><y>242</y><time>23-08-20 23:25:48:662</time></pt><pt><x>3027</x><y>1198</y><time>undefined</time></pt><pt><x>3754</x><y>1198</y><time>undefined</time></pt><closed_date>23-08-20 23:25:48:662</closed_date></polygon></object></annotation>