<annotation><filename>m1_s07_216_x.jpg</filename><folder>users/joselusava//santiago</folder><source><submittedBy>Jose Saca</submittedBy></source><imagesize><nrows>3200</nrows><ncols>4800</ncols></imagesize><object><name>m1_s07_216_x</name><deleted>0</deleted><verified>0</verified><occluded>no</occluded><attributes></attributes><parts><hasparts></hasparts><ispartof></ispartof></parts><date>24-08-20 16:49:25:536</date><id>0</id><type>bounding_box</type><polygon><username>anonymous</username><pt><x>1490</x><y>446</y><time>24-08-20 16:49:16:125</time></pt><pt><x>3445</x><y>446</y><time>24-08-20 16:49:18:505</time></pt><pt><x>3445</x><y>2606</y><time>undefined</time></pt><pt><x>1490</x><y>2606</y><time>undefined</time></pt><closed_date>24-08-20 16:49:18:507</closed_date></polygon></object></annotation>