<annotation><filename>m1_s08_230_x.jpg</filename><folder>users/joselusava//santiago</folder><source><submittedBy>Jose Saca</submittedBy></source><imagesize><nrows>3200</nrows><ncols>4800</ncols></imagesize><object><name>m1_s08_230_x</name><deleted>0</deleted><verified>0</verified><occluded>no</occluded><attributes></attributes><parts><hasparts></hasparts><ispartof></ispartof></parts><date>25-08-20 13:12:33:307</date><id>0</id><type>bounding_box</type><polygon><username>anonymous</username><pt><x>1242</x><y>162</y><time>25-08-20 13:12:19:250</time></pt><pt><x>4064</x><y>162</y><time>25-08-20 13:12:24:087</time></pt><pt><x>4064</x><y>3009</y><time>undefined</time></pt><pt><x>1242</x><y>3009</y><time>undefined</time></pt><closed_date>25-08-20 13:12:24:088</closed_date></polygon></object></annotation>