<annotation><filename>m1_s07_194_p_ic033.jpg</filename><folder>users/joselusava//santiago</folder><source><submittedBy>Jose Saca</submittedBy></source><imagesize><nrows>3200</nrows><ncols>4800</ncols></imagesize><object><name>m1_s07_194_p_ic033</name><deleted>0</deleted><verified>0</verified><occluded>no</occluded><attributes></attributes><parts><hasparts></hasparts><ispartof></ispartof></parts><date>21-08-20 17:03:59:461</date><id>0</id><type>bounding_box</type><polygon><username>anonymous</username><pt><x>1451</x><y>148</y><time>21-08-20 17:03:42:462</time></pt><pt><x>2862</x><y>148</y><time>21-08-20 17:03:50:616</time></pt><pt><x>2862</x><y>2977</y><time>undefined</time></pt><pt><x>1451</x><y>2977</y><time>undefined</time></pt><closed_date>21-08-20 17:03:50:616</closed_date></polygon></object></annotation>