<annotation><filename>m1_s05_138_p_nic055.jpg</filename><folder>users/joselusava//jacob/138</folder><source><submittedBy>Jose Saca</submittedBy></source><imagesize><nrows>3200</nrows><ncols>4800</ncols></imagesize><object><name>m1_s05_138_p_nic055</name><deleted>0</deleted><verified>0</verified><occluded>no</occluded><attributes></attributes><parts><hasparts></hasparts><ispartof></ispartof></parts><date>23-08-20 23:51:37:255</date><id>0</id><type>bounding_box</type><polygon><username>anonymous</username><pt><x>2184</x><y>2960</y><time>23-08-20 23:51:34:199</time></pt><pt><x>1140</x><y>2960</y><time>23-08-20 23:51:36:202</time></pt><pt><x>1140</x><y>1523</y><time>undefined</time></pt><pt><x>2184</x><y>1523</y><time>undefined</time></pt><closed_date>23-08-20 23:51:36:202</closed_date></polygon></object></annotation>