<annotation><filename>m1_s05_115_p_nic073.jpg</filename><folder>users/joselusava//jacob/sala5_115_nic</folder><source><submittedBy>Jose Saca</submittedBy></source><imagesize><nrows>3200</nrows><ncols>4796</ncols></imagesize><object><name>m1_s05_115_p_nic073</name><deleted>0</deleted><verified>0</verified><occluded>no</occluded><attributes></attributes><parts><hasparts></hasparts><ispartof></ispartof></parts><date>30-08-20 23:53:47:435</date><id>0</id><type>bounding_box</type><polygon><username>anonymous</username><pt><x>2116</x><y>1465</y><time>30-08-20 23:53:45:136</time></pt><pt><x>3092</x><y>1465</y><time>30-08-20 23:53:46:010</time></pt><pt><x>3092</x><y>354</y><time>undefined</time></pt><pt><x>2116</x><y>354</y><time>undefined</time></pt><closed_date>30-08-20 23:53:46:011</closed_date></polygon></object></annotation>