<annotation><filename>m1_s07_194_p_ic034.jpg</filename><folder>users/joselusava//santiago</folder><source><submittedBy>Jose Saca</submittedBy></source><imagesize><nrows>3200</nrows><ncols>4800</ncols></imagesize><object><name>m1_s07_194_p_ic034</name><deleted>0</deleted><verified>0</verified><occluded>no</occluded><attributes></attributes><parts><hasparts></hasparts><ispartof></ispartof></parts><date>21-08-20 17:07:27:352</date><id>0</id><type>bounding_box</type><polygon><username>anonymous</username><pt><x>1407</x><y>76</y><time>21-08-20 17:07:13:415</time></pt><pt><x>2984</x><y>76</y><time>21-08-20 17:07:18:706</time></pt><pt><x>2984</x><y>2962</y><time>undefined</time></pt><pt><x>1407</x><y>2962</y><time>undefined</time></pt><closed_date>21-08-20 17:07:18:707</closed_date></polygon></object></annotation>