<annotation><filename>img_m1_s10_270_p_nic080.jpg</filename><folder>users/joselusava//santiago</folder><source><submittedBy>Jose Saca</submittedBy></source><imagesize><nrows>3200</nrows><ncols>4800</ncols></imagesize><object><name>m1_s10_270_p_nic080</name><deleted>0</deleted><verified>0</verified><occluded>no</occluded><attributes></attributes><parts><hasparts></hasparts><ispartof></ispartof></parts><date>28-08-20 14:20:10:162</date><id>0</id><type>bounding_box</type><polygon><username>anonymous</username><pt><x>3006</x><y>299</y><time>28-08-20 14:20:00:539</time></pt><pt><x>4438</x><y>299</y><time>28-08-20 14:20:02:525</time></pt><pt><x>4438</x><y>1559</y><time>undefined</time></pt><pt><x>3006</x><y>1559</y><time>undefined</time></pt><closed_date>28-08-20 14:20:02:527</closed_date></polygon></object></annotation>