<annotation><filename>m1_s07_194_p_ic083.jpg</filename><folder>users/joselusava//santiago</folder><source><submittedBy>Jose Saca</submittedBy></source><imagesize><nrows>3200</nrows><ncols>4800</ncols></imagesize><object><name>m1_s07_194_p_ic083</name><deleted>0</deleted><verified>0</verified><occluded>no</occluded><attributes></attributes><parts><hasparts></hasparts><ispartof></ispartof></parts><date>22-08-20 17:14:17:294</date><id>0</id><type>bounding_box</type><polygon><username>anonymous</username><pt><x>1223</x><y>587</y><time>22-08-20 17:14:02:523</time></pt><pt><x>2884</x><y>587</y><time>22-08-20 17:14:09:184</time></pt><pt><x>2884</x><y>2712</y><time>undefined</time></pt><pt><x>1223</x><y>2712</y><time>undefined</time></pt><closed_date>22-08-20 17:14:09:185</closed_date></polygon></object></annotation>