<annotation><filename>m1_s08_256_x.jpg</filename><folder>users/joselusava//santiago</folder><source><submittedBy>Jose Saca</submittedBy></source><imagesize><nrows>3200</nrows><ncols>4800</ncols></imagesize><object><name>m1_s08_256_x</name><deleted>0</deleted><verified>0</verified><occluded>no</occluded><attributes></attributes><parts><hasparts></hasparts><ispartof></ispartof></parts><date>25-08-20 14:06:41:685</date><id>0</id><type>bounding_box</type><polygon><username>anonymous</username><pt><x>895</x><y>190</y><time>25-08-20 14:06:27:824</time></pt><pt><x>4248</x><y>190</y><time>25-08-20 14:06:33:205</time></pt><pt><x>4248</x><y>2971</y><time>undefined</time></pt><pt><x>895</x><y>2971</y><time>undefined</time></pt><closed_date>25-08-20 14:06:33:206</closed_date></polygon></object></annotation>