<annotation><filename>img_m1_s10_270_p_ic085.jpg</filename><folder>users/joselusava//santiago</folder><source><submittedBy>Jose Saca</submittedBy></source><imagesize><nrows>3200</nrows><ncols>4800</ncols></imagesize><object><name>m1_s10_270_p_ic085</name><deleted>0</deleted><verified>0</verified><occluded>no</occluded><attributes></attributes><parts><hasparts></hasparts><ispartof></ispartof></parts><date>27-08-20 11:46:03:168</date><id>0</id><type>bounding_box</type><polygon><username>anonymous</username><pt><x>1119</x><y>392</y><time>27-08-20 11:45:52:877</time></pt><pt><x>3942</x><y>392</y><time>27-08-20 11:45:56:002</time></pt><pt><x>3942</x><y>2656</y><time>undefined</time></pt><pt><x>1119</x><y>2656</y><time>undefined</time></pt><closed_date>27-08-20 11:45:56:003</closed_date></polygon></object></annotation>