<annotation><filename>m1_s07_194_p_ic030.jpg</filename><folder>users/joselusava//santiago</folder><source><submittedBy>Jose Saca</submittedBy></source><imagesize><nrows>3200</nrows><ncols>4800</ncols></imagesize><object><name>m1_s07_194_p_ic030</name><deleted>0</deleted><verified>0</verified><occluded>no</occluded><attributes></attributes><parts><hasparts></hasparts><ispartof></ispartof></parts><date>21-08-20 16:49:07:525</date><id>0</id><type>bounding_box</type><polygon><username>anonymous</username><pt><x>1600</x><y>267</y><time>21-08-20 16:48:53:253</time></pt><pt><x>2804</x><y>267</y><time>21-08-20 16:48:58:305</time></pt><pt><x>2804</x><y>2945</y><time>undefined</time></pt><pt><x>1600</x><y>2945</y><time>undefined</time></pt><closed_date>21-08-20 16:48:58:306</closed_date></polygon></object></annotation>