<annotation><filename>m1_s07_194_p_nic012.jpg</filename><folder>users/joselusava//santiago</folder><source><submittedBy>Jose Saca</submittedBy></source><imagesize><nrows>3200</nrows><ncols>4800</ncols></imagesize><object><name>m1_s07_194_p_nic012</name><deleted>0</deleted><verified>0</verified><occluded>no</occluded><attributes></attributes><parts><hasparts></hasparts><ispartof></ispartof></parts><date>24-08-20 11:24:51:129</date><id>0</id><type>bounding_box</type><polygon><username>anonymous</username><pt><x>2016</x><y>1310</y><time>24-08-20 11:24:30:923</time></pt><pt><x>2707</x><y>1310</y><time>24-08-20 11:24:33:030</time></pt><pt><x>2707</x><y>2919</y><time>undefined</time></pt><pt><x>2016</x><y>2919</y><time>undefined</time></pt><closed_date>24-08-20 11:24:33:031</closed_date></polygon></object></annotation>