<annotation><filename>img_m1_s10_270_p_ic090.jpg</filename><folder>users/joselusava//santiago</folder><source><submittedBy>Jose Saca</submittedBy></source><imagesize><nrows>3200</nrows><ncols>4800</ncols></imagesize><object><name>m1_s10_270_p_ic090</name><deleted>0</deleted><verified>0</verified><occluded>no</occluded><attributes></attributes><parts><hasparts></hasparts><ispartof></ispartof></parts><date>27-08-20 11:56:10:972</date><id>0</id><type>bounding_box</type><polygon><username>anonymous</username><pt><x>1260</x><y>475</y><time>27-08-20 11:56:02:057</time></pt><pt><x>3621</x><y>475</y><time>27-08-20 11:56:04:983</time></pt><pt><x>3621</x><y>2746</y><time>undefined</time></pt><pt><x>1260</x><y>2746</y><time>undefined</time></pt><closed_date>27-08-20 11:56:04:985</closed_date></polygon></object></annotation>