<annotation><filename>img_m1_s10_303_p_ic093.jpg</filename><folder>users/joselusava//santiago</folder><source><submittedBy>Jose Saca</submittedBy></source><imagesize><nrows>3200</nrows><ncols>4800</ncols></imagesize><object><name>m1_s10_303_p_ic093</name><deleted>0</deleted><verified>0</verified><occluded>no</occluded><attributes></attributes><parts><hasparts></hasparts><ispartof></ispartof></parts><date>01-09-20 15:53:10:369</date><id>0</id><type>bounding_box</type><polygon><username>anonymous</username><pt><x>1058</x><y>1227</y><time>01-09-20 15:52:58:386</time></pt><pt><x>3798</x><y>1227</y><time>01-09-20 15:53:00:353</time></pt><pt><x>3798</x><y>2631</y><time>undefined</time></pt><pt><x>1058</x><y>2631</y><time>undefined</time></pt><closed_date>01-09-20 15:53:00:354</closed_date></polygon></object></annotation>