<annotation><filename>m1_s05_138_p_nic025.jpg</filename><folder>users/joselusava//jacob/138</folder><source><submittedBy>Jose Saca</submittedBy></source><imagesize><nrows>3200</nrows><ncols>4800</ncols></imagesize><object><name>m1_s05_138_p_nic025</name><deleted>0</deleted><verified>0</verified><occluded>no</occluded><attributes></attributes><parts><hasparts></hasparts><ispartof></ispartof></parts><date>23-08-20 23:34:57:017</date><id>0</id><type>bounding_box</type><polygon><username>anonymous</username><pt><x>3802</x><y>1956</y><time>23-08-20 23:34:52:289</time></pt><pt><x>4451</x><y>1956</y><time>23-08-20 23:34:54:125</time></pt><pt><x>4451</x><y>2931</y><time>undefined</time></pt><pt><x>3802</x><y>2931</y><time>undefined</time></pt><closed_date>23-08-20 23:34:54:126</closed_date></polygon></object></annotation>