<annotation><filename>m1_s05_109_x.jpg</filename><folder>users/joselusava//jacob/sala5</folder><source><submittedBy>Jose Saca</submittedBy></source><imagesize><nrows>2000</nrows><ncols>2992</ncols></imagesize><object><name>m1_s05_109_x</name><deleted>0</deleted><verified>0</verified><occluded>no</occluded><attributes></attributes><parts><hasparts></hasparts><ispartof></ispartof></parts><date>24-08-20 12:55:01:302</date><id>0</id><type>bounding_box</type><polygon><username>anonymous</username><pt><x>39</x><y>1425</y><time>24-08-20 12:54:52:901</time></pt><pt><x>2897</x><y>1425</y><time>24-08-20 12:54:56:805</time></pt><pt><x>2897</x><y>531</y><time>undefined</time></pt><pt><x>39</x><y>531</y><time>undefined</time></pt><closed_date>24-08-20 12:54:56:806</closed_date></polygon></object></annotation>