<annotation><filename>m1_s05_115_p_ic088.jpg</filename><folder>users/joselusava//jacob/sala5_115_ic</folder><source><submittedBy>Jose Saca</submittedBy></source><imagesize><nrows>3200</nrows><ncols>4796</ncols></imagesize><object><name>m1_s05_115_p_ic088</name><deleted>0</deleted><verified>0</verified><occluded>no</occluded><attributes></attributes><parts><hasparts></hasparts><ispartof></ispartof></parts><date>30-08-20 21:31:19:002</date><id>0</id><type>bounding_box</type><polygon><username>anonymous</username><pt><x>1723</x><y>670</y><time>30-08-20 21:31:15:635</time></pt><pt><x>2958</x><y>670</y><time>30-08-20 21:31:17:460</time></pt><pt><x>2958</x><y>2412</y><time>undefined</time></pt><pt><x>1723</x><y>2412</y><time>undefined</time></pt><closed_date>30-08-20 21:31:17:460</closed_date></polygon></object></annotation>