<annotation><filename>m1_s05_120_x.jpg</filename><folder>users/joselusava//jacob/sala5</folder><source><submittedBy>Jose Saca</submittedBy></source><imagesize><nrows>3200</nrows><ncols>4800</ncols></imagesize><object><name>m1_s05_120_x</name><deleted>0</deleted><verified>0</verified><occluded>no</occluded><attributes></attributes><parts><hasparts></hasparts><ispartof></ispartof></parts><date>24-08-20 20:00:34:909</date><id>0</id><type>bounding_box</type><polygon><username>anonymous</username><pt><x>1032</x><y>776</y><time>24-08-20 20:00:31:284</time></pt><pt><x>3650</x><y>776</y><time>24-08-20 20:00:33:995</time></pt><pt><x>3650</x><y>2750</y><time>undefined</time></pt><pt><x>1032</x><y>2750</y><time>undefined</time></pt><closed_date>24-08-20 20:00:33:996</closed_date></polygon></object></annotation>