<annotation><filename>m1_s05_138_p_nic075.jpg</filename><folder>users/joselusava//jacob/138</folder><source><submittedBy>Jose Saca</submittedBy></source><imagesize><nrows>3200</nrows><ncols>4800</ncols></imagesize><object><name>m1_s05_138_p_nic075</name><deleted>0</deleted><verified>0</verified><occluded>no</occluded><attributes></attributes><parts><hasparts></hasparts><ispartof></ispartof></parts><date>24-08-20 12:41:42:198</date><id>0</id><type>bounding_box</type><polygon><username>anonymous</username><pt><x>4197</x><y>1552</y><time>24-08-20 12:41:31:132</time></pt><pt><x>3235</x><y>1552</y><time>24-08-20 12:41:41:126</time></pt><pt><x>3235</x><y>90</y><time>undefined</time></pt><pt><x>4197</x><y>90</y><time>undefined</time></pt><closed_date>24-08-20 12:41:41:126</closed_date></polygon></object></annotation>