<annotation><filename>img_m1_s10_303_p_ic056.jpg</filename><folder>users/joselusava//santiago</folder><source><submittedBy>Jose Saca</submittedBy></source><imagesize><nrows>3200</nrows><ncols>4800</ncols></imagesize><object><name>m1_s10_303_p_ic056</name><deleted>0</deleted><verified>0</verified><occluded>no</occluded><attributes></attributes><parts><hasparts></hasparts><ispartof></ispartof></parts><date>31-08-20 14:03:51:700</date><id>0</id><type>bounding_box</type><polygon><username>anonymous</username><pt><x>1530</x><y>1127</y><time>31-08-20 14:03:35:593</time></pt><pt><x>3139</x><y>1127</y><time>31-08-20 14:03:45:177</time></pt><pt><x>3139</x><y>2131</y><time>undefined</time></pt><pt><x>1530</x><y>2131</y><time>undefined</time></pt><closed_date>31-08-20 14:03:45:178</closed_date></polygon></object></annotation>