<annotation><filename>m1_s08_244_x.jpg</filename><folder>users/joselusava//santiago</folder><source><submittedBy>Jose Saca</submittedBy></source><imagesize><nrows>3200</nrows><ncols>4800</ncols></imagesize><object><name>m1_s08_244_x</name><deleted>0</deleted><verified>0</verified><occluded>no</occluded><attributes></attributes><parts><hasparts></hasparts><ispartof></ispartof></parts><date>25-08-20 13:37:29:241</date><id>0</id><type>bounding_box</type><polygon><username>anonymous</username><pt><x>1148</x><y>108</y><time>25-08-20 13:37:19:135</time></pt><pt><x>3870</x><y>108</y><time>25-08-20 13:37:22:780</time></pt><pt><x>3870</x><y>3034</y><time>undefined</time></pt><pt><x>1148</x><y>3034</y><time>undefined</time></pt><closed_date>25-08-20 13:37:22:782</closed_date></polygon></object></annotation>