<annotation><filename>img_m1_s10_270_p_nic031.jpg</filename><folder>users/joselusava//santiago</folder><source><submittedBy>Jose Saca</submittedBy></source><imagesize><nrows>3200</nrows><ncols>4800</ncols></imagesize><object><name>m1_s10_270_p_nic031</name><deleted>0</deleted><verified>0</verified><occluded>no</occluded><attributes></attributes><parts><hasparts></hasparts><ispartof></ispartof></parts><date>27-08-20 13:35:45:409</date><id>0</id><type>bounding_box</type><polygon><username>anonymous</username><pt><x>2095</x><y>598</y><time>27-08-20 13:35:36:304</time></pt><pt><x>3499</x><y>598</y><time>27-08-20 13:35:39:038</time></pt><pt><x>3499</x><y>1775</y><time>undefined</time></pt><pt><x>2095</x><y>1775</y><time>undefined</time></pt><closed_date>27-08-20 13:35:39:040</closed_date></polygon></object></annotation>