<annotation><filename>m1_s05_115_p_ic042.jpg</filename><folder>users/joselusava//jacob/sala5_115_ic</folder><source><submittedBy>Jose Saca</submittedBy></source><imagesize><nrows>3200</nrows><ncols>4796</ncols></imagesize><object><name>m1_s05_115_p_ic042</name><deleted>0</deleted><verified>0</verified><occluded>no</occluded><attributes></attributes><parts><hasparts></hasparts><ispartof></ispartof></parts><date>30-08-20 21:04:56:110</date><id>0</id><type>bounding_box</type><polygon><username>anonymous</username><pt><x>3925</x><y>2814</y><time>30-08-20 21:04:53:490</time></pt><pt><x>756</x><y>2814</y><time>30-08-20 21:04:55:248</time></pt><pt><x>756</x><y>201</y><time>undefined</time></pt><pt><x>3925</x><y>201</y><time>undefined</time></pt><closed_date>30-08-20 21:04:55:248</closed_date></polygon></object></annotation>