<annotation><filename>img_m1_s10_270_p_ic012.jpg</filename><folder>users/joselusava//santiago</folder><source><submittedBy>Jose Saca</submittedBy></source><imagesize><nrows>3200</nrows><ncols>4800</ncols></imagesize><object><name>m1_s10_270_p_ic012</name><deleted>0</deleted><verified>0</verified><occluded>no</occluded><attributes></attributes><parts><hasparts></hasparts><ispartof></ispartof></parts><date>26-08-20 18:33:51:977</date><id>0</id><type>bounding_box</type><polygon><username>anonymous</username><pt><x>641</x><y>396</y><time>26-08-20 18:33:36:745</time></pt><pt><x>3934</x><y>396</y><time>26-08-20 18:33:39:803</time></pt><pt><x>3934</x><y>2840</y><time>undefined</time></pt><pt><x>641</x><y>2840</y><time>undefined</time></pt><closed_date>26-08-20 18:33:39:805</closed_date></polygon></object></annotation>