<annotation><filename>m1_s05_115_p_ic027.jpg</filename><folder>users/joselusava//jacob/sala5_115_ic</folder><source><submittedBy>Jose Saca</submittedBy></source><imagesize><nrows>3200</nrows><ncols>4796</ncols></imagesize><object><name>m1_s05_115_p_ic027</name><deleted>0</deleted><verified>0</verified><occluded>no</occluded><attributes></attributes><parts><hasparts></hasparts><ispartof></ispartof></parts><date>30-08-20 20:58:59:834</date><id>0</id><type>bounding_box</type><polygon><username>anonymous</username><pt><x>1560</x><y>2881</y><time>30-08-20 20:58:57:081</time></pt><pt><x>3178</x><y>2881</y><time>30-08-20 20:58:59:045</time></pt><pt><x>3178</x><y>220</y><time>undefined</time></pt><pt><x>1560</x><y>220</y><time>undefined</time></pt><closed_date>30-08-20 20:58:59:045</closed_date></polygon></object></annotation>