<annotation><filename>m1_s05_138_p_ic032.jpg</filename><folder>users/joselusava//jacob</folder><source><submittedBy>Jose Saca</submittedBy></source><imagesize><nrows>3200</nrows><ncols>4800</ncols></imagesize><object><name>m1_s05_138_p_ic032</name><deleted>0</deleted><verified>0</verified><occluded>no</occluded><attributes></attributes><parts><hasparts></hasparts><ispartof></ispartof></parts><date>21-08-20 20:08:01:058</date><id>0</id><type>bounding_box</type><polygon><username>anonymous</username><pt><x>2992</x><y>492</y><time>21-08-20 20:07:54:637</time></pt><pt><x>1884</x><y>492</y><time>21-08-20 20:07:56:871</time></pt><pt><x>1884</x><y>2791</y><time>undefined</time></pt><pt><x>2992</x><y>2791</y><time>undefined</time></pt><closed_date>21-08-20 20:07:56:872</closed_date></polygon></object></annotation>