<annotation><filename>m1_s07_194_p_nic098.jpg</filename><folder>users/joselusava//santiago</folder><source><submittedBy>Jose Saca</submittedBy></source><imagesize><nrows>3200</nrows><ncols>4800</ncols></imagesize><object><name>m1_s07_194_p_nic098</name><deleted>0</deleted><verified>0</verified><occluded>no</occluded><attributes></attributes><parts><hasparts></hasparts><ispartof></ispartof></parts><date>24-08-20 15:26:33:824</date><id>0</id><type>bounding_box</type><polygon><username>anonymous</username><pt><x>551</x><y>1487</y><time>24-08-20 15:26:23:805</time></pt><pt><x>1670</x><y>1487</y><time>24-08-20 15:26:26:532</time></pt><pt><x>1670</x><y>2959</y><time>undefined</time></pt><pt><x>551</x><y>2959</y><time>undefined</time></pt><closed_date>24-08-20 15:26:26:532</closed_date></polygon></object></annotation>