<annotation><filename>m1_s05_115_p_nic003.jpg</filename><folder>users/joselusava//jacob/sala5_115_nic</folder><source><submittedBy>Jose Saca</submittedBy></source><imagesize><nrows>3200</nrows><ncols>4796</ncols></imagesize><object><name>m1_s05_115_p_nic003</name><deleted>0</deleted><verified>0</verified><occluded>no</occluded><attributes></attributes><parts><hasparts></hasparts><ispartof></ispartof></parts><date>30-08-20 21:48:35:724</date><id>0</id><type>bounding_box</type><polygon><username>anonymous</username><pt><x>2958</x><y>2211</y><time>30-08-20 21:48:32:697</time></pt><pt><x>4490</x><y>2211</y><time>30-08-20 21:48:34:433</time></pt><pt><x>4490</x><y>1158</y><time>undefined</time></pt><pt><x>2958</x><y>1158</y><time>undefined</time></pt><closed_date>30-08-20 21:48:34:434</closed_date></polygon></object></annotation>