<annotation><filename>m1_s05_115_p_ic045.jpg</filename><folder>users/joselusava//jacob/sala5_115_ic</folder><source><submittedBy>Jose Saca</submittedBy></source><imagesize><nrows>3200</nrows><ncols>4796</ncols></imagesize><object><name>m1_s05_115_p_ic045</name><deleted>0</deleted><verified>0</verified><occluded>no</occluded><attributes></attributes><parts><hasparts></hasparts><ispartof></ispartof></parts><date>30-08-20 21:06:05:095</date><id>0</id><type>bounding_box</type><polygon><username>anonymous</username><pt><x>3456</x><y>2767</y><time>30-08-20 21:06:00:643</time></pt><pt><x>431</x><y>2767</y><time>30-08-20 21:06:04:227</time></pt><pt><x>431</x><y>86</y><time>undefined</time></pt><pt><x>3456</x><y>86</y><time>undefined</time></pt><closed_date>30-08-20 21:06:04:228</closed_date></polygon></object></annotation>