<annotation><filename>m1_s07_194_p_nic044.jpg</filename><folder>users/joselusava//santiago</folder><source><submittedBy>Jose Saca</submittedBy></source><imagesize><nrows>3200</nrows><ncols>4800</ncols></imagesize><object><name>m1_s07_194_p_nic044</name><deleted>0</deleted><verified>0</verified><occluded>no</occluded><attributes></attributes><parts><hasparts></hasparts><ispartof></ispartof></parts><date>24-08-20 13:32:29:795</date><id>0</id><type>bounding_box</type><polygon><username>anonymous</username><pt><x>2016</x><y>1487</y><time>24-08-20 13:32:21:030</time></pt><pt><x>3045</x><y>1487</y><time>24-08-20 13:32:23:056</time></pt><pt><x>3045</x><y>3020</y><time>undefined</time></pt><pt><x>2016</x><y>3020</y><time>undefined</time></pt><closed_date>24-08-20 13:32:23:058</closed_date></polygon></object></annotation>