<annotation><filename>img_m1_s10_270_p_nic012.jpg</filename><folder>users/joselusava//santiago</folder><source><submittedBy>Jose Saca</submittedBy></source><imagesize><nrows>3200</nrows><ncols>4800</ncols></imagesize><object><name>m1_s10_270_p_nic012</name><deleted>0</deleted><verified>0</verified><occluded>no</occluded><attributes></attributes><parts><hasparts></hasparts><ispartof></ispartof></parts><date>27-08-20 12:54:45:935</date><id>0</id><type>bounding_box</type><polygon><username>anonymous</username><pt><x>558</x><y>443</y><time>27-08-20 12:54:32:709</time></pt><pt><x>2458</x><y>443</y><time>27-08-20 12:54:35:929</time></pt><pt><x>2458</x><y>1857</y><time>undefined</time></pt><pt><x>558</x><y>1857</y><time>undefined</time></pt><closed_date>27-08-20 12:54:35:930</closed_date></polygon></object></annotation>