<annotation><filename>m1_s05_115_p_ic060.jpg</filename><folder>users/joselusava//jacob/sala5_115_ic</folder><source><submittedBy>Jose Saca</submittedBy></source><imagesize><nrows>3200</nrows><ncols>4796</ncols></imagesize><object><name>m1_s05_115_p_ic060</name><deleted>0</deleted><verified>0</verified><occluded>no</occluded><attributes></attributes><parts><hasparts></hasparts><ispartof></ispartof></parts><date>30-08-20 21:11:43:363</date><id>0</id><type>bounding_box</type><polygon><username>anonymous</username><pt><x>1197</x><y>412</y><time>30-08-20 21:11:41:128</time></pt><pt><x>3532</x><y>412</y><time>30-08-20 21:11:42:484</time></pt><pt><x>3532</x><y>2671</y><time>undefined</time></pt><pt><x>1197</x><y>2671</y><time>undefined</time></pt><closed_date>30-08-20 21:11:42:484</closed_date></polygon></object></annotation>