<annotation><filename>img_m1_s10_270_p_nic004.jpg</filename><folder>users/joselusava//santiago</folder><source><submittedBy>Jose Saca</submittedBy></source><imagesize><nrows>3200</nrows><ncols>4800</ncols></imagesize><object><name>m1_s10_270_p_nic004</name><deleted>0</deleted><verified>0</verified><occluded>no</occluded><attributes></attributes><parts><hasparts></hasparts><ispartof></ispartof></parts><date>27-08-20 12:43:47:749</date><id>0</id><type>bounding_box</type><polygon><username>anonymous</username><pt><x>2498</x><y>925</y><time>27-08-20 12:43:34:670</time></pt><pt><x>4348</x><y>925</y><time>27-08-20 12:43:39:797</time></pt><pt><x>4348</x><y>2243</y><time>undefined</time></pt><pt><x>2498</x><y>2243</y><time>undefined</time></pt><closed_date>27-08-20 12:43:39:798</closed_date></polygon></object></annotation>