<annotation><filename>m1_s07_194_p_ic001.jpg</filename><folder>users/joselusava//santiago</folder><source><submittedBy>Jose Saca</submittedBy></source><imagesize><nrows>3200</nrows><ncols>4800</ncols></imagesize><object><name>m1_s07_194_p_ic001</name><deleted>0</deleted><verified>0</verified><occluded>no</occluded><attributes></attributes><parts><hasparts></hasparts><ispartof></ispartof></parts><date>21-08-20 12:19:05:090</date><id>0</id><type>bounding_box</type><polygon><username>anonymous</username><pt><x>1890</x><y>299</y><time>21-08-20 12:18:40:346</time></pt><pt><x>2991</x><y>299</y><time>21-08-20 12:18:47:427</time></pt><pt><x>2991</x><y>2808</y><time>undefined</time></pt><pt><x>1890</x><y>2808</y><time>undefined</time></pt><closed_date>21-08-20 12:18:47:428</closed_date></polygon></object></annotation>