<annotation><filename>m1_s05_115_p_ic086.jpg</filename><folder>users/joselusava//jacob/sala5_115_ic</folder><source><submittedBy>Jose Saca</submittedBy></source><imagesize><nrows>3200</nrows><ncols>4796</ncols></imagesize><object><name>m1_s05_115_p_ic086</name><deleted>0</deleted><verified>0</verified><occluded>no</occluded><attributes></attributes><parts><hasparts></hasparts><ispartof></ispartof></parts><date>30-08-20 21:30:16:060</date><id>0</id><type>bounding_box</type><polygon><username>anonymous</username><pt><x>1321</x><y>2671</y><time>30-08-20 21:30:12:505</time></pt><pt><x>2776</x><y>2671</y><time>30-08-20 21:30:13:486</time></pt><pt><x>2776</x><y>316</y><time>undefined</time></pt><pt><x>1321</x><y>316</y><time>undefined</time></pt><closed_date>30-08-20 21:30:13:487</closed_date></polygon></object></annotation>