<annotation><filename>m1_s05_115_p_nic065.jpg</filename><folder>users/joselusava//jacob/sala5_115_nic</folder><source><submittedBy>Jose Saca</submittedBy></source><imagesize><nrows>3200</nrows><ncols>4796</ncols></imagesize><object><name>m1_s05_115_p_nic065</name><deleted>0</deleted><verified>0</verified><occluded>no</occluded><attributes></attributes><parts><hasparts></hasparts><ispartof></ispartof></parts><date>30-08-20 23:50:26:809</date><id>0</id><type>bounding_box</type><polygon><username>anonymous</username><pt><x>2776</x><y>1905</y><time>30-08-20 23:50:24:296</time></pt><pt><x>3848</x><y>1905</y><time>30-08-20 23:50:25:903</time></pt><pt><x>3848</x><y>2881</y><time>undefined</time></pt><pt><x>2776</x><y>2881</y><time>undefined</time></pt><closed_date>30-08-20 23:50:25:903</closed_date></polygon></object></annotation>