<annotation><filename>img_m1_s10_303_p_ic028.jpg</filename><folder>users/joselusava//santiago</folder><source><submittedBy>Jose Saca</submittedBy></source><imagesize><nrows>3200</nrows><ncols>4800</ncols></imagesize><object><name>m1_s10_303_p_ic028</name><deleted>0</deleted><verified>0</verified><occluded>no</occluded><attributes></attributes><parts><hasparts></hasparts><ispartof></ispartof></parts><date>31-08-20 13:01:06:500</date><id>0</id><type>bounding_box</type><polygon><username>anonymous</username><pt><x>1465</x><y>846</y><time>31-08-20 13:00:54:799</time></pt><pt><x>3009</x><y>846</y><time>31-08-20 13:00:58:656</time></pt><pt><x>3009</x><y>2235</y><time>undefined</time></pt><pt><x>1465</x><y>2235</y><time>undefined</time></pt><closed_date>31-08-20 13:00:58:658</closed_date></polygon></object></annotation>