<annotation><filename>m1_s05_115_p_ic002.jpg</filename><folder>users/joselusava//jacob/sala5_115_ic</folder><source><submittedBy>Jose Saca</submittedBy></source><imagesize><nrows>3200</nrows><ncols>4796</ncols></imagesize><object><name>m1_s05_115_p_ic002</name><deleted>0</deleted><verified>0</verified><occluded>no</occluded><attributes></attributes><parts><hasparts></hasparts><ispartof></ispartof></parts><date>30-08-20 14:27:14:320</date><id>0</id><type>bounding_box</type><polygon><username>anonymous</username><pt><x>2941</x><y>2395</y><time>30-08-20 14:27:06:031</time></pt><pt><x>1668</x><y>2395</y><time>30-08-20 14:27:08:633</time></pt><pt><x>1668</x><y>692</y><time>undefined</time></pt><pt><x>2941</x><y>692</y><time>undefined</time></pt><closed_date>30-08-20 14:27:08:633</closed_date></polygon></object></annotation>