<annotation><filename>img_m1_s01_270_p_ic046.jpg</filename><folder>users/joselusava//santiago</folder><source><submittedBy>Jose Saca</submittedBy></source><imagesize><nrows>3200</nrows><ncols>4800</ncols></imagesize><object><name>m1_s10_270_p_ic046</name><deleted>0</deleted><verified>0</verified><occluded>no</occluded><attributes></attributes><parts><hasparts></hasparts><ispartof></ispartof></parts><date>26-08-20 21:38:19:537</date><id>0</id><type>bounding_box</type><polygon><username>anonymous</username><pt><x>875</x><y>551</y><time>26-08-20 21:38:08:390</time></pt><pt><x>3438</x><y>551</y><time>26-08-20 21:38:11:980</time></pt><pt><x>3438</x><y>2275</y><time>undefined</time></pt><pt><x>875</x><y>2275</y><time>undefined</time></pt><closed_date>26-08-20 21:38:11:982</closed_date></polygon></object></annotation>