<annotation><filename>m1_s07_194_p_ic003.jpg</filename><folder>users/joselusava//santiago</folder><source><submittedBy>Jose Saca</submittedBy></source><imagesize><nrows>3200</nrows><ncols>4800</ncols></imagesize><object><name>m1_s07_194_p_ic003</name><deleted>0</deleted><verified>0</verified><occluded>no</occluded><attributes></attributes><parts><hasparts></hasparts><ispartof></ispartof></parts><date>21-08-20 12:25:43:241</date><id>0</id><type>bounding_box</type><polygon><username>anonymous</username><pt><x>1649</x><y>162</y><time>21-08-20 12:25:28:529</time></pt><pt><x>3153</x><y>162</y><time>21-08-20 12:25:34:808</time></pt><pt><x>3153</x><y>2944</y><time>undefined</time></pt><pt><x>1649</x><y>2944</y><time>undefined</time></pt><closed_date>21-08-20 12:25:34:808</closed_date></polygon></object></annotation>