<annotation><filename>m1_s05_138_p_nic031.jpg</filename><folder>users/joselusava//jacob/138</folder><source><submittedBy>Jose Saca</submittedBy></source><imagesize><nrows>3200</nrows><ncols>4800</ncols></imagesize><object><name>m1_s05_138_p_nic031</name><deleted>0</deleted><verified>0</verified><occluded>no</occluded><attributes></attributes><parts><hasparts></hasparts><ispartof></ispartof></parts><date>23-08-20 23:37:35:728</date><id>0</id><type>bounding_box</type><polygon><username>anonymous</username><pt><x>1744</x><y>412</y><time>23-08-20 23:37:30:151</time></pt><pt><x>2338</x><y>412</y><time>23-08-20 23:37:32:322</time></pt><pt><x>2338</x><y>1341</y><time>undefined</time></pt><pt><x>1744</x><y>1341</y><time>undefined</time></pt><closed_date>23-08-20 23:37:32:323</closed_date></polygon></object></annotation>