<annotation><filename>m1_s05_115_p_nic059.jpg</filename><folder>users/joselusava//jacob/sala5_115_nic</folder><source><submittedBy>Jose Saca</submittedBy></source><imagesize><nrows>3200</nrows><ncols>4796</ncols></imagesize><object><name>m1_s05_115_p_nic059</name><deleted>0</deleted><verified>0</verified><occluded>no</occluded><attributes></attributes><parts><hasparts></hasparts><ispartof></ispartof></parts><date>30-08-20 23:47:58:727</date><id>0</id><type>bounding_box</type><polygon><username>anonymous</username><pt><x>1819</x><y>3025</y><time>30-08-20 23:47:56:391</time></pt><pt><x>775</x><y>3025</y><time>30-08-20 23:47:58:164</time></pt><pt><x>775</x><y>1886</y><time>undefined</time></pt><pt><x>1819</x><y>1886</y><time>undefined</time></pt><closed_date>30-08-20 23:47:58:165</closed_date></polygon></object></annotation>