<annotation><filename>m1_s07_194_p_nic033.jpg</filename><folder>users/joselusava//santiago</folder><source><submittedBy>Jose Saca</submittedBy></source><imagesize><nrows>3200</nrows><ncols>4800</ncols></imagesize><object><name>m1_s07_194_p_nic033</name><deleted>0</deleted><verified>0</verified><occluded>no</occluded><attributes></attributes><parts><hasparts></hasparts><ispartof></ispartof></parts><date>24-08-20 12:59:22:950</date><id>0</id><type>bounding_box</type><polygon><username>anonymous</username><pt><x>3589</x><y>997</y><time>24-08-20 12:59:02:559</time></pt><pt><x>4521</x><y>997</y><time>24-08-20 12:59:06:425</time></pt><pt><x>4521</x><y>2581</y><time>undefined</time></pt><pt><x>3589</x><y>2581</y><time>undefined</time></pt><closed_date>24-08-20 12:59:06:426</closed_date></polygon></object></annotation>