<annotation><filename>img_m1_s10_270_p_nic030.jpg</filename><folder>users/joselusava//santiago</folder><source><submittedBy>Jose Saca</submittedBy></source><imagesize><nrows>3200</nrows><ncols>4800</ncols></imagesize><object><name>m1_s10_270_p_nic030</name><deleted>0</deleted><verified>0</verified><occluded>no</occluded><attributes></attributes><parts><hasparts></hasparts><ispartof></ispartof></parts><date>27-08-20 13:34:28:533</date><id>0</id><type>bounding_box</type><polygon><username>anonymous</username><pt><x>2599</x><y>583</y><time>27-08-20 13:34:18:429</time></pt><pt><x>4017</x><y>583</y><time>27-08-20 13:34:21:008</time></pt><pt><x>4017</x><y>1735</y><time>undefined</time></pt><pt><x>2599</x><y>1735</y><time>undefined</time></pt><closed_date>27-08-20 13:34:21:010</closed_date></polygon></object></annotation>