<annotation><filename>img_m1_s10_270_p_nic043.jpg</filename><folder>users/joselusava//santiago</folder><source><submittedBy>Jose Saca</submittedBy></source><imagesize><nrows>3200</nrows><ncols>4800</ncols></imagesize><object><name>m1_s10_270_p_nic043</name><deleted>0</deleted><verified>0</verified><occluded>no</occluded><attributes></attributes><parts><hasparts></hasparts><ispartof></ispartof></parts><date>27-08-20 14:08:12:062</date><id>0</id><type>bounding_box</type><polygon><username>anonymous</username><pt><x>788</x><y>1703</y><time>27-08-20 14:08:00:010</time></pt><pt><x>2181</x><y>1703</y><time>27-08-20 14:08:06:122</time></pt><pt><x>2181</x><y>2890</y><time>undefined</time></pt><pt><x>788</x><y>2890</y><time>undefined</time></pt><closed_date>27-08-20 14:08:06:123</closed_date></polygon></object></annotation>