<annotation><filename>m1_s07_224_x.jpg</filename><folder>users/joselusava//santiago</folder><source><submittedBy>Jose Saca</submittedBy></source><imagesize><nrows>3200</nrows><ncols>4800</ncols></imagesize><object><name>m1_s07_224_x</name><deleted>0</deleted><verified>0</verified><occluded>no</occluded><attributes></attributes><parts><hasparts></hasparts><ispartof></ispartof></parts><date>24-08-20 20:43:38:610</date><id>0</id><type>bounding_box</type><polygon><username>anonymous</username><pt><x>1217</x><y>263</y><time>24-08-20 20:43:23:536</time></pt><pt><x>3524</x><y>263</y><time>24-08-20 20:43:28:996</time></pt><pt><x>3524</x><y>2793</y><time>undefined</time></pt><pt><x>1217</x><y>2793</y><time>undefined</time></pt><closed_date>24-08-20 20:43:28:998</closed_date></polygon></object></annotation>