<annotation><filename>img_m1_s10_303_p_ic012.jpg</filename><folder>users/joselusava//santiago</folder><source><submittedBy>Jose Saca</submittedBy></source><imagesize><nrows>3200</nrows><ncols>4800</ncols></imagesize><object><name>m1_s10_303_p_ic012</name><deleted>0</deleted><verified>0</verified><occluded>no</occluded><attributes></attributes><parts><hasparts></hasparts><ispartof></ispartof></parts><date>31-08-20 11:49:25:702</date><id>0</id><type>bounding_box</type><polygon><username>anonymous</username><pt><x>849</x><y>954</y><time>31-08-20 11:49:11:975</time></pt><pt><x>3610</x><y>954</y><time>31-08-20 11:49:17:560</time></pt><pt><x>3610</x><y>2070</y><time>undefined</time></pt><pt><x>849</x><y>2070</y><time>undefined</time></pt><closed_date>31-08-20 11:49:17:561</closed_date></polygon></object></annotation>