<annotation><filename>m1_s05_138_p_nic017.jpg</filename><folder>users/joselusava//jacob/138</folder><source><submittedBy>Jose Saca</submittedBy></source><imagesize><nrows>3200</nrows><ncols>4800</ncols></imagesize><object><name>m1_s05_138_p_nic017</name><deleted>0</deleted><verified>0</verified><occluded>no</occluded><attributes></attributes><parts><hasparts></hasparts><ispartof></ispartof></parts><date>23-08-20 23:31:10:831</date><id>0</id><type>bounding_box</type><polygon><username>anonymous</username><pt><x>3401</x><y>2999</y><time>23-08-20 23:31:05:504</time></pt><pt><x>2660</x><y>2999</y><time>23-08-20 23:31:07:344</time></pt><pt><x>2660</x><y>2133</y><time>undefined</time></pt><pt><x>3401</x><y>2133</y><time>undefined</time></pt><closed_date>23-08-20 23:31:07:345</closed_date></polygon></object></annotation>