<annotation><filename>img_m1_s01_270_p_ic056.jpg</filename><folder>users/joselusava//santiago</folder><source><submittedBy>Jose Saca</submittedBy></source><imagesize><nrows>3200</nrows><ncols>4800</ncols></imagesize><object><name>m1_s10_270_p_ic056</name><deleted>0</deleted><verified>0</verified><occluded>no</occluded><attributes></attributes><parts><hasparts></hasparts><ispartof></ispartof></parts><date>26-08-20 22:04:53:910</date><id>0</id><type>bounding_box</type><polygon><username>anonymous</username><pt><x>968</x><y>745</y><time>26-08-20 22:04:44:529</time></pt><pt><x>3232</x><y>745</y><time>26-08-20 22:04:47:102</time></pt><pt><x>3232</x><y>2401</y><time>undefined</time></pt><pt><x>968</x><y>2401</y><time>undefined</time></pt><closed_date>26-08-20 22:04:47:103</closed_date></polygon></object></annotation>