<annotation><filename>m1_s05_138_p_nic046.jpg</filename><folder>users/joselusava//jacob/138</folder><source><submittedBy>Jose Saca</submittedBy></source><imagesize><nrows>3200</nrows><ncols>4800</ncols></imagesize><object><name>m1_s05_138_p_nic046</name><deleted>0</deleted><verified>0</verified><occluded>no</occluded><attributes></attributes><parts><hasparts></hasparts><ispartof></ispartof></parts><date>23-08-20 23:44:37:905</date><id>0</id><type>bounding_box</type><polygon><username>anonymous</username><pt><x>4225</x><y>2098</y><time>23-08-20 23:44:34:162</time></pt><pt><x>2989</x><y>2098</y><time>23-08-20 23:44:36:573</time></pt><pt><x>2989</x><y>537</y><time>undefined</time></pt><pt><x>4225</x><y>537</y><time>undefined</time></pt><closed_date>23-08-20 23:44:36:574</closed_date></polygon></object></annotation>