<annotation><filename>m1_s05_135_x.jpg</filename><folder>users/joselusava//jacob/sala5</folder><source><submittedBy>Jose Saca</submittedBy></source><imagesize><nrows>3200</nrows><ncols>4800</ncols></imagesize><object><name>m1_s05_135_x</name><deleted>0</deleted><verified>0</verified><occluded>no</occluded><attributes></attributes><parts><hasparts></hasparts><ispartof></ispartof></parts><date>25-08-20 18:21:22:786</date><id>0</id><type>bounding_box</type><polygon><username>anonymous</username><pt><x>1212</x><y>2584</y><time>25-08-20 18:21:20:032</time></pt><pt><x>3713</x><y>2584</y><time>25-08-20 18:21:21:510</time></pt><pt><x>3713</x><y>582</y><time>undefined</time></pt><pt><x>1212</x><y>582</y><time>undefined</time></pt><closed_date>25-08-20 18:21:21:511</closed_date></polygon></object></annotation>