<annotation><filename>m1_s07_194_p_nic074.jpg</filename><folder>users/joselusava//santiago</folder><source><submittedBy>Jose Saca</submittedBy></source><imagesize><nrows>3200</nrows><ncols>4800</ncols></imagesize><object><name>m1_s07_194_p_nic074</name><deleted>0</deleted><verified>0</verified><occluded>no</occluded><attributes></attributes><parts><hasparts></hasparts><ispartof></ispartof></parts><date>24-08-20 14:31:06:402</date><id>0</id><type>bounding_box</type><polygon><username>anonymous</username><pt><x>2117</x><y>475</y><time>24-08-20 14:30:57:116</time></pt><pt><x>3150</x><y>475</y><time>24-08-20 14:30:58:906</time></pt><pt><x>3150</x><y>2124</y><time>undefined</time></pt><pt><x>2117</x><y>2124</y><time>undefined</time></pt><closed_date>24-08-20 14:30:58:907</closed_date></polygon></object></annotation>