<annotation><filename>m1_s07_194_p_nic081.jpg</filename><folder>users/joselusava//santiago</folder><source><submittedBy>Jose Saca</submittedBy></source><imagesize><nrows>3200</nrows><ncols>4800</ncols></imagesize><object><name>m1_s07_194_p_nic081</name><deleted>0</deleted><verified>0</verified><occluded>no</occluded><attributes></attributes><parts><hasparts></hasparts><ispartof></ispartof></parts><date>24-08-20 15:01:42:043</date><id>0</id><type>bounding_box</type><polygon><username>anonymous</username><pt><x>3171</x><y>378</y><time>24-08-20 15:01:31:052</time></pt><pt><x>4172</x><y>378</y><time>24-08-20 15:01:34:684</time></pt><pt><x>4172</x><y>2009</y><time>undefined</time></pt><pt><x>3171</x><y>2009</y><time>undefined</time></pt><closed_date>24-08-20 15:01:34:686</closed_date></polygon></object></annotation>