<annotation><filename>img_m1_s10_303_p_ic033.jpg</filename><folder>users/joselusava//santiago</folder><source><submittedBy>Jose Saca</submittedBy></source><imagesize><nrows>3200</nrows><ncols>4800</ncols></imagesize><object><name>m1_s10_303_p_ic033</name><deleted>0</deleted><verified>0</verified><occluded>no</occluded><attributes></attributes><parts><hasparts></hasparts><ispartof></ispartof></parts><date>31-08-20 13:07:47:534</date><id>0</id><type>bounding_box</type><polygon><username>anonymous</username><pt><x>1307</x><y>1127</y><time>31-08-20 13:07:37:620</time></pt><pt><x>3178</x><y>1127</y><time>31-08-20 13:07:40:030</time></pt><pt><x>3178</x><y>2333</y><time>undefined</time></pt><pt><x>1307</x><y>2333</y><time>undefined</time></pt><closed_date>31-08-20 13:07:40:031</closed_date></polygon></object></annotation>