<annotation><filename>img_m1_s10_270_p_nic077.jpg</filename><folder>users/joselusava//santiago</folder><source><submittedBy>Jose Saca</submittedBy></source><imagesize><nrows>3200</nrows><ncols>4800</ncols></imagesize><object><name>m1_s10_270_p_nic077</name><deleted>0</deleted><verified>0</verified><occluded>no</occluded><attributes></attributes><parts><hasparts></hasparts><ispartof></ispartof></parts><date>28-08-20 14:16:30:655</date><id>0</id><type>bounding_box</type><polygon><username>anonymous</username><pt><x>2422</x><y>1724</y><time>28-08-20 14:16:21:759</time></pt><pt><x>3729</x><y>1724</y><time>28-08-20 14:16:24:641</time></pt><pt><x>3729</x><y>2923</y><time>undefined</time></pt><pt><x>2422</x><y>2923</y><time>undefined</time></pt><closed_date>28-08-20 14:16:24:643</closed_date></polygon></object></annotation>