<annotation><filename>img_m1_s10_270_p_ic039.jpg</filename><folder>users/joselusava//santiago</folder><source><submittedBy>Jose Saca</submittedBy></source><imagesize><nrows>3200</nrows><ncols>4800</ncols></imagesize><object><name>m1_s10_270_p_ic039</name><deleted>0</deleted><verified>0</verified><occluded>no</occluded><attributes></attributes><parts><hasparts></hasparts><ispartof></ispartof></parts><date>26-08-20 19:32:24:145</date><id>0</id><type>bounding_box</type><polygon><username>anonymous</username><pt><x>1015</x><y>349</y><time>26-08-20 19:32:14:609</time></pt><pt><x>3391</x><y>349</y><time>26-08-20 19:32:16:883</time></pt><pt><x>3391</x><y>2422</y><time>undefined</time></pt><pt><x>1015</x><y>2422</y><time>undefined</time></pt><closed_date>26-08-20 19:32:16:884</closed_date></polygon></object></annotation>