<annotation><filename>m1_s05_138_p_nic100.jpg</filename><folder>users/joselusava//jacob/138</folder><source><submittedBy>Jose Saca</submittedBy></source><imagesize><nrows>3200</nrows><ncols>4800</ncols></imagesize><object><name>m1_s05_138_p_nic100</name><deleted>0</deleted><verified>0</verified><occluded>no</occluded><attributes></attributes><parts><hasparts></hasparts><ispartof></ispartof></parts><date>24-08-20 12:53:08:099</date><id>0</id><type>bounding_box</type><polygon><username>anonymous</username><pt><x>2611</x><y>298</y><time>24-08-20 12:53:04:986</time></pt><pt><x>1614</x><y>298</y><time>24-08-20 12:53:07:159</time></pt><pt><x>1614</x><y>1870</y><time>undefined</time></pt><pt><x>2611</x><y>1870</y><time>undefined</time></pt><closed_date>24-08-20 12:53:07:159</closed_date></polygon></object></annotation>