<annotation><filename>img_m1_s10_270_p_ic065.jpg</filename><folder>users/joselusava//santiago</folder><source><submittedBy>Jose Saca</submittedBy></source><imagesize><nrows>3200</nrows><ncols>4800</ncols></imagesize><object><name>m1_s10_270_p_ic065</name><deleted>0</deleted><verified>0</verified><occluded>no</occluded><attributes></attributes><parts><hasparts></hasparts><ispartof></ispartof></parts><date>26-08-20 23:03:49:123</date><id>0</id><type>bounding_box</type><polygon><username>anonymous</username><pt><x>1271</x><y>216</y><time>26-08-20 23:03:34:635</time></pt><pt><x>3200</x><y>216</y><time>26-08-20 23:03:37:681</time></pt><pt><x>3200</x><y>2192</y><time>undefined</time></pt><pt><x>1271</x><y>2192</y><time>undefined</time></pt><closed_date>26-08-20 23:03:37:682</closed_date></polygon></object></annotation>