<annotation><filename>m1_s07_194_p_nic064.jpg</filename><folder>users/joselusava//santiago</folder><source><submittedBy>Jose Saca</submittedBy></source><imagesize><nrows>3200</nrows><ncols>4800</ncols></imagesize><object><name>m1_s07_194_p_nic064</name><deleted>0</deleted><verified>0</verified><occluded>no</occluded><attributes></attributes><parts><hasparts></hasparts><ispartof></ispartof></parts><date>24-08-20 14:16:05:087</date><id>0</id><type>bounding_box</type><polygon><username>anonymous</username><pt><x>1911</x><y>1191</y><time>24-08-20 14:15:54:961</time></pt><pt><x>2750</x><y>1191</y><time>24-08-20 14:15:57:308</time></pt><pt><x>2750</x><y>2948</y><time>undefined</time></pt><pt><x>1911</x><y>2948</y><time>undefined</time></pt><closed_date>24-08-20 14:15:57:310</closed_date></polygon></object></annotation>