<annotation><filename>m1_s05_138_p_ic068.jpg</filename><folder>users/joselusava//jacob</folder><source><submittedBy>Jose Saca</submittedBy></source><imagesize><nrows>3200</nrows><ncols>4800</ncols></imagesize><object><name>m1_s05_138_p_ic068</name><deleted>0</deleted><verified>0</verified><occluded>no</occluded><attributes></attributes><parts><hasparts></hasparts><ispartof></ispartof></parts><date>21-08-20 22:46:15:372</date><id>0</id><type>bounding_box</type><polygon><username>anonymous</username><pt><x>1489</x><y>3061</y><time>21-08-20 22:46:10:336</time></pt><pt><x>3242</x><y>3061</y><time>21-08-20 22:46:12:451</time></pt><pt><x>3242</x><y>977</y><time>undefined</time></pt><pt><x>1489</x><y>977</y><time>undefined</time></pt><closed_date>21-08-20 22:46:12:451</closed_date></polygon></object></annotation>