<annotation><filename>m1_s05_115_p_ic040.jpg</filename><folder>users/joselusava//jacob/sala5_115_ic</folder><source><submittedBy>Jose Saca</submittedBy></source><imagesize><nrows>3200</nrows><ncols>4796</ncols></imagesize><object><name>m1_s05_115_p_ic040</name><deleted>0</deleted><verified>0</verified><occluded>no</occluded><attributes></attributes><parts><hasparts></hasparts><ispartof></ispartof></parts><date>30-08-20 21:03:56:181</date><id>0</id><type>bounding_box</type><polygon><username>anonymous</username><pt><x>862</x><y>2700</y><time>30-08-20 21:03:52:893</time></pt><pt><x>4001</x><y>2700</y><time>30-08-20 21:03:55:380</time></pt><pt><x>4001</x><y>220</y><time>undefined</time></pt><pt><x>862</x><y>220</y><time>undefined</time></pt><closed_date>30-08-20 21:03:55:380</closed_date></polygon></object></annotation>