<annotation><filename>img_m1_s10_270_p_nic055.jpg</filename><folder>users/joselusava//santiago</folder><source><submittedBy>Jose Saca</submittedBy></source><imagesize><nrows>3200</nrows><ncols>4800</ncols></imagesize><object><name>m1_s10_270_p_nic055</name><deleted>0</deleted><verified>0</verified><occluded>no</occluded><attributes></attributes><parts><hasparts></hasparts><ispartof></ispartof></parts><date>27-08-20 14:31:26:380</date><id>0</id><type>bounding_box</type><polygon><username>anonymous</username><pt><x>2811</x><y>979</y><time>27-08-20 14:31:17:385</time></pt><pt><x>4352</x><y>979</y><time>27-08-20 14:31:19:069</time></pt><pt><x>4352</x><y>2181</y><time>undefined</time></pt><pt><x>2811</x><y>2181</y><time>undefined</time></pt><closed_date>27-08-20 14:31:19:071</closed_date></polygon></object></annotation>