<annotation><filename>img_m1_s10_270_p_ic095.jpg</filename><folder>users/joselusava//santiago</folder><source><submittedBy>Jose Saca</submittedBy></source><imagesize><nrows>3200</nrows><ncols>4800</ncols></imagesize><object><name>m1_s10_270_p_ic095</name><deleted>0</deleted><verified>0</verified><occluded>no</occluded><attributes></attributes><parts><hasparts></hasparts><ispartof></ispartof></parts><date>27-08-20 12:08:07:457</date><id>0</id><type>bounding_box</type><polygon><username>anonymous</username><pt><x>1119</x><y>961</y><time>27-08-20 12:07:56:913</time></pt><pt><x>3888</x><y>961</y><time>27-08-20 12:07:59:857</time></pt><pt><x>3888</x><y>3042</y><time>undefined</time></pt><pt><x>1119</x><y>3042</y><time>undefined</time></pt><closed_date>27-08-20 12:07:59:858</closed_date></polygon></object></annotation>