<annotation><filename>m1_s08_255_x.jpg</filename><folder>users/joselusava//santiago</folder><source><submittedBy>Jose Saca</submittedBy></source><imagesize><nrows>3200</nrows><ncols>4800</ncols></imagesize><object><name>m1_s08_255_x</name><deleted>0</deleted><verified>0</verified><occluded>no</occluded><attributes></attributes><parts><hasparts></hasparts><ispartof></ispartof></parts><date>25-08-20 14:04:37:075</date><id>0</id><type>bounding_box</type><polygon><username>anonymous</username><pt><x>806</x><y>140</y><time>25-08-20 14:04:24:866</time></pt><pt><x>4042</x><y>140</y><time>25-08-20 14:04:28:484</time></pt><pt><x>4042</x><y>2998</y><time>undefined</time></pt><pt><x>806</x><y>2998</y><time>undefined</time></pt><closed_date>25-08-20 14:04:28:486</closed_date></polygon></object></annotation>