<annotation><filename>m1_s05_138_p_ic010.jpg</filename><folder>users/joselusava//jacob</folder><source><submittedBy>Jose Saca</submittedBy></source><imagesize><nrows>3200</nrows><ncols>4800</ncols></imagesize><object><name>m1_s05_138_p_ic010</name><deleted>0</deleted><verified>0</verified><occluded>no</occluded><attributes></attributes><parts><hasparts></hasparts><ispartof></ispartof></parts><date>21-08-20 17:15:19:018</date><id>0</id><type>bounding_box</type><polygon><username>anonymous</username><pt><x>1517</x><y>2986</y><time>21-08-20 17:15:06:200</time></pt><pt><x>3600</x><y>2986</y><time>21-08-20 17:15:10:950</time></pt><pt><x>3600</x><y>681</y><time>undefined</time></pt><pt><x>1517</x><y>681</y><time>undefined</time></pt><closed_date>21-08-20 17:15:10:950</closed_date></polygon></object></annotation>