<annotation><filename>img_m1_s10_270_p_ic076.jpg</filename><folder>users/joselusava//santiago</folder><source><submittedBy>Jose Saca</submittedBy></source><imagesize><nrows>3200</nrows><ncols>4800</ncols></imagesize><object><name>m1_s10_270_p_ic076</name><deleted>0</deleted><verified>0</verified><occluded>no</occluded><attributes></attributes><parts><hasparts></hasparts><ispartof></ispartof></parts><date>27-08-20 11:27:46:259</date><id>0</id><type>bounding_box</type><polygon><username>anonymous</username><pt><x>763</x><y>414</y><time>27-08-20 11:27:33:973</time></pt><pt><x>3513</x><y>414</y><time>27-08-20 11:27:38:971</time></pt><pt><x>3513</x><y>2566</y><time>undefined</time></pt><pt><x>763</x><y>2566</y><time>undefined</time></pt><closed_date>27-08-20 11:27:38:972</closed_date></polygon></object></annotation>