<annotation><filename>img_m1_s10_303_p_ic084.jpg</filename><folder>users/joselusava//santiago</folder><source><submittedBy>Jose Saca</submittedBy></source><imagesize><nrows>3200</nrows><ncols>4800</ncols></imagesize><object><name>m1_s10_303_p_ic084</name><deleted>0</deleted><verified>0</verified><occluded>no</occluded><attributes></attributes><parts><hasparts></hasparts><ispartof></ispartof></parts><date>01-09-20 15:39:19:843</date><id>0</id><type>bounding_box</type><polygon><username>anonymous</username><pt><x>1008</x><y>1073</y><time>01-09-20 15:39:10:375</time></pt><pt><x>3798</x><y>1073</y><time>01-09-20 15:39:12:722</time></pt><pt><x>3798</x><y>2156</y><time>undefined</time></pt><pt><x>1008</x><y>2156</y><time>undefined</time></pt><closed_date>01-09-20 15:39:12:724</closed_date></polygon></object></annotation>