<annotation><filename>m1_s05_138_p_ic075.jpg</filename><folder>users/joselusava//jacob</folder><source><submittedBy>Jose Saca</submittedBy></source><imagesize><nrows>3200</nrows><ncols>4800</ncols></imagesize><object><name>m1_s05_138_p_ic075</name><deleted>0</deleted><verified>0</verified><occluded>no</occluded><attributes></attributes><parts><hasparts></hasparts><ispartof></ispartof></parts><date>21-08-20 22:52:31:029</date><id>0</id><type>bounding_box</type><polygon><username>anonymous</username><pt><x>3214</x><y>3131</y><time>21-08-20 22:52:23:988</time></pt><pt><x>1829</x><y>3131</y><time>21-08-20 22:52:27:456</time></pt><pt><x>1829</x><y>1081</y><time>undefined</time></pt><pt><x>3214</x><y>1081</y><time>undefined</time></pt><closed_date>21-08-20 22:52:27:456</closed_date></polygon></object></annotation>