<annotation><filename>img_m1_s10_270_p_nic019.jpg</filename><folder>users/joselusava//santiago</folder><source><submittedBy>Jose Saca</submittedBy></source><imagesize><nrows>3200</nrows><ncols>4800</ncols></imagesize><object><name>m1_s10_270_p_nic019</name><deleted>0</deleted><verified>0</verified><occluded>no</occluded><attributes></attributes><parts><hasparts></hasparts><ispartof></ispartof></parts><date>27-08-20 13:06:48:865</date><id>0</id><type>bounding_box</type><polygon><username>anonymous</username><pt><x>630</x><y>1418</y><time>27-08-20 13:06:37:035</time></pt><pt><x>2347</x><y>1418</y><time>27-08-20 13:06:41:893</time></pt><pt><x>2347</x><y>2804</y><time>undefined</time></pt><pt><x>630</x><y>2804</y><time>undefined</time></pt><closed_date>27-08-20 13:06:41:894</closed_date></polygon></object></annotation>