<annotation><filename>m1_s05_138_p_nic070.jpg</filename><folder>users/joselusava//jacob/138</folder><source><submittedBy>Jose Saca</submittedBy></source><imagesize><nrows>3200</nrows><ncols>4800</ncols></imagesize><object><name>m1_s05_138_p_nic070</name><deleted>0</deleted><verified>0</verified><occluded>no</occluded><attributes></attributes><parts><hasparts></hasparts><ispartof></ispartof></parts><date>23-08-20 23:58:22:027</date><id>0</id><type>bounding_box</type><polygon><username>anonymous</username><pt><x>3219</x><y>1715</y><time>23-08-20 23:58:19:055</time></pt><pt><x>4350</x><y>1715</y><time>23-08-20 23:58:20:694</time></pt><pt><x>4350</x><y>2970</y><time>undefined</time></pt><pt><x>3219</x><y>2970</y><time>undefined</time></pt><closed_date>23-08-20 23:58:20:694</closed_date></polygon></object></annotation>