<annotation><filename>m1_s05_115_p_ic018.jpg</filename><folder>users/joselusava//jacob/sala5_115_ic</folder><source><submittedBy>Jose Saca</submittedBy></source><imagesize><nrows>3200</nrows><ncols>4796</ncols></imagesize><object><name>m1_s05_115_p_ic018</name><deleted>0</deleted><verified>0</verified><occluded>no</occluded><attributes></attributes><parts><hasparts></hasparts><ispartof></ispartof></parts><date>30-08-20 20:05:54:513</date><id>0</id><type>bounding_box</type><polygon><username>anonymous</username><pt><x>1474</x><y>2307</y><time>30-08-20 20:05:51:736</time></pt><pt><x>3446</x><y>2307</y><time>30-08-20 20:05:53:621</time></pt><pt><x>3446</x><y>565</y><time>undefined</time></pt><pt><x>1474</x><y>565</y><time>undefined</time></pt><closed_date>30-08-20 20:05:53:621</closed_date></polygon></object></annotation>