<annotation><filename>m1_s05_115_p_ic003.jpg</filename><folder>users/joselusava//jacob/sala5_115_ic</folder><source><submittedBy>Jose Saca</submittedBy></source><imagesize><nrows>3200</nrows><ncols>4796</ncols></imagesize><object><name>m1_s05_115_p_ic003</name><deleted>0</deleted><verified>0</verified><occluded>no</occluded><attributes></attributes><parts><hasparts></hasparts><ispartof></ispartof></parts><date>30-08-20 14:29:47:635</date><id>0</id><type>bounding_box</type><polygon><username>anonymous</username><pt><x>2977</x><y>2374</y><time>30-08-20 14:29:44:643</time></pt><pt><x>1627</x><y>2374</y><time>30-08-20 14:29:46:680</time></pt><pt><x>1627</x><y>747</y><time>undefined</time></pt><pt><x>2977</x><y>747</y><time>undefined</time></pt><closed_date>30-08-20 14:29:46:681</closed_date></polygon></object></annotation>