<annotation><filename>img_m1_s10_303_p_ic001.jpg</filename><folder>users/joselusava//santiago</folder><source><submittedBy>Jose Saca</submittedBy></source><imagesize><nrows>3200</nrows><ncols>4800</ncols></imagesize><object><name>m1_s10_303_p_ic001</name><deleted>0</deleted><verified>0</verified><occluded>no</occluded><attributes></attributes><parts><hasparts></hasparts><ispartof></ispartof></parts><date>31-08-20 11:30:34:682</date><id>0</id><type>bounding_box</type><polygon><username>anonymous</username><pt><x>1544</x><y>626</y><time>31-08-20 11:30:18:799</time></pt><pt><x>3160</x><y>626</y><time>31-08-20 11:30:24:848</time></pt><pt><x>3160</x><y>2333</y><time>undefined</time></pt><pt><x>1544</x><y>2333</y><time>undefined</time></pt><closed_date>31-08-20 11:30:24:849</closed_date></polygon></object></annotation>