<annotation><filename>m1_s07_194_p_ic090.jpg</filename><folder>users/joselusava//santiago</folder><source><submittedBy>Jose Saca</submittedBy></source><imagesize><nrows>3200</nrows><ncols>4800</ncols></imagesize><object><name>m1_s07_194_p_ic090</name><deleted>0</deleted><verified>0</verified><occluded>no</occluded><attributes></attributes><parts><hasparts></hasparts><ispartof></ispartof></parts><date>22-08-20 17:37:26:805</date><id>0</id><type>bounding_box</type><polygon><username>anonymous</username><pt><x>1596</x><y>796</y><time>22-08-20 17:37:14:047</time></pt><pt><x>3112</x><y>796</y><time>22-08-20 17:37:17:664</time></pt><pt><x>3112</x><y>2941</y><time>undefined</time></pt><pt><x>1596</x><y>2941</y><time>undefined</time></pt><closed_date>22-08-20 17:37:17:666</closed_date></polygon></object></annotation>