<annotation><filename>m1_s07_194_p_nic008.jpg</filename><folder>users/joselusava//santiago</folder><source><submittedBy>Jose Saca</submittedBy></source><imagesize><nrows>3200</nrows><ncols>4800</ncols></imagesize><object><name>m1_s07_194_p_nic008</name><deleted>0</deleted><verified>0</verified><occluded>no</occluded><attributes></attributes><parts><hasparts></hasparts><ispartof></ispartof></parts><date>24-08-20 11:18:23:672</date><id>0</id><type>bounding_box</type><polygon><username>anonymous</username><pt><x>2777</x><y>1333</y><time>24-08-20 11:18:13:539</time></pt><pt><x>3524</x><y>1333</y><time>24-08-20 11:18:16:484</time></pt><pt><x>3524</x><y>2888</y><time>undefined</time></pt><pt><x>2777</x><y>2888</y><time>undefined</time></pt><closed_date>24-08-20 11:18:16:486</closed_date></polygon></object></annotation>