<annotation><filename>m1_s05_138_p_nic036.jpg</filename><folder>users/joselusava//jacob/138</folder><source><submittedBy>Jose Saca</submittedBy></source><imagesize><nrows>3200</nrows><ncols>4800</ncols></imagesize><object><name>m1_s05_138_p_nic036</name><deleted>0</deleted><verified>0</verified><occluded>no</occluded><attributes></attributes><parts><hasparts></hasparts><ispartof></ispartof></parts><date>23-08-20 23:39:52:966</date><id>0</id><type>bounding_box</type><polygon><username>anonymous</username><pt><x>364</x><y>1667</y><time>23-08-20 23:39:49:379</time></pt><pt><x>977</x><y>1667</y><time>23-08-20 23:39:51:499</time></pt><pt><x>977</x><y>2587</y><time>undefined</time></pt><pt><x>364</x><y>2587</y><time>undefined</time></pt><closed_date>23-08-20 23:39:51:500</closed_date></polygon></object></annotation>