<annotation><filename>m1_s07_194_p_ic057.jpg</filename><folder>users/joselusava//santiago</folder><source><submittedBy>Jose Saca</submittedBy></source><imagesize><nrows>3200</nrows><ncols>4800</ncols></imagesize><object><name>m1_s07_194_p_ic057</name><deleted>0</deleted><verified>0</verified><occluded>no</occluded><attributes></attributes><parts><hasparts></hasparts><ispartof></ispartof></parts><date>22-08-20 16:12:09:061</date><id>0</id><type>bounding_box</type><polygon><username>anonymous</username><pt><x>1386</x><y>54</y><time>22-08-20 16:11:54:251</time></pt><pt><x>2887</x><y>54</y><time>22-08-20 16:12:00:481</time></pt><pt><x>2887</x><y>3160</y><time>undefined</time></pt><pt><x>1386</x><y>3160</y><time>undefined</time></pt><closed_date>22-08-20 16:12:00:482</closed_date></polygon></object></annotation>