<annotation><filename>img_m1_s10_270_p_ic032.jpg</filename><folder>users/joselusava//santiago</folder><source><submittedBy>Jose Saca</submittedBy></source><imagesize><nrows>3200</nrows><ncols>4800</ncols></imagesize><object><name>m1_s10_270_p_ic032</name><deleted>0</deleted><verified>0</verified><occluded>no</occluded><attributes></attributes><parts><hasparts></hasparts><ispartof></ispartof></parts><date>26-08-20 19:20:54:238</date><id>0</id><type>bounding_box</type><polygon><username>anonymous</username><pt><x>1454</x><y>526</y><time>26-08-20 19:20:44:563</time></pt><pt><x>3276</x><y>526</y><time>26-08-20 19:20:46:739</time></pt><pt><x>3276</x><y>2592</y><time>undefined</time></pt><pt><x>1454</x><y>2592</y><time>undefined</time></pt><closed_date>26-08-20 19:20:46:741</closed_date></polygon></object></annotation>