<annotation><filename>img_m1_s10_270_p_nic071.jpg</filename><folder>users/joselusava//santiago</folder><source><submittedBy>Jose Saca</submittedBy></source><imagesize><nrows>3200</nrows><ncols>4800</ncols></imagesize><object><name>m1_s10_270_p_nic071</name><deleted>0</deleted><verified>0</verified><occluded>no</occluded><attributes></attributes><parts><hasparts></hasparts><ispartof></ispartof></parts><date>28-08-20 14:08:29:598</date><id>0</id><type>bounding_box</type><polygon><username>anonymous</username><pt><x>842</x><y>1623</y><time>28-08-20 14:08:18:813</time></pt><pt><x>2135</x><y>1623</y><time>28-08-20 14:08:22:362</time></pt><pt><x>2135</x><y>2908</y><time>undefined</time></pt><pt><x>842</x><y>2908</y><time>undefined</time></pt><closed_date>28-08-20 14:08:22:362</closed_date></polygon></object></annotation>