<annotation><filename>img_m1_s10_303_p_ic051.jpg</filename><folder>users/joselusava//santiago</folder><source><submittedBy>Jose Saca</submittedBy></source><imagesize><nrows>3200</nrows><ncols>4800</ncols></imagesize><object><name>m1_s10_303_p_ic051</name><deleted>0</deleted><verified>0</verified><occluded>no</occluded><attributes></attributes><parts><hasparts></hasparts><ispartof></ispartof></parts><date>31-08-20 13:47:22:033</date><id>0</id><type>bounding_box</type><polygon><username>anonymous</username><pt><x>1199</x><y>1209</y><time>31-08-20 13:47:11:458</time></pt><pt><x>2829</x><y>1209</y><time>31-08-20 13:47:14:295</time></pt><pt><x>2829</x><y>2246</y><time>undefined</time></pt><pt><x>1199</x><y>2246</y><time>undefined</time></pt><closed_date>31-08-20 13:47:14:296</closed_date></polygon></object></annotation>