<annotation><filename>img_m1_s10_303_p_ic045.jpg</filename><folder>users/joselusava//santiago</folder><source><submittedBy>Jose Saca</submittedBy></source><imagesize><nrows>3200</nrows><ncols>4800</ncols></imagesize><object><name>m1_s10_303_p_ic045</name><deleted>0</deleted><verified>0</verified><occluded>no</occluded><attributes></attributes><parts><hasparts></hasparts><ispartof></ispartof></parts><date>31-08-20 13:37:15:876</date><id>0</id><type>bounding_box</type><polygon><username>anonymous</username><pt><x>813</x><y>1155</y><time>31-08-20 13:37:07:804</time></pt><pt><x>3027</x><y>1155</y><time>31-08-20 13:37:09:765</time></pt><pt><x>3027</x><y>2153</y><time>undefined</time></pt><pt><x>813</x><y>2153</y><time>undefined</time></pt><closed_date>31-08-20 13:37:09:767</closed_date></polygon></object></annotation>