<annotation><filename>m1_s07_200_x.jpg</filename><folder>users/joselusava//santiago</folder><source><submittedBy>Jose Saca</submittedBy></source><imagesize><nrows>3200</nrows><ncols>4800</ncols></imagesize><object><name>m1_s07_200_x</name><deleted>0</deleted><verified>0</verified><occluded>no</occluded><attributes></attributes><parts><hasparts></hasparts><ispartof></ispartof></parts><date>24-08-20 16:07:02:788</date><id>0</id><type>bounding_box</type><polygon><username>anonymous</username><pt><x>947</x><y>410</y><time>24-08-20 16:06:42:945</time></pt><pt><x>4013</x><y>410</y><time>24-08-20 16:06:50:024</time></pt><pt><x>4013</x><y>2901</y><time>undefined</time></pt><pt><x>947</x><y>2901</y><time>undefined</time></pt><closed_date>24-08-20 16:06:50:026</closed_date></polygon></object></annotation>