<annotation><filename>img_m1_s10_270_p_nic006.jpg</filename><folder>users/joselusava//santiago</folder><source><submittedBy>Jose Saca</submittedBy></source><imagesize><nrows>3200</nrows><ncols>4800</ncols></imagesize><object><name>m1_s10_270_p_nic006</name><deleted>0</deleted><verified>0</verified><occluded>no</occluded><attributes></attributes><parts><hasparts></hasparts><ispartof></ispartof></parts><date>27-08-20 12:46:23:283</date><id>0</id><type>bounding_box</type><polygon><username>anonymous</username><pt><x>2030</x><y>360</y><time>27-08-20 12:46:11:958</time></pt><pt><x>3826</x><y>360</y><time>27-08-20 12:46:16:122</time></pt><pt><x>3826</x><y>1713</y><time>undefined</time></pt><pt><x>2030</x><y>1713</y><time>undefined</time></pt><closed_date>27-08-20 12:46:16:124</closed_date></polygon></object></annotation>