<annotation><filename>m1_s05_118_x.jpg</filename><folder>users/joselusava//jacob/sala5</folder><source><submittedBy>Jose Saca</submittedBy></source><imagesize><nrows>3200</nrows><ncols>4800</ncols></imagesize><object><name>m1_s05_119_x</name><deleted>0</deleted><verified>0</verified><occluded>no</occluded><attributes></attributes><parts><hasparts></hasparts><ispartof></ispartof></parts><date>24-08-20 19:58:34:382</date><id>0</id><type>bounding_box</type><polygon><username>anonymous</username><pt><x>1489</x><y>764</y><time>24-08-20 19:58:26:212</time></pt><pt><x>3572</x><y>764</y><time>24-08-20 19:58:27:924</time></pt><pt><x>3572</x><y>2507</y><time>undefined</time></pt><pt><x>1489</x><y>2507</y><time>undefined</time></pt><closed_date>24-08-20 19:58:27:924</closed_date></polygon></object></annotation>