<annotation><filename>m1_s05_138_p_nic026.jpg</filename><folder>users/joselusava//jacob/138</folder><source><submittedBy>Jose Saca</submittedBy></source><imagesize><nrows>3200</nrows><ncols>4800</ncols></imagesize><object><name>m1_s05_138_p_nic026</name><deleted>0</deleted><verified>0</verified><occluded>no</occluded><attributes></attributes><parts><hasparts></hasparts><ispartof></ispartof></parts><date>23-08-20 23:35:23:012</date><id>0</id><type>bounding_box</type><polygon><username>anonymous</username><pt><x>3794</x><y>1220</y><time>23-08-20 23:35:19:206</time></pt><pt><x>4404</x><y>1220</y><time>23-08-20 23:35:20:563</time></pt><pt><x>4404</x><y>2178</y><time>undefined</time></pt><pt><x>3794</x><y>2178</y><time>undefined</time></pt><closed_date>23-08-20 23:35:20:564</closed_date></polygon></object></annotation>