<annotation><filename>img_m1_s10_303_p_ic060.jpg</filename><folder>users/joselusava//santiago</folder><source><submittedBy>Jose Saca</submittedBy></source><imagesize><nrows>3200</nrows><ncols>4800</ncols></imagesize><object><name>m1_s10_303_p_ic060</name><deleted>0</deleted><verified>0</verified><occluded>no</occluded><attributes></attributes><parts><hasparts></hasparts><ispartof></ispartof></parts><date>31-08-20 14:22:02:732</date><id>0</id><type>bounding_box</type><polygon><username>anonymous</username><pt><x>1346</x><y>1119</y><time>31-08-20 14:21:50:168</time></pt><pt><x>3178</x><y>1119</y><time>31-08-20 14:21:55:344</time></pt><pt><x>3178</x><y>2372</y><time>undefined</time></pt><pt><x>1346</x><y>2372</y><time>undefined</time></pt><closed_date>31-08-20 14:21:55:344</closed_date></polygon></object></annotation>