<annotation><filename>img_m1_s10_303_p_ic041.jpg</filename><folder>users/joselusava//santiago</folder><source><submittedBy>Jose Saca</submittedBy></source><imagesize><nrows>3200</nrows><ncols>4800</ncols></imagesize><object><name>m1_s10_303_p_ic041</name><deleted>0</deleted><verified>0</verified><occluded>no</occluded><attributes></attributes><parts><hasparts></hasparts><ispartof></ispartof></parts><date>31-08-20 13:32:19:202</date><id>0</id><type>bounding_box</type><polygon><username>anonymous</username><pt><x>1148</x><y>911</y><time>31-08-20 13:32:10:429</time></pt><pt><x>3448</x><y>911</y><time>31-08-20 13:32:12:264</time></pt><pt><x>3448</x><y>2052</y><time>undefined</time></pt><pt><x>1148</x><y>2052</y><time>undefined</time></pt><closed_date>31-08-20 13:32:12:265</closed_date></polygon></object></annotation>