<annotation><filename>m1_s05_115_p_ic022.jpg</filename><folder>users/joselusava//jacob/sala5_115_ic</folder><source><submittedBy>Jose Saca</submittedBy></source><imagesize><nrows>3200</nrows><ncols>4796</ncols></imagesize><object><name>m1_s05_115_p_ic022</name><deleted>0</deleted><verified>0</verified><occluded>no</occluded><attributes></attributes><parts><hasparts></hasparts><ispartof></ispartof></parts><date>30-08-20 20:08:43:233</date><id>0</id><type>bounding_box</type><polygon><username>anonymous</username><pt><x>1541</x><y>2403</y><time>30-08-20 20:08:41:290</time></pt><pt><x>3054</x><y>2403</y><time>30-08-20 20:08:42:581</time></pt><pt><x>3054</x><y>488</y><time>undefined</time></pt><pt><x>1541</x><y>488</y><time>undefined</time></pt><closed_date>30-08-20 20:08:42:581</closed_date></polygon></object></annotation>