<annotation><filename>m1_s07_194_p_nic062.jpg</filename><folder>users/joselusava//santiago</folder><source><submittedBy>Jose Saca</submittedBy></source><imagesize><nrows>3200</nrows><ncols>4800</ncols></imagesize><object><name>m1_s07_194_p_nic062</name><deleted>0</deleted><verified>0</verified><occluded>no</occluded><attributes></attributes><parts><hasparts></hasparts><ispartof></ispartof></parts><date>24-08-20 14:13:02:915</date><id>0</id><type>bounding_box</type><polygon><username>anonymous</username><pt><x>2850</x><y>1318</y><time>24-08-20 14:12:54:705</time></pt><pt><x>3844</x><y>1318</y><time>24-08-20 14:12:56:635</time></pt><pt><x>3844</x><y>2952</y><time>undefined</time></pt><pt><x>2850</x><y>2952</y><time>undefined</time></pt><closed_date>24-08-20 14:12:56:636</closed_date></polygon></object></annotation>