<annotation><filename>m1_s05_138_p_nic067.jpg</filename><folder>users/joselusava//jacob/138</folder><source><submittedBy>Jose Saca</submittedBy></source><imagesize><nrows>3200</nrows><ncols>4800</ncols></imagesize><object><name>m1_s05_138_p_nic067</name><deleted>0</deleted><verified>0</verified><occluded>no</occluded><attributes></attributes><parts><hasparts></hasparts><ispartof></ispartof></parts><date>23-08-20 23:57:04:214</date><id>0</id><type>bounding_box</type><polygon><username>anonymous</username><pt><x>3104</x><y>1715</y><time>23-08-20 23:57:00:867</time></pt><pt><x>4244</x><y>1715</y><time>23-08-20 23:57:02:282</time></pt><pt><x>4244</x><y>3056</y><time>undefined</time></pt><pt><x>3104</x><y>3056</y><time>undefined</time></pt><closed_date>23-08-20 23:57:02:282</closed_date></polygon></object></annotation>