<annotation><filename>m1_s07_194_p_ic077.jpg</filename><folder>users/joselusava//santiago</folder><source><submittedBy>Jose Saca</submittedBy></source><imagesize><nrows>3200</nrows><ncols>4800</ncols></imagesize><object><name>m1_s07_194_p_ic077</name><deleted>0</deleted><verified>0</verified><occluded>no</occluded><attributes></attributes><parts><hasparts></hasparts><ispartof></ispartof></parts><date>22-08-20 17:04:38:932</date><id>0</id><type>bounding_box</type><polygon><username>anonymous</username><pt><x>1486</x><y>811</y><time>22-08-20 17:04:27:862</time></pt><pt><x>3345</x><y>811</y><time>22-08-20 17:04:31:761</time></pt><pt><x>3345</x><y>2674</y><time>undefined</time></pt><pt><x>1486</x><y>2674</y><time>undefined</time></pt><closed_date>22-08-20 17:04:31:762</closed_date></polygon></object></annotation>