<annotation><filename>m1_s07_194_p_nic080.jpg</filename><folder>users/joselusava//santiago</folder><source><submittedBy>Jose Saca</submittedBy></source><imagesize><nrows>3200</nrows><ncols>4800</ncols></imagesize><object><name>m1_s07_194_p_nic080</name><deleted>0</deleted><verified>0</verified><occluded>no</occluded><attributes></attributes><parts><hasparts></hasparts><ispartof></ispartof></parts><date>24-08-20 14:39:36:964</date><id>0</id><type>bounding_box</type><polygon><username>anonymous</username><pt><x>3369</x><y>356</y><time>24-08-20 14:39:29:066</time></pt><pt><x>4507</x><y>356</y><time>24-08-20 14:39:30:813</time></pt><pt><x>4507</x><y>1919</y><time>undefined</time></pt><pt><x>3369</x><y>1919</y><time>undefined</time></pt><closed_date>24-08-20 14:39:30:814</closed_date></polygon></object></annotation>