<annotation><filename>m1_s07_202_x.jpg</filename><folder>users/joselusava//santiago</folder><source><submittedBy>Jose Saca</submittedBy></source><imagesize><nrows>3200</nrows><ncols>4800</ncols></imagesize><object><name>m1_s07_202_x</name><deleted>0</deleted><verified>0</verified><occluded>no</occluded><attributes></attributes><parts><hasparts></hasparts><ispartof></ispartof></parts><date>24-08-20 16:12:03:062</date><id>0</id><type>bounding_box</type><polygon><username>anonymous</username><pt><x>1098</x><y>655</y><time>24-08-20 16:11:52:138</time></pt><pt><x>3902</x><y>655</y><time>24-08-20 16:11:55:171</time></pt><pt><x>3902</x><y>2721</y><time>undefined</time></pt><pt><x>1098</x><y>2721</y><time>undefined</time></pt><closed_date>24-08-20 16:11:55:172</closed_date></polygon></object></annotation>