<annotation><filename>m1_s05_110_x.jpg</filename><folder>users/joselusava//jacob/sala5</folder><source><submittedBy>Jose Saca</submittedBy></source><imagesize><nrows>2000</nrows><ncols>2992</ncols></imagesize><object><name>m1_s05_110_x</name><deleted>0</deleted><verified>0</verified><occluded>no</occluded><attributes></attributes><parts><hasparts></hasparts><ispartof></ispartof></parts><date>24-08-20 12:56:03:232</date><id>0</id><type>bounding_box</type><polygon><username>anonymous</username><pt><x>2862</x><y>678</y><time>24-08-20 12:55:49:917</time></pt><pt><x>65</x><y>678</y><time>24-08-20 12:55:54:467</time></pt><pt><x>65</x><y>1278</y><time>undefined</time></pt><pt><x>2862</x><y>1278</y><time>undefined</time></pt><closed_date>24-08-20 12:55:54:468</closed_date></polygon></object></annotation>