<annotation><filename>m1_s07_194_p_ic070.jpg</filename><folder>users/joselusava//santiago</folder><source><submittedBy>Jose Saca</submittedBy></source><imagesize><nrows>3200</nrows><ncols>4800</ncols></imagesize><object><name>m1_s07_194_p_ic070</name><deleted>0</deleted><verified>0</verified><occluded>no</occluded><attributes></attributes><parts><hasparts></hasparts><ispartof></ispartof></parts><date>22-08-20 16:49:11:499</date><id>0</id><type>bounding_box</type><polygon><username>anonymous</username><pt><x>1303</x><y>446</y><time>22-08-20 16:48:57:360</time></pt><pt><x>3301</x><y>446</y><time>22-08-20 16:49:02:946</time></pt><pt><x>3301</x><y>2664</y><time>undefined</time></pt><pt><x>1303</x><y>2664</y><time>undefined</time></pt><closed_date>22-08-20 16:49:02:947</closed_date></polygon></object></annotation>