<annotation><filename>img_m1_s10_303_p_ic013.jpg</filename><folder>users/joselusava//santiago</folder><source><submittedBy>Jose Saca</submittedBy></source><imagesize><nrows>3200</nrows><ncols>4800</ncols></imagesize><object><name>m1_s10_303_p_ic013</name><deleted>0</deleted><verified>0</verified><occluded>no</occluded><attributes></attributes><parts><hasparts></hasparts><ispartof></ispartof></parts><date>31-08-20 11:50:56:621</date><id>0</id><type>bounding_box</type><polygon><username>anonymous</username><pt><x>1033</x><y>1047</y><time>31-08-20 11:50:46:157</time></pt><pt><x>3326</x><y>1047</y><time>31-08-20 11:50:49:281</time></pt><pt><x>3326</x><y>2088</y><time>undefined</time></pt><pt><x>1033</x><y>2088</y><time>undefined</time></pt><closed_date>31-08-20 11:50:49:282</closed_date></polygon></object></annotation>