<annotation><filename>m1_s07_194_p_nic052.jpg</filename><folder>users/joselusava//santiago</folder><source><submittedBy>Jose Saca</submittedBy></source><imagesize><nrows>3200</nrows><ncols>4800</ncols></imagesize><object><name>m1_s07_194_p_nic052</name><deleted>0</deleted><verified>0</verified><occluded>no</occluded><attributes></attributes><parts><hasparts></hasparts><ispartof></ispartof></parts><date>24-08-20 13:45:04:256</date><id>0</id><type>bounding_box</type><polygon><username>anonymous</username><pt><x>1155</x><y>162</y><time>24-08-20 13:44:52:626</time></pt><pt><x>2261</x><y>162</y><time>24-08-20 13:44:56:480</time></pt><pt><x>2261</x><y>1713</y><time>undefined</time></pt><pt><x>1155</x><y>1713</y><time>undefined</time></pt><closed_date>24-08-20 13:44:56:481</closed_date></polygon></object></annotation>