<annotation><filename>img_m1_s10_270_p_nic047.jpg</filename><folder>users/joselusava//santiago</folder><source><submittedBy>Jose Saca</submittedBy></source><imagesize><nrows>3200</nrows><ncols>4800</ncols></imagesize><object><name>m1_s10_270_p_nic047</name><deleted>0</deleted><verified>0</verified><occluded>no</occluded><attributes></attributes><parts><hasparts></hasparts><ispartof></ispartof></parts><date>27-08-20 14:14:46:688</date><id>0</id><type>bounding_box</type><polygon><username>anonymous</username><pt><x>1735</x><y>1631</y><time>27-08-20 14:14:36:748</time></pt><pt><x>3146</x><y>1631</y><time>27-08-20 14:14:39:522</time></pt><pt><x>3146</x><y>2829</y><time>undefined</time></pt><pt><x>1735</x><y>2829</y><time>undefined</time></pt><closed_date>27-08-20 14:14:39:523</closed_date></polygon></object></annotation>