<annotation><filename>m1_s05_138_p_ic020.jpg</filename><folder>users/joselusava//jacob</folder><source><submittedBy>Jose Saca</submittedBy></source><imagesize><nrows>3200</nrows><ncols>4800</ncols></imagesize><object><name>m1_s05_138_p_ic020</name><deleted>0</deleted><verified>0</verified><occluded>no</occluded><attributes></attributes><parts><hasparts></hasparts><ispartof></ispartof></parts><date>21-08-20 17:26:40:163</date><id>0</id><type>bounding_box</type><polygon><username>anonymous</username><pt><x>1541</x><y>2915</y><time>21-08-20 17:26:27:668</time></pt><pt><x>3057</x><y>2915</y><time>21-08-20 17:26:30:219</time></pt><pt><x>3057</x><y>745</y><time>undefined</time></pt><pt><x>1541</x><y>745</y><time>undefined</time></pt><closed_date>21-08-20 17:26:30:219</closed_date></polygon></object></annotation>