<annotation><filename>img_m1_s10_303_p_ic044.jpg</filename><folder>users/joselusava//santiago</folder><source><submittedBy>Jose Saca</submittedBy></source><imagesize><nrows>3200</nrows><ncols>4800</ncols></imagesize><object><name>m1_s10_303_p_ic044</name><deleted>0</deleted><verified>0</verified><occluded>no</occluded><attributes></attributes><parts><hasparts></hasparts><ispartof></ispartof></parts><date>31-08-20 13:36:06:566</date><id>0</id><type>bounding_box</type><polygon><username>anonymous</username><pt><x>1063</x><y>1112</y><time>31-08-20 13:35:58:266</time></pt><pt><x>3230</x><y>1112</y><time>31-08-20 13:36:00:116</time></pt><pt><x>3230</x><y>2145</y><time>undefined</time></pt><pt><x>1063</x><y>2145</y><time>undefined</time></pt><closed_date>31-08-20 13:36:00:117</closed_date></polygon></object></annotation>