<annotation><filename>m1_s07_194_p_nic065.jpg</filename><folder>users/joselusava//santiago</folder><source><submittedBy>Jose Saca</submittedBy></source><imagesize><nrows>3200</nrows><ncols>4800</ncols></imagesize><object><name>m1_s07_194_p_nic065</name><deleted>0</deleted><verified>0</verified><occluded>no</occluded><attributes></attributes><parts><hasparts></hasparts><ispartof></ispartof></parts><date>24-08-20 14:17:30:013</date><id>0</id><type>bounding_box</type><polygon><username>anonymous</username><pt><x>1436</x><y>1274</y><time>24-08-20 14:17:20:837</time></pt><pt><x>2282</x><y>1274</y><time>24-08-20 14:17:22:525</time></pt><pt><x>2282</x><y>2962</y><time>undefined</time></pt><pt><x>1436</x><y>2962</y><time>undefined</time></pt><closed_date>24-08-20 14:17:22:526</closed_date></polygon></object></annotation>