<annotation><filename>m1_s07_194_p_nic009.jpg</filename><folder>users/joselusava//santiago</folder><source><submittedBy>Jose Saca</submittedBy></source><imagesize><nrows>3200</nrows><ncols>4800</ncols></imagesize><object><name>m1_s07_194_p_nic009</name><deleted>0</deleted><verified>0</verified><occluded>no</occluded><attributes></attributes><parts><hasparts></hasparts><ispartof></ispartof></parts><date>24-08-20 11:20:10:314</date><id>0</id><type>bounding_box</type><polygon><username>anonymous</username><pt><x>2854</x><y>1271</y><time>24-08-20 11:19:55:642</time></pt><pt><x>3596</x><y>1271</y><time>24-08-20 11:20:01:846</time></pt><pt><x>3596</x><y>2858</y><time>undefined</time></pt><pt><x>2854</x><y>2858</y><time>undefined</time></pt><closed_date>24-08-20 11:20:01:847</closed_date></polygon></object></annotation>