<annotation><filename>m1_s05_115_p_nic004.jpg</filename><folder>users/joselusava//jacob/sala5_115_nic</folder><source><submittedBy>Jose Saca</submittedBy></source><imagesize><nrows>3200</nrows><ncols>4796</ncols></imagesize><object><name>m1_s05_115_p_nic004</name><deleted>0</deleted><verified>0</verified><occluded>no</occluded><attributes></attributes><parts><hasparts></hasparts><ispartof></ispartof></parts><date>30-08-20 21:50:15:363</date><id>0</id><type>bounding_box</type><polygon><username>anonymous</username><pt><x>2968</x><y>2020</y><time>30-08-20 21:50:09:421</time></pt><pt><x>4384</x><y>2020</y><time>30-08-20 21:50:14:403</time></pt><pt><x>4384</x><y>986</y><time>undefined</time></pt><pt><x>2968</x><y>986</y><time>undefined</time></pt><closed_date>30-08-20 21:50:14:403</closed_date></polygon></object></annotation>