<annotation><filename>m1_s07_194_p_nic090.jpg</filename><folder>users/joselusava//santiago</folder><source><submittedBy>Jose Saca</submittedBy></source><imagesize><nrows>3200</nrows><ncols>4800</ncols></imagesize><object><name>m1_s07_194_p_nic090</name><deleted>0</deleted><verified>0</verified><occluded>no</occluded><attributes></attributes><parts><hasparts></hasparts><ispartof></ispartof></parts><date>24-08-20 15:14:26:310</date><id>0</id><type>bounding_box</type><polygon><username>anonymous</username><pt><x>1389</x><y>198</y><time>24-08-20 15:14:17:446</time></pt><pt><x>2772</x><y>198</y><time>24-08-20 15:14:19:094</time></pt><pt><x>2772</x><y>1947</y><time>undefined</time></pt><pt><x>1389</x><y>1947</y><time>undefined</time></pt><closed_date>24-08-20 15:14:19:095</closed_date></polygon></object></annotation>