<annotation><filename>img_m1_s10_270_p_ic097.jpg</filename><folder>users/joselusava//santiago</folder><source><submittedBy>Jose Saca</submittedBy></source><imagesize><nrows>3200</nrows><ncols>4800</ncols></imagesize><object><name>m1_s10_270_p_ic097</name><deleted>0</deleted><verified>0</verified><occluded>no</occluded><attributes></attributes><parts><hasparts></hasparts><ispartof></ispartof></parts><date>27-08-20 12:11:30:677</date><id>0</id><type>bounding_box</type><polygon><username>anonymous</username><pt><x>796</x><y>457</y><time>27-08-20 12:11:22:042</time></pt><pt><x>3672</x><y>457</y><time>27-08-20 12:11:24:038</time></pt><pt><x>3672</x><y>2660</y><time>undefined</time></pt><pt><x>796</x><y>2660</y><time>undefined</time></pt><closed_date>27-08-20 12:11:24:039</closed_date></polygon></object></annotation>