<annotation><filename>m1_s05_115_p_nic062.jpg</filename><folder>users/joselusava//jacob/sala5_115_nic</folder><source><submittedBy>Jose Saca</submittedBy></source><imagesize><nrows>3200</nrows><ncols>4796</ncols></imagesize><object><name>m1_s05_115_p_nic062</name><deleted>0</deleted><verified>0</verified><occluded>no</occluded><attributes></attributes><parts><hasparts></hasparts><ispartof></ispartof></parts><date>30-08-20 23:49:23:031</date><id>0</id><type>bounding_box</type><polygon><username>anonymous</username><pt><x>2690</x><y>2987</y><time>30-08-20 23:49:18:116</time></pt><pt><x>1723</x><y>2987</y><time>30-08-20 23:49:21:873</time></pt><pt><x>1723</x><y>1934</y><time>undefined</time></pt><pt><x>2690</x><y>1934</y><time>undefined</time></pt><closed_date>30-08-20 23:49:21:873</closed_date></polygon></object></annotation>