<annotation><filename>m1_s05_115_p_nic100.jpg</filename><folder>users/joselusava//jacob/sala5_115_nic</folder><source><submittedBy>Jose Saca</submittedBy></source><imagesize><nrows>3200</nrows><ncols>4796</ncols></imagesize><object><name>m1_s05_115_p_nic100</name><deleted>0</deleted><verified>0</verified><occluded>no</occluded><attributes></attributes><parts><hasparts></hasparts><ispartof></ispartof></parts><date>31-08-20 00:09:40:015</date><id>0</id><type>bounding_box</type><polygon><username>anonymous</username><pt><x>565</x><y>2058</y><time>31-08-20 00:09:37:652</time></pt><pt><x>1924</x><y>2058</y><time>31-08-20 00:09:38:889</time></pt><pt><x>1924</x><y>756</y><time>undefined</time></pt><pt><x>565</x><y>756</y><time>undefined</time></pt><closed_date>31-08-20 00:09:38:889</closed_date></polygon></object></annotation>