<annotation><filename>m1_s07_225_x.jpg</filename><folder>users/joselusava//santiago</folder><source><submittedBy>Jose Saca</submittedBy></source><imagesize><nrows>3200</nrows><ncols>4800</ncols></imagesize><object><name>m1_s07_225_x</name><deleted>0</deleted><verified>0</verified><occluded>no</occluded><attributes></attributes><parts><hasparts></hasparts><ispartof></ispartof></parts><date>24-08-20 20:45:27:312</date><id>0</id><type>bounding_box</type><polygon><username>anonymous</username><pt><x>1296</x><y>212</y><time>24-08-20 20:45:14:806</time></pt><pt><x>3502</x><y>212</y><time>24-08-20 20:45:18:730</time></pt><pt><x>3502</x><y>3052</y><time>undefined</time></pt><pt><x>1296</x><y>3052</y><time>undefined</time></pt><closed_date>24-08-20 20:45:18:731</closed_date></polygon></object></annotation>