<annotation><filename>m1_s05_138_p_nic094.jpg</filename><folder>users/joselusava//jacob/138</folder><source><submittedBy>Jose Saca</submittedBy></source><imagesize><nrows>3200</nrows><ncols>4800</ncols></imagesize><object><name>m1_s05_138_p_nic094</name><deleted>0</deleted><verified>0</verified><occluded>no</occluded><attributes></attributes><parts><hasparts></hasparts><ispartof></ispartof></parts><date>24-08-20 12:50:15:467</date><id>0</id><type>bounding_box</type><polygon><username>anonymous</username><pt><x>2002</x><y>513</y><time>24-08-20 12:50:12:432</time></pt><pt><x>3055</x><y>513</y><time>24-08-20 12:50:14:537</time></pt><pt><x>3055</x><y>1856</y><time>undefined</time></pt><pt><x>2002</x><y>1856</y><time>undefined</time></pt><closed_date>24-08-20 12:50:14:537</closed_date></polygon></object></annotation>