<annotation><filename>m1_s05_115_p_nic088.jpg</filename><folder>users/joselusava//jacob/sala5_115_nic</folder><source><submittedBy>Jose Saca</submittedBy></source><imagesize><nrows>3200</nrows><ncols>4796</ncols></imagesize><object><name>m1_s05_115_p_nic088</name><deleted>0</deleted><verified>0</verified><occluded>no</occluded><attributes></attributes><parts><hasparts></hasparts><ispartof></ispartof></parts><date>31-08-20 00:02:03:456</date><id>0</id><type>bounding_box</type><polygon><username>anonymous</username><pt><x>2001</x><y>2939</y><time>31-08-20 00:02:01:615</time></pt><pt><x>2948</x><y>2939</y><time>31-08-20 00:02:02:803</time></pt><pt><x>2948</x><y>1876</y><time>undefined</time></pt><pt><x>2001</x><y>1876</y><time>undefined</time></pt><closed_date>31-08-20 00:02:02:804</closed_date></polygon></object></annotation>