<annotation><filename>img_m1_s10_270_p_nic023.jpg</filename><folder>users/joselusava//santiago</folder><source><submittedBy>Jose Saca</submittedBy></source><imagesize><nrows>3200</nrows><ncols>4800</ncols></imagesize><object><name>m1_s10_270_p_nic023</name><deleted>0</deleted><verified>0</verified><occluded>no</occluded><attributes></attributes><parts><hasparts></hasparts><ispartof></ispartof></parts><date>27-08-20 13:23:31:306</date><id>0</id><type>bounding_box</type><polygon><username>anonymous</username><pt><x>1235</x><y>1469</y><time>27-08-20 13:23:21:038</time></pt><pt><x>2930</x><y>1469</y><time>27-08-20 13:23:24:794</time></pt><pt><x>2930</x><y>2800</y><time>undefined</time></pt><pt><x>1235</x><y>2800</y><time>undefined</time></pt><closed_date>27-08-20 13:23:24:795</closed_date></polygon></object></annotation>