<annotation><filename>m1_s05_138_p_ic097.jpg</filename><folder>users/joselusava//jacob</folder><source><submittedBy>Jose Saca</submittedBy></source><imagesize><nrows>3200</nrows><ncols>4800</ncols></imagesize><object><name>m1_s05_138_p_ic097</name><deleted>0</deleted><verified>0</verified><occluded>no</occluded><attributes></attributes><parts><hasparts></hasparts><ispartof></ispartof></parts><date>21-08-20 23:13:12:172</date><id>0</id><type>bounding_box</type><polygon><username>anonymous</username><pt><x>1621</x><y>353</y><time>21-08-20 23:13:07:373</time></pt><pt><x>3283</x><y>353</y><time>21-08-20 23:13:08:781</time></pt><pt><x>3283</x><y>3089</y><time>undefined</time></pt><pt><x>1621</x><y>3089</y><time>undefined</time></pt><closed_date>21-08-20 23:13:08:781</closed_date></polygon></object></annotation>