<annotation><filename>img_m1_s10_270_p_nic056.jpg</filename><folder>users/joselusava//santiago</folder><source><submittedBy>Jose Saca</submittedBy></source><imagesize><nrows>3200</nrows><ncols>4800</ncols></imagesize><object><name>m1_s10_270_p_nic056</name><deleted>0</deleted><verified>0</verified><occluded>no</occluded><attributes></attributes><parts><hasparts></hasparts><ispartof></ispartof></parts><date>27-08-20 14:32:54:726</date><id>0</id><type>bounding_box</type><polygon><username>anonymous</username><pt><x>2894</x><y>1400</y><time>27-08-20 14:32:44:270</time></pt><pt><x>4298</x><y>1400</y><time>27-08-20 14:32:47:082</time></pt><pt><x>4298</x><y>2667</y><time>undefined</time></pt><pt><x>2894</x><y>2667</y><time>undefined</time></pt><closed_date>27-08-20 14:32:47:083</closed_date></polygon></object></annotation>