<annotation><filename>m1_s07_194_p_ic052.jpg</filename><folder>users/joselusava//santiago</folder><source><submittedBy>Jose Saca</submittedBy></source><imagesize><nrows>3200</nrows><ncols>4800</ncols></imagesize><object><name>m1_s07_194_p_ic052</name><deleted>0</deleted><verified>0</verified><occluded>no</occluded><attributes></attributes><parts><hasparts></hasparts><ispartof></ispartof></parts><date>21-08-20 19:25:07:002</date><id>0</id><type>bounding_box</type><polygon><username>anonymous</username><pt><x>1519</x><y>115</y><time>21-08-20 19:24:49:091</time></pt><pt><x>3139</x><y>115</y><time>21-08-20 19:24:56:119</time></pt><pt><x>3139</x><y>3132</y><time>undefined</time></pt><pt><x>1519</x><y>3132</y><time>undefined</time></pt><closed_date>21-08-20 19:24:56:120</closed_date></polygon></object></annotation>