<annotation><filename>img_m1_s10_270_p_ic006.jpg</filename><folder>users/joselusava//santiago</folder><source><submittedBy>Jose Saca</submittedBy></source><imagesize><nrows>3200</nrows><ncols>4800</ncols></imagesize><object><name>m1_s10_270_p_ic006</name><deleted>0</deleted><verified>0</verified><occluded>no</occluded><attributes></attributes><parts><hasparts></hasparts><ispartof></ispartof></parts><date>26-08-20 13:38:14:470</date><id>0</id><type>bounding_box</type><polygon><username>anonymous</username><pt><x>1472</x><y>752</y><time>26-08-20 13:38:01:430</time></pt><pt><x>3452</x><y>752</y><time>26-08-20 13:38:04:940</time></pt><pt><x>3452</x><y>2736</y><time>undefined</time></pt><pt><x>1472</x><y>2736</y><time>undefined</time></pt><closed_date>26-08-20 13:38:04:942</closed_date></polygon></object></annotation>