<annotation><filename>img_m1_s10_270_p_nic094.jpg</filename><folder>users/joselusava//santiago</folder><source><submittedBy>Jose Saca</submittedBy></source><imagesize><nrows>3200</nrows><ncols>4800</ncols></imagesize><object><name>m1_s10_270_p_nic094</name><deleted>0</deleted><verified>0</verified><occluded>no</occluded><attributes></attributes><parts><hasparts></hasparts><ispartof></ispartof></parts><date>28-08-20 14:49:17:080</date><id>0</id><type>bounding_box</type><polygon><username>anonymous</username><pt><x>2015</x><y>450</y><time>28-08-20 14:49:06:272</time></pt><pt><x>3779</x><y>450</y><time>28-08-20 14:49:10:739</time></pt><pt><x>3779</x><y>1771</y><time>undefined</time></pt><pt><x>2015</x><y>1771</y><time>undefined</time></pt><closed_date>28-08-20 14:49:10:741</closed_date></polygon></object></annotation>