<annotation><filename>m1_s05_115_p_ic081.jpg</filename><folder>users/joselusava//jacob/sala5_115_ic</folder><source><submittedBy>Jose Saca</submittedBy></source><imagesize><nrows>3200</nrows><ncols>4796</ncols></imagesize><object><name>m1_s05_115_p_ic081</name><deleted>0</deleted><verified>0</verified><occluded>no</occluded><attributes></attributes><parts><hasparts></hasparts><ispartof></ispartof></parts><date>30-08-20 21:27:20:061</date><id>0</id><type>bounding_box</type><polygon><username>anonymous</username><pt><x>1254</x><y>2680</y><time>30-08-20 21:27:17:705</time></pt><pt><x>3226</x><y>2680</y><time>30-08-20 21:27:19:105</time></pt><pt><x>3226</x><y>584</y><time>undefined</time></pt><pt><x>1254</x><y>584</y><time>undefined</time></pt><closed_date>30-08-20 21:27:19:105</closed_date></polygon></object></annotation>