<annotation><filename>m1_s05_115_p_ic047.jpg</filename><folder>users/joselusava//jacob/sala5_115_ic</folder><source><submittedBy>Jose Saca</submittedBy></source><imagesize><nrows>3200</nrows><ncols>4796</ncols></imagesize><object><name>m1_s05_115_p_ic047</name><deleted>0</deleted><verified>0</verified><occluded>no</occluded><attributes></attributes><parts><hasparts></hasparts><ispartof></ispartof></parts><date>30-08-20 21:06:46:537</date><id>0</id><type>bounding_box</type><polygon><username>anonymous</username><pt><x>3398</x><y>134</y><time>30-08-20 21:06:44:295</time></pt><pt><x>756</x><y>134</y><time>30-08-20 21:06:45:674</time></pt><pt><x>756</x><y>3015</y><time>undefined</time></pt><pt><x>3398</x><y>3015</y><time>undefined</time></pt><closed_date>30-08-20 21:06:45:674</closed_date></polygon></object></annotation>