<annotation><filename>img_m1_s01_270_p_ic049.jpg</filename><folder>users/joselusava//santiago</folder><source><submittedBy>Jose Saca</submittedBy></source><imagesize><nrows>3200</nrows><ncols>4800</ncols></imagesize><object><name>m1_s10_270_p_ic049</name><deleted>0</deleted><verified>0</verified><occluded>no</occluded><attributes></attributes><parts><hasparts></hasparts><ispartof></ispartof></parts><date>26-08-20 21:49:36:439</date><id>0</id><type>bounding_box</type><polygon><username>anonymous</username><pt><x>781</x><y>867</y><time>26-08-20 21:49:24:447</time></pt><pt><x>3171</x><y>867</y><time>26-08-20 21:49:29:679</time></pt><pt><x>3171</x><y>2678</y><time>undefined</time></pt><pt><x>781</x><y>2678</y><time>undefined</time></pt><closed_date>26-08-20 21:49:29:680</closed_date></polygon></object></annotation>