<annotation><filename>m1_s07_194_p_nic092.jpg</filename><folder>users/joselusava//santiago</folder><source><submittedBy>Jose Saca</submittedBy></source><imagesize><nrows>3200</nrows><ncols>4800</ncols></imagesize><object><name>m1_s07_194_p_nic092</name><deleted>0</deleted><verified>0</verified><occluded>no</occluded><attributes></attributes><parts><hasparts></hasparts><ispartof></ispartof></parts><date>24-08-20 15:17:09:902</date><id>0</id><type>bounding_box</type><polygon><username>anonymous</username><pt><x>1224</x><y>180</y><time>24-08-20 15:17:00:002</time></pt><pt><x>2552</x><y>180</y><time>24-08-20 15:17:02:115</time></pt><pt><x>2552</x><y>2088</y><time>undefined</time></pt><pt><x>1224</x><y>2088</y><time>undefined</time></pt><closed_date>24-08-20 15:17:02:117</closed_date></polygon></object></annotation>