<annotation><filename>m1_s07_194_p_ic045.jpg</filename><folder>users/joselusava//santiago</folder><source><submittedBy>Jose Saca</submittedBy></source><imagesize><nrows>3200</nrows><ncols>4800</ncols></imagesize><object><name>m1_s07_194_p_ic045</name><deleted>0</deleted><verified>0</verified><occluded>no</occluded><attributes></attributes><parts><hasparts></hasparts><ispartof></ispartof></parts><date>21-08-20 18:59:29:208</date><id>0</id><type>bounding_box</type><polygon><username>anonymous</username><pt><x>1429</x><y>151</y><time>21-08-20 18:59:14:680</time></pt><pt><x>3344</x><y>151</y><time>21-08-20 18:59:19:404</time></pt><pt><x>3344</x><y>3024</y><time>undefined</time></pt><pt><x>1429</x><y>3024</y><time>undefined</time></pt><closed_date>21-08-20 18:59:19:405</closed_date></polygon></object></annotation>