<annotation><filename>img_m1_s10_270_p_ic004.jpg</filename><folder>users/joselusava//santiago</folder><source><submittedBy>Jose Saca</submittedBy></source><imagesize><nrows>3200</nrows><ncols>4800</ncols></imagesize><object><name>m1_s10_270_p_ic004</name><deleted>0</deleted><verified>0</verified><occluded>no</occluded><attributes></attributes><parts><hasparts></hasparts><ispartof></ispartof></parts><date>26-08-20 13:34:48:611</date><id>0</id><type>bounding_box</type><polygon><username>anonymous</username><pt><x>1519</x><y>184</y><time>26-08-20 13:34:36:559</time></pt><pt><x>3754</x><y>184</y><time>26-08-20 13:34:39:802</time></pt><pt><x>3754</x><y>2674</y><time>undefined</time></pt><pt><x>1519</x><y>2674</y><time>undefined</time></pt><closed_date>26-08-20 13:34:39:804</closed_date></polygon></object></annotation>