<annotation><filename>m1_s05_115_p_ic072.jpg</filename><folder>users/joselusava//jacob/sala5_115_ic</folder><source><submittedBy>Jose Saca</submittedBy></source><imagesize><nrows>3200</nrows><ncols>4796</ncols></imagesize><object><name>m1_s05_115_p_ic072</name><deleted>0</deleted><verified>0</verified><occluded>no</occluded><attributes></attributes><parts><hasparts>0</hasparts><ispartof>0</ispartof></parts><date>30-08-20 21:18:08:096</date><id>0</id><type>bounding_box</type><polygon><username>anonymous</username><pt><x>1024</x><y>2364</y><time>30-08-20 21:18:05:531</time></pt><pt><x>3676</x><y>2364</y><time>30-08-20 21:18:07:283</time></pt><pt><x>3676</x><y>507</y><time>undefined</time></pt><pt><x>1024</x><y>507</y><time>undefined</time></pt><closed_date>30-08-20 21:18:07:284</closed_date></polygon></object></annotation>