<annotation><filename>m1_s07_208_x.jpg</filename><folder>users/joselusava//santiago</folder><source><submittedBy>Jose Saca</submittedBy></source><imagesize><nrows>3200</nrows><ncols>4800</ncols></imagesize><object><name>m1_s07_208_x</name><deleted>0</deleted><verified>0</verified><occluded>no</occluded><attributes></attributes><parts><hasparts></hasparts><ispartof></ispartof></parts><date>24-08-20 16:28:23:663</date><id>0</id><type>bounding_box</type><polygon><username>anonymous</username><pt><x>853</x><y>504</y><time>24-08-20 16:28:09:700</time></pt><pt><x>3952</x><y>504</y><time>24-08-20 16:28:16:615</time></pt><pt><x>3952</x><y>2750</y><time>undefined</time></pt><pt><x>853</x><y>2750</y><time>undefined</time></pt><closed_date>24-08-20 16:28:16:616</closed_date></polygon></object></annotation>