<annotation><filename>img_m1_s10_270_p_nic063.jpg</filename><folder>users/joselusava//santiago</folder><source><submittedBy>Jose Saca</submittedBy></source><imagesize><nrows>3200</nrows><ncols>4800</ncols></imagesize><object><name>m1_s10_270_p_nic063</name><deleted>0</deleted><verified>0</verified><occluded>no</occluded><attributes></attributes><parts><hasparts></hasparts><ispartof></ispartof></parts><date>28-08-20 13:57:49:768</date><id>0</id><type>bounding_box</type><polygon><username>anonymous</username><pt><x>1058</x><y>364</y><time>28-08-20 13:57:38:987</time></pt><pt><x>2412</x><y>364</y><time>28-08-20 13:57:43:077</time></pt><pt><x>2412</x><y>1631</y><time>undefined</time></pt><pt><x>1058</x><y>1631</y><time>undefined</time></pt><closed_date>28-08-20 13:57:43:079</closed_date></polygon></object></annotation>