<annotation><filename>m1_s05_115_p_ic001.jpg</filename><folder>users/joselusava//jacob/sala5_115_ic</folder><source><submittedBy>Jose Saca</submittedBy></source><imagesize><nrows>3200</nrows><ncols>4796</ncols></imagesize><object><name>m1_s05_115_p_ic001</name><deleted>0</deleted><verified>0</verified><occluded>no</occluded><attributes></attributes><parts><hasparts></hasparts><ispartof></ispartof></parts><date>30-08-20 14:26:55:394</date><id>0</id><type>bounding_box</type><polygon><username>anonymous</username><pt><x>2983</x><y>2457</y><time>30-08-20 14:26:49:663</time></pt><pt><x>1792</x><y>2457</y><time>30-08-20 14:26:51:253</time></pt><pt><x>1792</x><y>727</y><time>undefined</time></pt><pt><x>2983</x><y>727</y><time>undefined</time></pt><closed_date>30-08-20 14:26:51:253</closed_date></polygon></object></annotation>