<annotation><filename>m1_s07_194_p_ic036.jpg</filename><folder>users/joselusava//santiago</folder><source><submittedBy>Jose Saca</submittedBy></source><imagesize><nrows>3200</nrows><ncols>4800</ncols></imagesize><object><name>m1_s07_194_p_ic036</name><deleted>0</deleted><verified>0</verified><occluded>no</occluded><attributes></attributes><parts><hasparts></hasparts><ispartof></ispartof></parts><date>21-08-20 18:17:07:456</date><id>0</id><type>bounding_box</type><polygon><username>anonymous</username><pt><x>1260</x><y>202</y><time>21-08-20 18:16:46:452</time></pt><pt><x>2919</x><y>202</y><time>21-08-20 18:16:53:675</time></pt><pt><x>2919</x><y>2941</y><time>undefined</time></pt><pt><x>1260</x><y>2941</y><time>undefined</time></pt><closed_date>21-08-20 18:16:53:677</closed_date></polygon></object></annotation>