<annotation><filename>m1_s05_138_p_nic001.jpg</filename><folder>users/joselusava//jacob/138</folder><source><submittedBy>Jose Saca</submittedBy></source><imagesize><nrows>3200</nrows><ncols>4800</ncols></imagesize><object><name>m1_s05_138_p_nic001</name><deleted>0</deleted><verified>0</verified><occluded>no</occluded><attributes></attributes><parts><hasparts></hasparts><ispartof></ispartof></parts><date>23-08-20 23:21:56:587</date><id>0</id><type>bounding_box</type><polygon><username>anonymous</username><pt><x>4364</x><y>2819</y><time>23-08-20 23:21:48:042</time></pt><pt><x>3595</x><y>2819</y><time>23-08-20 23:21:51:461</time></pt><pt><x>3595</x><y>1953</y><time>undefined</time></pt><pt><x>4364</x><y>1953</y><time>undefined</time></pt><closed_date>23-08-20 23:21:51:463</closed_date></polygon></object></annotation>