<annotation><filename>m1_s05_138_p_ic061.jpg</filename><folder>users/joselusava//jacob</folder><source><submittedBy>Jose Saca</submittedBy></source><imagesize><nrows>3200</nrows><ncols>4800</ncols></imagesize><object><name>m1_s05_138_p_ic061</name><deleted>0</deleted><verified>0</verified><occluded>no</occluded><attributes></attributes><parts><hasparts></hasparts><ispartof></ispartof></parts><date>21-08-20 22:39:38:536</date><id>0</id><type>bounding_box</type><polygon><username>anonymous</username><pt><x>3221</x><y>208</y><time>21-08-20 22:39:32:548</time></pt><pt><x>1842</x><y>208</y><time>21-08-20 22:39:35:159</time></pt><pt><x>1842</x><y>2611</y><time>undefined</time></pt><pt><x>3221</x><y>2611</y><time>undefined</time></pt><closed_date>21-08-20 22:39:35:159</closed_date></polygon></object></annotation>