<annotation><filename>m1_s05_115_p_ic067.jpg</filename><folder>users/joselusava//jacob/sala5_115_ic</folder><source><submittedBy>Jose Saca</submittedBy></source><imagesize><nrows>3200</nrows><ncols>4796</ncols></imagesize><object><name>m1_s05_115_p_ic067</name><deleted>0</deleted><verified>0</verified><occluded>no</occluded><attributes></attributes><parts><hasparts></hasparts><ispartof></ispartof></parts><date>30-08-20 21:14:18:123</date><id>0</id><type>bounding_box</type><polygon><username>anonymous</username><pt><x>919</x><y>2633</y><time>30-08-20 21:14:14:743</time></pt><pt><x>3791</x><y>2633</y><time>30-08-20 21:14:17:406</time></pt><pt><x>3791</x><y>661</y><time>undefined</time></pt><pt><x>919</x><y>661</y><time>undefined</time></pt><closed_date>30-08-20 21:14:17:407</closed_date></polygon></object></annotation>