<annotation><filename>m1_s05_138_p_nic074.jpg</filename><folder>users/joselusava//jacob/138</folder><source><submittedBy>Jose Saca</submittedBy></source><imagesize><nrows>3200</nrows><ncols>4800</ncols></imagesize><object><name>m1_s05_138_p_nic074</name><deleted>0</deleted><verified>0</verified><occluded>no</occluded><attributes></attributes><parts><hasparts></hasparts><ispartof></ispartof></parts><date>24-08-20 12:41:09:271</date><id>0</id><type>bounding_box</type><polygon><username>anonymous</username><pt><x>4142</x><y>2944</y><time>24-08-20 12:41:04:104</time></pt><pt><x>3068</x><y>2944</y><time>24-08-20 12:41:07:673</time></pt><pt><x>3068</x><y>1662</y><time>undefined</time></pt><pt><x>4142</x><y>1662</y><time>undefined</time></pt><closed_date>24-08-20 12:41:07:674</closed_date></polygon></object></annotation>