<annotation><filename>img_m1_s10_270_p_ic019.jpg</filename><folder>users/joselusava//santiago</folder><source><submittedBy>Jose Saca</submittedBy></source><imagesize><nrows>3200</nrows><ncols>4800</ncols></imagesize><object><name>m1_s10_270_p_ic019</name><deleted>0</deleted><verified>0</verified><occluded>no</occluded><attributes></attributes><parts><hasparts></hasparts><ispartof></ispartof></parts><date>26-08-20 18:47:31:344</date><id>0</id><type>bounding_box</type><polygon><username>anonymous</username><pt><x>896</x><y>630</y><time>26-08-20 18:47:21:460</time></pt><pt><x>3596</x><y>630</y><time>26-08-20 18:47:24:460</time></pt><pt><x>3596</x><y>2754</y><time>undefined</time></pt><pt><x>896</x><y>2754</y><time>undefined</time></pt><closed_date>26-08-20 18:47:24:461</closed_date></polygon></object></annotation>