<annotation><filename>m1_s05_138_p_nic099.jpg</filename><folder>users/joselusava//jacob/138</folder><source><submittedBy>Jose Saca</submittedBy></source><imagesize><nrows>3200</nrows><ncols>4800</ncols></imagesize><object><name>m1_s05_138_p_nic099</name><deleted>0</deleted><verified>0</verified><occluded>no</occluded><attributes></attributes><parts><hasparts></hasparts><ispartof></ispartof></parts><date>24-08-20 12:52:43:230</date><id>0</id><type>bounding_box</type><polygon><username>anonymous</username><pt><x>2674</x><y>242</y><time>24-08-20 12:52:39:331</time></pt><pt><x>1461</x><y>242</y><time>24-08-20 12:52:42:388</time></pt><pt><x>1461</x><y>1898</y><time>undefined</time></pt><pt><x>2674</x><y>1898</y><time>undefined</time></pt><closed_date>24-08-20 12:52:42:388</closed_date></polygon></object></annotation>