<annotation><filename>img_m1_s10_303_p_ic071.jpg</filename><folder>users/joselusava//santiago</folder><source><submittedBy>Jose Saca</submittedBy></source><imagesize><nrows>3200</nrows><ncols>4800</ncols></imagesize><object><name>m1_s10_303_p_ic071</name><deleted>0</deleted><verified>0</verified><occluded>no</occluded><attributes></attributes><parts><hasparts></hasparts><ispartof></ispartof></parts><date>31-08-20 14:43:46:065</date><id>0</id><type>bounding_box</type><polygon><username>anonymous</username><pt><x>1101</x><y>936</y><time>31-08-20 14:43:35:118</time></pt><pt><x>3664</x><y>936</y><time>31-08-20 14:43:39:078</time></pt><pt><x>3664</x><y>2070</y><time>undefined</time></pt><pt><x>1101</x><y>2070</y><time>undefined</time></pt><closed_date>31-08-20 14:43:39:079</closed_date></polygon></object></annotation>