<annotation><filename>m1_s05_139_x.jpg</filename><folder>users/joselusava//jacob/sala5</folder><source><submittedBy>Jose Saca</submittedBy></source><imagesize><nrows>3200</nrows><ncols>4800</ncols></imagesize><object><name>m1_s05_139_x</name><deleted>0</deleted><verified>0</verified><occluded>no</occluded><attributes></attributes><parts><hasparts></hasparts><ispartof></ispartof></parts><date>25-08-20 18:23:59:656</date><id>0</id><type>bounding_box</type><polygon><username>anonymous</username><pt><x>4059</x><y>111</y><time>25-08-20 18:23:49:868</time></pt><pt><x>810</x><y>111</y><time>25-08-20 18:23:53:387</time></pt><pt><x>810</x><y>2888</y><time>undefined</time></pt><pt><x>4059</x><y>2888</y><time>undefined</time></pt><closed_date>25-08-20 18:23:53:388</closed_date></polygon></object></annotation>