<annotation><filename>img_m1_s10_303_p_ic091.jpg</filename><folder>users/joselusava//santiago</folder><source><submittedBy>Jose Saca</submittedBy></source><imagesize><nrows>3200</nrows><ncols>4800</ncols></imagesize><object><name>m1_s10_303_p_ic091</name><deleted>0</deleted><verified>0</verified><occluded>no</occluded><attributes></attributes><parts><hasparts></hasparts><ispartof></ispartof></parts><date>01-09-20 15:48:48:220</date><id>0</id><type>bounding_box</type><polygon><username>anonymous</username><pt><x>691</x><y>1181</y><time>01-09-20 15:48:39:763</time></pt><pt><x>3571</x><y>1181</y><time>01-09-20 15:48:41:672</time></pt><pt><x>3571</x><y>2491</y><time>undefined</time></pt><pt><x>691</x><y>2491</y><time>undefined</time></pt><closed_date>01-09-20 15:48:41:673</closed_date></polygon></object></annotation>