<annotation><filename>m1_s08_247_x.jpg</filename><folder>users/joselusava//santiago</folder><source><submittedBy>Jose Saca</submittedBy></source><imagesize><nrows>3200</nrows><ncols>4800</ncols></imagesize><object><name>m1_s08_247_x</name><deleted>0</deleted><verified>0</verified><occluded>no</occluded><attributes></attributes><parts><hasparts></hasparts><ispartof></ispartof></parts><date>25-08-20 13:41:49:028</date><id>0</id><type>bounding_box</type><polygon><username>anonymous</username><pt><x>1343</x><y>475</y><time>25-08-20 13:41:39:360</time></pt><pt><x>3297</x><y>475</y><time>25-08-20 13:41:42:452</time></pt><pt><x>3297</x><y>2847</y><time>undefined</time></pt><pt><x>1343</x><y>2847</y><time>undefined</time></pt><closed_date>25-08-20 13:41:42:453</closed_date></polygon></object></annotation>