<annotation><filename>m1_s05_115_p_nic086.jpg</filename><folder>users/joselusava//jacob/sala5_115_nic</folder><source><submittedBy>Jose Saca</submittedBy></source><imagesize><nrows>3200</nrows><ncols>4796</ncols></imagesize><object><name>m1_s05_115_p_nic086</name><deleted>0</deleted><verified>0</verified><occluded>no</occluded><attributes></attributes><parts><hasparts></hasparts><ispartof></ispartof></parts><date>31-08-20 00:01:21:692</date><id>0</id><type>bounding_box</type><polygon><username>anonymous</username><pt><x>1551</x><y>2939</y><time>31-08-20 00:01:20:143</time></pt><pt><x>2518</x><y>2939</y><time>31-08-20 00:01:21:073</time></pt><pt><x>2518</x><y>1905</y><time>undefined</time></pt><pt><x>1551</x><y>1905</y><time>undefined</time></pt><closed_date>31-08-20 00:01:21:074</closed_date></polygon></object></annotation>