<annotation><filename>m1_s07_194_p_ic074.jpg</filename><folder>users/joselusava//santiago</folder><source><submittedBy>Jose Saca</submittedBy></source><imagesize><nrows>3200</nrows><ncols>4800</ncols></imagesize><object><name>m1_s07_194_p_ic074</name><deleted>0</deleted><verified>0</verified><occluded>no</occluded><attributes></attributes><parts><hasparts></hasparts><ispartof></ispartof></parts><date>22-08-20 16:59:29:751</date><id>0</id><type>bounding_box</type><polygon><username>anonymous</username><pt><x>1206</x><y>536</y><time>22-08-20 16:59:14:260</time></pt><pt><x>3225</x><y>536</y><time>22-08-20 16:59:18:693</time></pt><pt><x>3225</x><y>2570</y><time>undefined</time></pt><pt><x>1206</x><y>2570</y><time>undefined</time></pt><closed_date>22-08-20 16:59:18:694</closed_date></polygon></object></annotation>