<annotation><filename>img_m1_s10_303_p_ic053.jpg</filename><folder>users/joselusava//santiago</folder><source><submittedBy>Jose Saca</submittedBy></source><imagesize><nrows>3200</nrows><ncols>4800</ncols></imagesize><object><name>m1_s10_303_p_ic053</name><deleted>0</deleted><verified>0</verified><occluded>no</occluded><attributes></attributes><parts><hasparts></hasparts><ispartof></ispartof></parts><date>31-08-20 13:58:59:902</date><id>0</id><type>bounding_box</type><polygon><username>anonymous</username><pt><x>1587</x><y>1523</y><time>31-08-20 13:58:47:298</time></pt><pt><x>2862</x><y>1523</y><time>31-08-20 13:58:51:599</time></pt><pt><x>2862</x><y>2444</y><time>undefined</time></pt><pt><x>1587</x><y>2444</y><time>undefined</time></pt><closed_date>31-08-20 13:58:51:602</closed_date></polygon></object></annotation>