<annotation><filename>m1_s07_194_p_nic034.jpg</filename><folder>users/joselusava//santiago</folder><source><submittedBy>Jose Saca</submittedBy></source><imagesize><nrows>3200</nrows><ncols>4800</ncols></imagesize><object><name>m1_s07_194_p_nic034</name><deleted>0</deleted><verified>0</verified><occluded>no</occluded><attributes></attributes><parts><hasparts></hasparts><ispartof></ispartof></parts><date>24-08-20 13:01:08:099</date><id>0</id><type>bounding_box</type><polygon><username>anonymous</username><pt><x>3636</x><y>1242</y><time>24-08-20 13:00:56:011</time></pt><pt><x>4557</x><y>1242</y><time>24-08-20 13:00:59:109</time></pt><pt><x>4557</x><y>2826</y><time>undefined</time></pt><pt><x>3636</x><y>2826</y><time>undefined</time></pt><closed_date>24-08-20 13:00:59:110</closed_date></polygon></object></annotation>