<annotation><filename>m1_s07_194_p_ic058.jpg</filename><folder>users/joselusava//santiago</folder><source><submittedBy>Jose Saca</submittedBy></source><imagesize><nrows>3200</nrows><ncols>4800</ncols></imagesize><object><name>m1_s07_194_p_ic058</name><deleted>0</deleted><verified>0</verified><occluded>no</occluded><attributes></attributes><parts><hasparts></hasparts><ispartof></ispartof></parts><date>22-08-20 16:15:41:681</date><id>0</id><type>bounding_box</type><polygon><username>anonymous</username><pt><x>1325</x><y>43</y><time>22-08-20 16:15:20:354</time></pt><pt><x>2746</x><y>43</y><time>22-08-20 16:15:27:048</time></pt><pt><x>2746</x><y>3114</y><time>undefined</time></pt><pt><x>1325</x><y>3114</y><time>undefined</time></pt><closed_date>22-08-20 16:15:27:049</closed_date></polygon></object></annotation>