<annotation><filename>m1_s05_138_p_ic080.jpg</filename><folder>users/joselusava//jacob</folder><source><submittedBy>Jose Saca</submittedBy></source><imagesize><nrows>3200</nrows><ncols>4800</ncols></imagesize><object><name>m1_s05_138_p_ic080</name><deleted>0</deleted><verified>0</verified><occluded>no</occluded><attributes></attributes><parts><hasparts></hasparts><ispartof></ispartof></parts><date>21-08-20 22:54:42:562</date><id>0</id><type>bounding_box</type><polygon><username>anonymous</username><pt><x>2708</x><y>2466</y><time>21-08-20 22:54:36:197</time></pt><pt><x>1690</x><y>2466</y><time>21-08-20 22:54:38:805</time></pt><pt><x>1690</x><y>519</y><time>undefined</time></pt><pt><x>2708</x><y>519</y><time>undefined</time></pt><closed_date>21-08-20 22:54:38:805</closed_date></polygon></object></annotation>