<annotation><filename>img_m1_s10_270_p_nic015.jpg</filename><folder>users/joselusava//santiago</folder><source><submittedBy>Jose Saca</submittedBy></source><imagesize><nrows>3200</nrows><ncols>4800</ncols></imagesize><object><name>m1_s10_270_p_nic015</name><deleted>0</deleted><verified>0</verified><occluded>no</occluded><attributes></attributes><parts><hasparts></hasparts><ispartof></ispartof></parts><date>27-08-20 12:59:20:493</date><id>0</id><type>bounding_box</type><polygon><username>anonymous</username><pt><x>421</x><y>813</y><time>27-08-20 12:59:09:327</time></pt><pt><x>2217</x><y>813</y><time>27-08-20 12:59:12:995</time></pt><pt><x>2217</x><y>2225</y><time>undefined</time></pt><pt><x>421</x><y>2225</y><time>undefined</time></pt><closed_date>27-08-20 12:59:12:996</closed_date></polygon></object></annotation>