<annotation><filename>m1_s07_194_p_nic075.jpg</filename><folder>users/joselusava//santiago</folder><source><submittedBy>Jose Saca</submittedBy></source><imagesize><nrows>3200</nrows><ncols>4800</ncols></imagesize><object><name>m1_s07_194_p_nic075</name><deleted>0</deleted><verified>0</verified><occluded>no</occluded><attributes></attributes><parts><hasparts></hasparts><ispartof></ispartof></parts><date>24-08-20 14:32:30:829</date><id>0</id><type>bounding_box</type><polygon><username>anonymous</username><pt><x>2351</x><y>346</y><time>24-08-20 14:32:22:310</time></pt><pt><x>3337</x><y>346</y><time>24-08-20 14:32:23:830</time></pt><pt><x>3337</x><y>2052</y><time>undefined</time></pt><pt><x>2351</x><y>2052</y><time>undefined</time></pt><closed_date>24-08-20 14:32:23:832</closed_date></polygon></object></annotation>