<annotation><filename>m1_s08_240_x.jpg</filename><folder>users/joselusava//santiago</folder><source><submittedBy>Jose Saca</submittedBy></source><imagesize><nrows>3200</nrows><ncols>4800</ncols></imagesize><object><name>m1_s08_240_x</name><deleted>0</deleted><verified>0</verified><occluded>no</occluded><attributes></attributes><parts><hasparts></hasparts><ispartof></ispartof></parts><date>25-08-20 13:31:20:916</date><id>0</id><type>bounding_box</type><polygon><username>anonymous</username><pt><x>1580</x><y>104</y><time>25-08-20 13:31:08:893</time></pt><pt><x>3578</x><y>104</y><time>25-08-20 13:31:14:116</time></pt><pt><x>3578</x><y>2761</y><time>undefined</time></pt><pt><x>1580</x><y>2761</y><time>undefined</time></pt><closed_date>25-08-20 13:31:14:117</closed_date></polygon></object></annotation>