<annotation><filename>m1_s07_194_p_nic091.jpg</filename><folder>users/joselusava//santiago</folder><source><submittedBy>Jose Saca</submittedBy></source><imagesize><nrows>3200</nrows><ncols>4800</ncols></imagesize><object><name>m1_s07_194_p_nic091</name><deleted>0</deleted><verified>0</verified><occluded>no</occluded><attributes></attributes><parts><hasparts></hasparts><ispartof></ispartof></parts><date>24-08-20 15:15:42:734</date><id>0</id><type>bounding_box</type><polygon><username>anonymous</username><pt><x>1451</x><y>194</y><time>24-08-20 15:15:34:440</time></pt><pt><x>2692</x><y>194</y><time>24-08-20 15:15:35:518</time></pt><pt><x>2692</x><y>1965</y><time>undefined</time></pt><pt><x>1451</x><y>1965</y><time>undefined</time></pt><closed_date>24-08-20 15:15:35:519</closed_date></polygon></object></annotation>