<annotation><filename>m1_s05_119_x.jpg</filename><folder>users/joselusava//jacob/sala5</folder><source><submittedBy>Jose Saca</submittedBy></source><imagesize><nrows>3200</nrows><ncols>4800</ncols></imagesize><object><name>m1_s05_119_x</name><deleted>0</deleted><verified>0</verified><occluded>no</occluded><attributes></attributes><parts><hasparts></hasparts><ispartof></ispartof></parts><date>24-08-20 20:00:06:406</date><id>0</id><type>bounding_box</type><polygon><username>anonymous</username><pt><x>1212</x><y>810</y><time>24-08-20 20:00:01:684</time></pt><pt><x>3484</x><y>810</y><time>24-08-20 20:00:04:971</time></pt><pt><x>3484</x><y>2597</y><time>undefined</time></pt><pt><x>1212</x><y>2597</y><time>undefined</time></pt><closed_date>24-08-20 20:00:04:971</closed_date></polygon></object></annotation>