<annotation><filename>img_m1_s10_270_p_ic071.jpg</filename><folder>users/joselusava//santiago</folder><source><submittedBy>Jose Saca</submittedBy></source><imagesize><nrows>3200</nrows><ncols>4800</ncols></imagesize><object><name>m1_s10_270_p_ic071</name><deleted>0</deleted><verified>0</verified><occluded>no</occluded><attributes></attributes><parts><hasparts></hasparts><ispartof></ispartof></parts><date>26-08-20 23:48:25:411</date><id>0</id><type>bounding_box</type><polygon><username>anonymous</username><pt><x>860</x><y>526</y><time>26-08-20 23:48:14:555</time></pt><pt><x>3247</x><y>526</y><time>26-08-20 23:48:17:220</time></pt><pt><x>3247</x><y>2574</y><time>undefined</time></pt><pt><x>860</x><y>2574</y><time>undefined</time></pt><closed_date>26-08-20 23:48:17:222</closed_date></polygon></object></annotation>