<annotation><filename>m1_s07_194_p_nic037.jpg</filename><folder>users/joselusava//santiago</folder><source><submittedBy>Jose Saca</submittedBy></source><imagesize><nrows>3200</nrows><ncols>4800</ncols></imagesize><object><name>m1_s07_194_p_nic037</name><deleted>0</deleted><verified>0</verified><occluded>no</occluded><attributes></attributes><parts><hasparts></hasparts><ispartof></ispartof></parts><date>24-08-20 13:08:21:484</date><id>0</id><type>bounding_box</type><polygon><username>anonymous</username><pt><x>3226</x><y>812</y><time>24-08-20 13:08:09:258</time></pt><pt><x>4438</x><y>812</y><time>24-08-20 13:08:14:308</time></pt><pt><x>4438</x><y>2314</y><time>undefined</time></pt><pt><x>3226</x><y>2314</y><time>undefined</time></pt><closed_date>24-08-20 13:08:14:310</closed_date></polygon></object></annotation>