<annotation><filename>m1_s07_194_p.jpg</filename><folder>users/joselusava//santiago</folder><source><submittedBy>Jose Saca</submittedBy></source><imagesize><nrows>3200</nrows><ncols>4800</ncols></imagesize><object><name>m1_s07_194_p</name><deleted>0</deleted><verified>0</verified><occluded>no</occluded><attributes></attributes><parts><hasparts></hasparts><ispartof></ispartof></parts><date>21-08-20 12:13:13:287</date><id>0</id><type>bounding_box</type><polygon><username>anonymous</username><pt><x>1440</x><y>282</y><time>21-08-20 12:12:52:319</time></pt><pt><x>3398</x><y>282</y><time>21-08-20 12:13:02:631</time></pt><pt><x>3398</x><y>2899</y><time>undefined</time></pt><pt><x>1440</x><y>2899</y><time>undefined</time></pt><closed_date>21-08-20 12:13:02:633</closed_date></polygon></object></annotation>