<annotation><filename>m1_s07_194_p_nic059.jpg</filename><folder>users/joselusava//santiago</folder><source><submittedBy>Jose Saca</submittedBy></source><imagesize><nrows>3200</nrows><ncols>4800</ncols></imagesize><object><name>m1_s07_194_p_nic059</name><deleted>0</deleted><verified>0</verified><occluded>no</occluded><attributes></attributes><parts><hasparts></hasparts><ispartof></ispartof></parts><date>24-08-20 13:55:50:882</date><id>0</id><type>bounding_box</type><polygon><username>anonymous</username><pt><x>3456</x><y>580</y><time>24-08-20 13:55:40:676</time></pt><pt><x>4550</x><y>580</y><time>24-08-20 13:55:43:374</time></pt><pt><x>4550</x><y>2322</y><time>undefined</time></pt><pt><x>3456</x><y>2322</y><time>undefined</time></pt><closed_date>24-08-20 13:55:43:375</closed_date></polygon></object></annotation>