<annotation><filename>m1_s05_138_p_nic051.jpg</filename><folder>users/joselusava//jacob/138</folder><source><submittedBy>Jose Saca</submittedBy></source><imagesize><nrows>3200</nrows><ncols>4800</ncols></imagesize><object><name>m1_s05_138_p_nic051</name><deleted>0</deleted><verified>0</verified><occluded>no</occluded><attributes></attributes><parts><hasparts></hasparts><ispartof></ispartof></parts><date>23-08-20 23:48:37:727</date><id>0</id><type>bounding_box</type><polygon><username>anonymous</username><pt><x>1389</x><y>1763</y><time>23-08-20 23:48:32:420</time></pt><pt><x>201</x><y>1763</y><time>23-08-20 23:48:34:246</time></pt><pt><x>201</x><y>278</y><time>undefined</time></pt><pt><x>1389</x><y>278</y><time>undefined</time></pt><closed_date>23-08-20 23:48:34:246</closed_date></polygon></object></annotation>