<annotation><filename>m1_s07_194_p_ic076.jpg</filename><folder>users/joselusava//santiago</folder><source><submittedBy>Jose Saca</submittedBy></source><imagesize><nrows>3200</nrows><ncols>4800</ncols></imagesize><object><name>m1_s07_194_p_ic076</name><deleted>0</deleted><verified>0</verified><occluded>no</occluded><attributes></attributes><parts><hasparts></hasparts><ispartof></ispartof></parts><date>22-08-20 17:03:04:139</date><id>0</id><type>bounding_box</type><polygon><username>anonymous</username><pt><x>1352</x><y>728</y><time>22-08-20 17:02:49:040</time></pt><pt><x>3291</x><y>728</y><time>22-08-20 17:02:52:397</time></pt><pt><x>3291</x><y>2632</y><time>undefined</time></pt><pt><x>1352</x><y>2632</y><time>undefined</time></pt><closed_date>22-08-20 17:02:52:398</closed_date></polygon></object></annotation>