<annotation><filename>m1_s05_138_p_nic045.jpg</filename><folder>users/joselusava//jacob/138</folder><source><submittedBy>Jose Saca</submittedBy></source><imagesize><nrows>3200</nrows><ncols>4800</ncols></imagesize><object><name>m1_s05_138_p_nic045</name><deleted>0</deleted><verified>0</verified><occluded>no</occluded><attributes></attributes><parts><hasparts></hasparts><ispartof></ispartof></parts><date>23-08-20 23:44:05:998</date><id>0</id><type>bounding_box</type><polygon><username>anonymous</username><pt><x>4206</x><y>2405</y><time>23-08-20 23:44:03:258</time></pt><pt><x>2999</x><y>2405</y><time>23-08-20 23:44:04:866</time></pt><pt><x>2999</x><y>834</y><time>undefined</time></pt><pt><x>4206</x><y>834</y><time>undefined</time></pt><closed_date>23-08-20 23:44:04:866</closed_date></polygon></object></annotation>