<annotation><filename>m1_s05_138_p_ic047.jpg</filename><folder>users/joselusava//jacob</folder><source><submittedBy>Jose Saca</submittedBy></source><imagesize><nrows>3200</nrows><ncols>4800</ncols></imagesize><object><name>m1_s05_138_p_ic047</name><deleted>0</deleted><verified>0</verified><occluded>no</occluded><attributes></attributes><parts><hasparts></hasparts><ispartof></ispartof></parts><date>21-08-20 22:24:38:397</date><id>0</id><type>bounding_box</type><polygon><username>anonymous</username><pt><x>1032</x><y>436</y><time>21-08-20 22:24:30:421</time></pt><pt><x>3235</x><y>436</y><time>21-08-20 22:24:34:434</time></pt><pt><x>3235</x><y>2736</y><time>undefined</time></pt><pt><x>1032</x><y>2736</y><time>undefined</time></pt><closed_date>21-08-20 22:24:34:434</closed_date></polygon></object></annotation>