<annotation><filename>img_m1_s10_303_p_ic032.jpg</filename><folder>users/joselusava//santiago</folder><source><submittedBy>Jose Saca</submittedBy></source><imagesize><nrows>3200</nrows><ncols>4800</ncols></imagesize><object><name>m1_s10_303_p_ic032</name><deleted>0</deleted><verified>0</verified><occluded>no</occluded><attributes></attributes><parts><hasparts></hasparts><ispartof></ispartof></parts><date>31-08-20 13:06:35:502</date><id>0</id><type>bounding_box</type><polygon><username>anonymous</username><pt><x>1350</x><y>997</y><time>31-08-20 13:06:24:864</time></pt><pt><x>3157</x><y>997</y><time>31-08-20 13:06:27:438</time></pt><pt><x>3157</x><y>2300</y><time>undefined</time></pt><pt><x>1350</x><y>2300</y><time>undefined</time></pt><closed_date>31-08-20 13:06:27:440</closed_date></polygon></object></annotation>