<annotation><filename>m1_s07_194_p_nic068.jpg</filename><folder>users/joselusava//santiago</folder><source><submittedBy>Jose Saca</submittedBy></source><imagesize><nrows>3200</nrows><ncols>4800</ncols></imagesize><object><name>m1_s07_194_p_nic068</name><deleted>0</deleted><verified>0</verified><occluded>no</occluded><attributes></attributes><parts><hasparts></hasparts><ispartof></ispartof></parts><date>24-08-20 14:21:52:641</date><id>0</id><type>bounding_box</type><polygon><username>anonymous</username><pt><x>209</x><y>360</y><time>24-08-20 14:21:38:425</time></pt><pt><x>1073</x><y>360</y><time>24-08-20 14:21:40:756</time></pt><pt><x>1073</x><y>2156</y><time>undefined</time></pt><pt><x>209</x><y>2156</y><time>undefined</time></pt><closed_date>24-08-20 14:21:40:758</closed_date></polygon></object></annotation>