<annotation><filename>img_m1_s10_303_p_ic080.jpg</filename><folder>users/joselusava//santiago</folder><source><submittedBy>Jose Saca</submittedBy></source><imagesize><nrows>3200</nrows><ncols>4800</ncols></imagesize><object><name>m1_s10_303_p_ic080</name><deleted>0</deleted><verified>0</verified><occluded>no</occluded><attributes></attributes><parts><hasparts></hasparts><ispartof></ispartof></parts><date>01-09-20 15:33:37:383</date><id>0</id><type>bounding_box</type><polygon><username>anonymous</username><pt><x>1325</x><y>767</y><time>01-09-20 15:33:25:614</time></pt><pt><x>3369</x><y>767</y><time>01-09-20 15:33:29:723</time></pt><pt><x>3369</x><y>2297</y><time>undefined</time></pt><pt><x>1325</x><y>2297</y><time>undefined</time></pt><closed_date>01-09-20 15:33:29:723</closed_date></polygon></object></annotation>