<annotation><filename>m1_s07_194_p_nic060.jpg</filename><folder>users/joselusava//santiago</folder><source><submittedBy>Jose Saca</submittedBy></source><imagesize><nrows>3200</nrows><ncols>4800</ncols></imagesize><object><name>m1_s07_194_p_nic060</name><deleted>0</deleted><verified>0</verified><occluded>no</occluded><attributes></attributes><parts><hasparts></hasparts><ispartof></ispartof></parts><date>24-08-20 13:57:08:067</date><id>0</id><type>bounding_box</type><polygon><username>anonymous</username><pt><x>3420</x><y>983</y><time>24-08-20 13:56:58:574</time></pt><pt><x>4507</x><y>983</y><time>24-08-20 13:57:00:690</time></pt><pt><x>4507</x><y>2646</y><time>undefined</time></pt><pt><x>3420</x><y>2646</y><time>undefined</time></pt><closed_date>24-08-20 13:57:00:692</closed_date></polygon></object></annotation>