<annotation><filename>img_m1_s10_270_p_nic041.jpg</filename><folder>users/joselusava//santiago</folder><source><submittedBy>Jose Saca</submittedBy></source><imagesize><nrows>3200</nrows><ncols>4800</ncols></imagesize><object><name>m1_s10_270_p_nic041</name><deleted>0</deleted><verified>0</verified><occluded>no</occluded><attributes></attributes><parts><hasparts></hasparts><ispartof></ispartof></parts><date>27-08-20 14:04:52:648</date><id>0</id><type>bounding_box</type><polygon><username>anonymous</username><pt><x>252</x><y>1735</y><time>27-08-20 14:04:39:097</time></pt><pt><x>1710</x><y>1735</y><time>27-08-20 14:04:43:304</time></pt><pt><x>1710</x><y>2944</y><time>undefined</time></pt><pt><x>252</x><y>2944</y><time>undefined</time></pt><closed_date>27-08-20 14:04:43:305</closed_date></polygon></object></annotation>