<annotation><filename>img_m1_s10_303_p_ic007.jpg</filename><folder>users/joselusava//santiago</folder><source><submittedBy>Jose Saca</submittedBy></source><imagesize><nrows>3200</nrows><ncols>4800</ncols></imagesize><object><name>m1_s10_303_p_ic007</name><deleted>0</deleted><verified>0</verified><occluded>no</occluded><attributes></attributes><parts><hasparts></hasparts><ispartof></ispartof></parts><date>31-08-20 11:41:30:151</date><id>0</id><type>bounding_box</type><polygon><username>anonymous</username><pt><x>1173</x><y>997</y><time>31-08-20 11:41:18:453</time></pt><pt><x>3661</x><y>997</y><time>31-08-20 11:41:21:593</time></pt><pt><x>3661</x><y>2293</y><time>undefined</time></pt><pt><x>1173</x><y>2293</y><time>undefined</time></pt><closed_date>31-08-20 11:41:21:594</closed_date></polygon></object></annotation>