<annotation><filename>m1_s05_138_p_ic008.jpg</filename><folder>users/joselusava//jacob</folder><source><submittedBy>Jose Saca</submittedBy></source><imagesize><nrows>3200</nrows><ncols>4800</ncols></imagesize><object><name>m1_s05_138_p_ic008</name><deleted>0</deleted><verified>0</verified><occluded>no</occluded><attributes></attributes><parts><hasparts></hasparts><ispartof></ispartof></parts><date>21-08-20 17:04:22:423</date><id>0</id><type>bounding_box</type><polygon><username>anonymous</username><pt><x>1505</x><y>2673</y><time>21-08-20 17:03:46:053</time></pt><pt><x>3723</x><y>2673</y><time>21-08-20 17:03:48:797</time></pt><pt><x>3723</x><y>178</y><time>undefined</time></pt><pt><x>1505</x><y>178</y><time>undefined</time></pt><closed_date>21-08-20 17:03:48:797</closed_date></polygon></object></annotation>