<annotation><filename>m1_s07_194_p_ic018.jpg</filename><folder>users/joselusava//santiago</folder><source><submittedBy>Jose Saca</submittedBy></source><imagesize><nrows>3200</nrows><ncols>4800</ncols></imagesize><object><name>m1_s07_194_p_ic018</name><deleted>0</deleted><verified>0</verified><occluded>no</occluded><attributes></attributes><parts><hasparts></hasparts><ispartof></ispartof></parts><date>21-08-20 13:22:37:759</date><id>0</id><type>bounding_box</type><polygon><username>anonymous</username><pt><x>1566</x><y>252</y><time>21-08-20 13:22:21:123</time></pt><pt><x>3247</x><y>252</y><time>21-08-20 13:22:24:714</time></pt><pt><x>3247</x><y>2851</y><time>undefined</time></pt><pt><x>1566</x><y>2851</y><time>undefined</time></pt><closed_date>21-08-20 13:22:24:715</closed_date></polygon></object></annotation>