<annotation><filename>m1_s05_115_p_nic096.jpg</filename><folder>users/joselusava//jacob/sala5_115_nic</folder><source><submittedBy>Jose Saca</submittedBy></source><imagesize><nrows>3200</nrows><ncols>4796</ncols></imagesize><object><name>m1_s05_115_p_nic096</name><deleted>0</deleted><verified>0</verified><occluded>no</occluded><attributes></attributes><parts><hasparts></hasparts><ispartof></ispartof></parts><date>31-08-20 00:06:22:206</date><id>0</id><type>bounding_box</type><polygon><username>anonymous</username><pt><x>938</x><y>594</y><time>31-08-20 00:06:19:512</time></pt><pt><x>1742</x><y>594</y><time>31-08-20 00:06:20:621</time></pt><pt><x>1742</x><y>1350</y><time>undefined</time></pt><pt><x>938</x><y>1350</y><time>undefined</time></pt><closed_date>31-08-20 00:06:20:621</closed_date></polygon></object></annotation>