<annotation><filename>m1_s05_115_p_ic053.jpg</filename><folder>users/joselusava//jacob/sala5_115_ic</folder><source><submittedBy>Jose Saca</submittedBy></source><imagesize><nrows>3200</nrows><ncols>4796</ncols></imagesize><object><name>m1_s05_115_p_ic053</name><deleted>0</deleted><verified>0</verified><occluded>no</occluded><attributes></attributes><parts><hasparts></hasparts><ispartof></ispartof></parts><date>30-08-20 21:08:55:994</date><id>0</id><type>bounding_box</type><polygon><username>anonymous</username><pt><x>2929</x><y>345</y><time>30-08-20 21:08:52:135</time></pt><pt><x>1436</x><y>345</y><time>30-08-20 21:08:55:091</time></pt><pt><x>1436</x><y>2901</y><time>undefined</time></pt><pt><x>2929</x><y>2901</y><time>undefined</time></pt><closed_date>30-08-20 21:08:55:092</closed_date></polygon></object></annotation>