<annotation><filename>m1_s05_115_p_ic029.jpg</filename><folder>users/joselusava//jacob/sala5_115_ic</folder><source><submittedBy>Jose Saca</submittedBy></source><imagesize><nrows>3200</nrows><ncols>4796</ncols></imagesize><object><name>m1_s05_115_p_ic029</name><deleted>0</deleted><verified>0</verified><occluded>no</occluded><attributes></attributes><parts><hasparts></hasparts><ispartof></ispartof></parts><date>30-08-20 20:59:49:972</date><id>0</id><type>bounding_box</type><polygon><username>anonymous</username><pt><x>1283</x><y>2939</y><time>30-08-20 20:59:47:201</time></pt><pt><x>3274</x><y>2939</y><time>30-08-20 20:59:49:224</time></pt><pt><x>3274</x><y>249</y><time>undefined</time></pt><pt><x>1283</x><y>249</y><time>undefined</time></pt><closed_date>30-08-20 20:59:49:225</closed_date></polygon></object></annotation>