<annotation><filename>m1_s05_138_p_ic082.jpg</filename><folder>users/joselusava//jacob</folder><source><submittedBy>Jose Saca</submittedBy></source><imagesize><nrows>3200</nrows><ncols>4800</ncols></imagesize><object><name>m1_s05_138_p_ic082</name><deleted>0</deleted><verified>0</verified><occluded>no</occluded><attributes></attributes><parts><hasparts></hasparts><ispartof></ispartof></parts><date>21-08-20 23:05:17:075</date><id>0</id><type>bounding_box</type><polygon><username>anonymous</username><pt><x>2743</x><y>2452</y><time>21-08-20 23:05:10:091</time></pt><pt><x>1600</x><y>2452</y><time>21-08-20 23:05:11:805</time></pt><pt><x>1600</x><y>568</y><time>undefined</time></pt><pt><x>2743</x><y>568</y><time>undefined</time></pt><closed_date>21-08-20 23:05:11:805</closed_date></polygon></object></annotation>