<annotation><filename>img_m1_s10_270_p_nic032.jpg</filename><folder>users/joselusava//santiago</folder><source><submittedBy>Jose Saca</submittedBy></source><imagesize><nrows>3200</nrows><ncols>4800</ncols></imagesize><object><name>m1_s10_270_p_nic032</name><deleted>0</deleted><verified>0</verified><occluded>no</occluded><attributes></attributes><parts><hasparts></hasparts><ispartof></ispartof></parts><date>27-08-20 13:37:39:612</date><id>0</id><type>bounding_box</type><polygon><username>anonymous</username><pt><x>1458</x><y>630</y><time>27-08-20 13:37:31:106</time></pt><pt><x>2833</x><y>630</y><time>27-08-20 13:37:33:290</time></pt><pt><x>2833</x><y>1793</y><time>undefined</time></pt><pt><x>1458</x><y>1793</y><time>undefined</time></pt><closed_date>27-08-20 13:37:33:291</closed_date></polygon></object></annotation>