<annotation><filename>m1_s05_138_p_ic062.jpg</filename><folder>users/joselusava//jacob</folder><source><submittedBy>Jose Saca</submittedBy></source><imagesize><nrows>3200</nrows><ncols>4800</ncols></imagesize><object><name>m1_s05_138_p_ic062</name><deleted>0</deleted><verified>0</verified><occluded>no</occluded><attributes></attributes><parts><hasparts></hasparts><ispartof></ispartof></parts><date>21-08-20 22:43:21:830</date><id>0</id><type>bounding_box</type><polygon><username>anonymous</username><pt><x>1489</x><y>776</y><time>21-08-20 22:43:14:902</time></pt><pt><x>3532</x><y>776</y><time>21-08-20 22:43:17:263</time></pt><pt><x>3532</x><y>2985</y><time>undefined</time></pt><pt><x>1489</x><y>2985</y><time>undefined</time></pt><closed_date>21-08-20 22:43:17:264</closed_date></polygon></object></annotation>