<annotation><filename>m1_s08_241_x.jpg</filename><folder>users/joselusava//santiago</folder><source><submittedBy>Jose Saca</submittedBy></source><imagesize><nrows>3200</nrows><ncols>4800</ncols></imagesize><object><name>m1_s08_241_x</name><deleted>0</deleted><verified>0</verified><occluded>no</occluded><attributes></attributes><parts><hasparts></hasparts><ispartof></ispartof></parts><date>25-08-20 13:33:06:465</date><id>0</id><type>bounding_box</type><polygon><username>anonymous</username><pt><x>1261</x><y>187</y><time>25-08-20 13:32:53:405</time></pt><pt><x>3661</x><y>187</y><time>25-08-20 13:32:58:937</time></pt><pt><x>3661</x><y>3036</y><time>undefined</time></pt><pt><x>1261</x><y>3036</y><time>undefined</time></pt><closed_date>25-08-20 13:32:58:938</closed_date></polygon></object></annotation>