<annotation><filename>m1_s07_207_x.jpg</filename><folder>users/joselusava//santiago</folder><source><submittedBy>Jose Saca</submittedBy></source><imagesize><nrows>3200</nrows><ncols>4800</ncols></imagesize><object><name>m1_s07_207_x</name><deleted>0</deleted><verified>0</verified><occluded>no</occluded><attributes></attributes><parts><hasparts></hasparts><ispartof></ispartof></parts><date>24-08-20 16:26:57:486</date><id>0</id><type>bounding_box</type><polygon><username>anonymous</username><pt><x>1062</x><y>338</y><time>24-08-20 16:26:41:314</time></pt><pt><x>3502</x><y>338</y><time>24-08-20 16:26:47:328</time></pt><pt><x>3502</x><y>2793</y><time>undefined</time></pt><pt><x>1062</x><y>2793</y><time>undefined</time></pt><closed_date>24-08-20 16:26:47:330</closed_date></polygon></object></annotation>