<annotation><filename>m1_s05_115_p_ic079.jpg</filename><folder>users/joselusava//jacob/sala5_115_ic</folder><source><submittedBy>Jose Saca</submittedBy></source><imagesize><nrows>3200</nrows><ncols>4796</ncols></imagesize><object><name>m1_s05_115_p_ic079</name><deleted>0</deleted><verified>0</verified><occluded>no</occluded><attributes></attributes><parts><hasparts></hasparts><ispartof></ispartof></parts><date>30-08-20 21:26:36:496</date><id>0</id><type>bounding_box</type><polygon><username>anonymous</username><pt><x>1101</x><y>2613</y><time>30-08-20 21:26:34:323</time></pt><pt><x>3360</x><y>2613</y><time>30-08-20 21:26:35:541</time></pt><pt><x>3360</x><y>498</y><time>undefined</time></pt><pt><x>1101</x><y>498</y><time>undefined</time></pt><closed_date>30-08-20 21:26:35:541</closed_date></polygon></object></annotation>