<annotation><filename>m1_s08_239_x.jpg</filename><folder>users/joselusava//santiago</folder><source><submittedBy>Jose Saca</submittedBy></source><imagesize><nrows>3200</nrows><ncols>4800</ncols></imagesize><object><name>m1_s08_239_x</name><deleted>0</deleted><verified>0</verified><occluded>no</occluded><attributes></attributes><parts><hasparts></hasparts><ispartof></ispartof></parts><date>25-08-20 13:29:53:353</date><id>0</id><type>bounding_box</type><polygon><username>anonymous</username><pt><x>821</x><y>277</y><time>25-08-20 13:29:39:475</time></pt><pt><x>4060</x><y>277</y><time>25-08-20 13:29:43:867</time></pt><pt><x>4060</x><y>2980</y><time>undefined</time></pt><pt><x>821</x><y>2980</y><time>undefined</time></pt><closed_date>25-08-20 13:29:43:868</closed_date></polygon></object></annotation>