<annotation><filename>img_m1_s10_270_p_nic088.jpg</filename><folder>users/joselusava//santiago</folder><source><submittedBy>Jose Saca</submittedBy></source><imagesize><nrows>3200</nrows><ncols>4800</ncols></imagesize><object><name>m1_s10_270_p_nic088</name><deleted>0</deleted><verified>0</verified><occluded>no</occluded><attributes></attributes><parts><hasparts></hasparts><ispartof></ispartof></parts><date>28-08-20 14:40:49:448</date><id>0</id><type>bounding_box</type><polygon><username>anonymous</username><pt><x>2257</x><y>353</y><time>28-08-20 14:40:40:606</time></pt><pt><x>3956</x><y>353</y><time>28-08-20 14:40:42:480</time></pt><pt><x>3956</x><y>1681</y><time>undefined</time></pt><pt><x>2257</x><y>1681</y><time>undefined</time></pt><closed_date>28-08-20 14:40:42:481</closed_date></polygon></object></annotation>