<annotation><filename>img_m1_s10_270_p_nic066.jpg</filename><folder>users/joselusava//santiago</folder><source><submittedBy>Jose Saca</submittedBy></source><imagesize><nrows>3200</nrows><ncols>4800</ncols></imagesize><object><name>m1_s10_270_p_nic066</name><deleted>0</deleted><verified>0</verified><occluded>no</occluded><attributes></attributes><parts><hasparts></hasparts><ispartof></ispartof></parts><date>28-08-20 14:01:49:752</date><id>0</id><type>bounding_box</type><polygon><username>anonymous</username><pt><x>358</x><y>720</y><time>28-08-20 14:01:38:917</time></pt><pt><x>1768</x><y>720</y><time>28-08-20 14:01:42:745</time></pt><pt><x>1768</x><y>2023</y><time>undefined</time></pt><pt><x>358</x><y>2023</y><time>undefined</time></pt><closed_date>28-08-20 14:01:42:747</closed_date></polygon></object></annotation>