<annotation><filename>img_m1_s10_303_p_ic067.jpg</filename><folder>users/joselusava//santiago</folder><source><submittedBy>Jose Saca</submittedBy></source><imagesize><nrows>3200</nrows><ncols>4800</ncols></imagesize><object><name>m1_s10_303_p_ic067</name><deleted>0</deleted><verified>0</verified><occluded>no</occluded><attributes></attributes><parts><hasparts></hasparts><ispartof></ispartof></parts><date>31-08-20 14:34:24:293</date><id>0</id><type>bounding_box</type><polygon><username>anonymous</username><pt><x>1083</x><y>907</y><time>31-08-20 14:34:15:303</time></pt><pt><x>3456</x><y>907</y><time>31-08-20 14:34:17:482</time></pt><pt><x>3456</x><y>2059</y><time>undefined</time></pt><pt><x>1083</x><y>2059</y><time>undefined</time></pt><closed_date>31-08-20 14:34:17:484</closed_date></polygon></object></annotation>