<annotation><filename>m1_s05_115_p_ic035.jpg</filename><folder>users/joselusava//jacob/sala5_115_ic</folder><source><submittedBy>Jose Saca</submittedBy></source><imagesize><nrows>3200</nrows><ncols>4796</ncols></imagesize><object><name>m1_s05_115_p_ic035</name><deleted>0</deleted><verified>0</verified><occluded>no</occluded><attributes></attributes><parts><hasparts></hasparts><ispartof></ispartof></parts><date>30-08-20 21:01:57:496</date><id>0</id><type>bounding_box</type><polygon><username>anonymous</username><pt><x>1082</x><y>2786</y><time>30-08-20 21:01:54:948</time></pt><pt><x>3867</x><y>2786</y><time>30-08-20 21:01:56:826</time></pt><pt><x>3867</x><y>163</y><time>undefined</time></pt><pt><x>1082</x><y>163</y><time>undefined</time></pt><closed_date>30-08-20 21:01:56:826</closed_date></polygon></object></annotation>