<annotation><filename>img_m1_s10_270_p_ic062.jpg</filename><folder>users/joselusava//santiago</folder><source><submittedBy>Jose Saca</submittedBy></source><imagesize><nrows>3200</nrows><ncols>4800</ncols></imagesize><object><name>m1_s10_270_p_ic062</name><deleted>0</deleted><verified>0</verified><occluded>no</occluded><attributes></attributes><parts><hasparts></hasparts><ispartof></ispartof></parts><date>26-08-20 22:57:02:356</date><id>0</id><type>bounding_box</type><polygon><username>anonymous</username><pt><x>1047</x><y>878</y><time>26-08-20 22:56:49:056</time></pt><pt><x>3124</x><y>878</y><time>26-08-20 22:56:52:849</time></pt><pt><x>3124</x><y>2469</y><time>undefined</time></pt><pt><x>1047</x><y>2469</y><time>undefined</time></pt><closed_date>26-08-20 22:56:52:851</closed_date></polygon></object></annotation>