<annotation><filename>m1_s05_138_p_nic056.jpg</filename><folder>users/joselusava//jacob/138</folder><source><submittedBy>Jose Saca</submittedBy></source><imagesize><nrows>3200</nrows><ncols>4800</ncols></imagesize><object><name>m1_s05_138_p_nic056</name><deleted>0</deleted><verified>0</verified><occluded>no</occluded><attributes></attributes><parts><hasparts></hasparts><ispartof></ispartof></parts><date>23-08-20 23:52:01:194</date><id>0</id><type>bounding_box</type><polygon><username>anonymous</username><pt><x>2836</x><y>2980</y><time>23-08-20 23:51:58:322</time></pt><pt><x>1782</x><y>2980</y><time>23-08-20 23:52:00:178</time></pt><pt><x>1782</x><y>1610</y><time>undefined</time></pt><pt><x>2836</x><y>1610</y><time>undefined</time></pt><closed_date>23-08-20 23:52:00:178</closed_date></polygon></object></annotation>