<annotation><filename>m1_s05_138_p_ic021.jpg</filename><folder>users/joselusava//jacob</folder><source><submittedBy>Jose Saca</submittedBy></source><imagesize><nrows>3200</nrows><ncols>4800</ncols></imagesize><object><name>m1_s05_138_p_ic021</name><deleted>0</deleted><verified>0</verified><occluded>no</occluded><attributes></attributes><parts><hasparts></hasparts><ispartof></ispartof></parts><date>21-08-20 17:27:16:020</date><id>0</id><type>bounding_box</type><polygon><username>anonymous</username><pt><x>1481</x><y>2808</y><time>21-08-20 17:27:06:088</time></pt><pt><x>2820</x><y>2808</y><time>21-08-20 17:27:07:286</time></pt><pt><x>2820</x><y>749</y><time>undefined</time></pt><pt><x>1481</x><y>749</y><time>undefined</time></pt><closed_date>21-08-20 17:27:07:287</closed_date></polygon></object></annotation>