<annotation><filename>m1_s07_205_x.jpg</filename><folder>users/joselusava//santiago</folder><source><submittedBy>Jose Saca</submittedBy></source><imagesize><nrows>3200</nrows><ncols>4800</ncols></imagesize><object><name>m1_s07_205_x</name><deleted>0</deleted><verified>0</verified><occluded>no</occluded><attributes></attributes><parts><hasparts></hasparts><ispartof></ispartof></parts><date>24-08-20 16:18:05:929</date><id>0</id><type>bounding_box</type><polygon><username>anonymous</username><pt><x>903</x><y>400</y><time>24-08-20 16:17:49:609</time></pt><pt><x>3700</x><y>400</y><time>24-08-20 16:17:55:657</time></pt><pt><x>3700</x><y>2430</y><time>undefined</time></pt><pt><x>903</x><y>2430</y><time>undefined</time></pt><closed_date>24-08-20 16:17:55:659</closed_date></polygon></object></annotation>