<annotation><filename>img_m1_s10_270_p_ic026.jpg</filename><folder>users/joselusava//santiago</folder><source><submittedBy>Jose Saca</submittedBy></source><imagesize><nrows>3200</nrows><ncols>4800</ncols></imagesize><object><name>m1_s10_270_p_ic026</name><deleted>0</deleted><verified>0</verified><occluded>no</occluded><attributes></attributes><parts><hasparts></hasparts><ispartof></ispartof></parts><date>26-08-20 18:57:10:701</date><id>0</id><type>bounding_box</type><polygon><username>anonymous</username><pt><x>1231</x><y>565</y><time>26-08-20 18:57:00:341</time></pt><pt><x>3114</x><y>565</y><time>26-08-20 18:57:03:059</time></pt><pt><x>3114</x><y>2685</y><time>undefined</time></pt><pt><x>1231</x><y>2685</y><time>undefined</time></pt><closed_date>26-08-20 18:57:03:060</closed_date></polygon></object></annotation>