<annotation><filename>m1_s05_115_p_ic075.jpg</filename><folder>users/joselusava//jacob/sala5_115_ic</folder><source><submittedBy>Jose Saca</submittedBy></source><imagesize><nrows>3200</nrows><ncols>4796</ncols></imagesize><object><name>m1_s05_115_p_ic075</name><deleted>0</deleted><verified>0</verified><occluded>no</occluded><attributes></attributes><parts><hasparts>0</hasparts><ispartof>0</ispartof></parts><date>30-08-20 21:24:33:270</date><id>0</id><type>bounding_box</type><polygon><username>anonymous</username><pt><x>938</x><y>2422</y><time>30-08-20 21:24:30:984</time></pt><pt><x>3427</x><y>2422</y><time>30-08-20 21:24:32:313</time></pt><pt><x>3427</x><y>613</y><time>undefined</time></pt><pt><x>938</x><y>613</y><time>undefined</time></pt><closed_date>30-08-20 21:24:32:313</closed_date></polygon></object></annotation>