<annotation><filename>m1_s07_194_p_ic024.jpg</filename><folder>users/joselusava//santiago</folder><source><submittedBy>Jose Saca</submittedBy></source><imagesize><nrows>3200</nrows><ncols>4800</ncols></imagesize><object><name>m1_s07_194_p_ic024</name><deleted>0</deleted><verified>0</verified><occluded>no</occluded><attributes></attributes><parts><hasparts></hasparts><ispartof></ispartof></parts><date>21-08-20 13:51:22:549</date><id>0</id><type>bounding_box</type><polygon><username>anonymous</username><pt><x>1825</x><y>378</y><time>21-08-20 13:51:05:580</time></pt><pt><x>3168</x><y>378</y><time>21-08-20 13:51:10:050</time></pt><pt><x>3168</x><y>2944</y><time>undefined</time></pt><pt><x>1825</x><y>2944</y><time>undefined</time></pt><closed_date>21-08-20 13:51:10:050</closed_date></polygon></object></annotation>