<annotation><filename>m1_s07_190_x.jpg</filename><folder>users/joselusava//santiago</folder><source><submittedBy>Jose Saca</submittedBy></source><imagesize><nrows>3200</nrows><ncols>4800</ncols></imagesize><object><name>m1_s07_190_x</name><deleted>0</deleted><verified>0</verified><occluded>no</occluded><attributes></attributes><parts><hasparts></hasparts><ispartof></ispartof></parts><date>21-08-20 11:46:19:336</date><id>0</id><type>bounding_box</type><polygon><username>anonymous</username><pt><x>1328</x><y>238</y><time>21-08-20 11:45:34:852</time></pt><pt><x>3582</x><y>238</y><time>21-08-20 11:45:50:998</time></pt><pt><x>3582</x><y>2678</y><time>undefined</time></pt><pt><x>1328</x><y>2678</y><time>undefined</time></pt><closed_date>21-08-20 11:45:50:999</closed_date></polygon></object></annotation>