<annotation><filename>img_m1_s10_270_p_ic073.jpg</filename><folder>users/joselusava//santiago</folder><source><submittedBy>Jose Saca</submittedBy></source><imagesize><nrows>3200</nrows><ncols>4800</ncols></imagesize><object><name>m1_s10_270_p_ic073</name><deleted>0</deleted><verified>0</verified><occluded>no</occluded><attributes></attributes><parts><hasparts></hasparts><ispartof></ispartof></parts><date>26-08-20 23:52:22:638</date><id>0</id><type>bounding_box</type><polygon><username>anonymous</username><pt><x>731</x><y>544</y><time>26-08-20 23:52:06:981</time></pt><pt><x>3250</x><y>544</y><time>26-08-20 23:52:09:247</time></pt><pt><x>3250</x><y>2649</y><time>undefined</time></pt><pt><x>731</x><y>2649</y><time>undefined</time></pt><closed_date>26-08-20 23:52:09:248</closed_date></polygon></object></annotation>