<annotation><filename>img_m1_s10_303_p_ic042.jpg</filename><folder>users/joselusava//santiago</folder><source><submittedBy>Jose Saca</submittedBy></source><imagesize><nrows>3200</nrows><ncols>4800</ncols></imagesize><object><name>m1_s10_303_p_ic042</name><deleted>0</deleted><verified>0</verified><occluded>no</occluded><attributes></attributes><parts><hasparts></hasparts><ispartof></ispartof></parts><date>31-08-20 13:33:38:660</date><id>0</id><type>bounding_box</type><polygon><username>anonymous</username><pt><x>1137</x><y>1008</y><time>31-08-20 13:33:30:682</time></pt><pt><x>3445</x><y>1008</y><time>31-08-20 13:33:32:132</time></pt><pt><x>3445</x><y>2167</y><time>undefined</time></pt><pt><x>1137</x><y>2167</y><time>undefined</time></pt><closed_date>31-08-20 13:33:32:133</closed_date></polygon></object></annotation>