<annotation><filename>m1_s05_112_x.jpg</filename><folder>users/joselusava//jacob/sala5</folder><source><submittedBy>Jose Saca</submittedBy></source><imagesize><nrows>3200</nrows><ncols>4800</ncols></imagesize><object><name>m1_s05_112_x</name><deleted>0</deleted><verified>0</verified><occluded>no</occluded><attributes></attributes><parts><hasparts></hasparts><ispartof></ispartof></parts><date>24-08-20 12:57:03:989</date><id>0</id><type>bounding_box</type><polygon><username>anonymous</username><pt><x>4641</x><y>35</y><time>24-08-20 12:56:59:010</time></pt><pt><x>139</x><y>35</y><time>24-08-20 12:57:02:761</time></pt><pt><x>139</x><y>3089</y><time>undefined</time></pt><pt><x>4641</x><y>3089</y><time>undefined</time></pt><closed_date>24-08-20 12:57:02:761</closed_date></polygon></object></annotation>