<annotation><filename>m1_s05_138_p_ic040.jpg</filename><folder>users/joselusava//jacob</folder><source><submittedBy>Jose Saca</submittedBy></source><imagesize><nrows>3200</nrows><ncols>4800</ncols></imagesize><object><name>m1_s05_138_p_ic040</name><deleted>0</deleted><verified>0</verified><occluded>no</occluded><attributes></attributes><parts><hasparts></hasparts><ispartof></ispartof></parts><date>21-08-20 20:13:21:711</date><id>0</id><type>bounding_box</type><polygon><username>anonymous</username><pt><x>3158</x><y>499</y><time>21-08-20 20:13:16:083</time></pt><pt><x>1468</x><y>499</y><time>21-08-20 20:13:17:444</time></pt><pt><x>1468</x><y>2798</y><time>undefined</time></pt><pt><x>3158</x><y>2798</y><time>undefined</time></pt><closed_date>21-08-20 20:13:17:444</closed_date></polygon></object></annotation>