<annotation><filename>m1_s07_194_p_nic045.jpg</filename><folder>users/joselusava//santiago</folder><source><submittedBy>Jose Saca</submittedBy></source><imagesize><nrows>3200</nrows><ncols>4800</ncols></imagesize><object><name>m1_s07_194_p_nic045</name><deleted>0</deleted><verified>0</verified><occluded>no</occluded><attributes></attributes><parts><hasparts></hasparts><ispartof></ispartof></parts><date>24-08-20 13:33:59:385</date><id>0</id><type>bounding_box</type><polygon><username>anonymous</username><pt><x>1688</x><y>1454</y><time>24-08-20 13:33:51:351</time></pt><pt><x>2725</x><y>1454</y><time>24-08-20 13:33:53:017</time></pt><pt><x>2725</x><y>2998</y><time>undefined</time></pt><pt><x>1688</x><y>2998</y><time>undefined</time></pt><closed_date>24-08-20 13:33:53:018</closed_date></polygon></object></annotation>