<annotation><filename>img_m1_s10_303_p_ic069.jpg</filename><folder>users/joselusava//santiago</folder><source><submittedBy>Jose Saca</submittedBy></source><imagesize><nrows>3200</nrows><ncols>4800</ncols></imagesize><object><name>m1_s10_303_p_ic069</name><deleted>0</deleted><verified>0</verified><occluded>no</occluded><attributes></attributes><parts><hasparts></hasparts><ispartof></ispartof></parts><date>31-08-20 14:39:08:139</date><id>0</id><type>bounding_box</type><polygon><username>anonymous</username><pt><x>1062</x><y>921</y><time>31-08-20 14:38:59:045</time></pt><pt><x>3744</x><y>921</y><time>31-08-20 14:39:01:304</time></pt><pt><x>3744</x><y>2250</y><time>undefined</time></pt><pt><x>1062</x><y>2250</y><time>undefined</time></pt><closed_date>31-08-20 14:39:01:306</closed_date></polygon></object></annotation>