<annotation><filename>m1_s07_194_p_nic053.jpg</filename><folder>users/joselusava//santiago</folder><source><submittedBy>Jose Saca</submittedBy></source><imagesize><nrows>3200</nrows><ncols>4800</ncols></imagesize><object><name>m1_s07_194_p_nic053</name><deleted>0</deleted><verified>0</verified><occluded>no</occluded><attributes></attributes><parts><hasparts></hasparts><ispartof></ispartof></parts><date>24-08-20 13:46:37:766</date><id>0</id><type>bounding_box</type><polygon><username>anonymous</username><pt><x>1677</x><y>212</y><time>24-08-20 13:46:27:705</time></pt><pt><x>2746</x><y>212</y><time>24-08-20 13:46:31:257</time></pt><pt><x>2746</x><y>1724</y><time>undefined</time></pt><pt><x>1677</x><y>1724</y><time>undefined</time></pt><closed_date>24-08-20 13:46:31:259</closed_date></polygon></object></annotation>