<annotation><filename>m1_s05_138_p_nic085.jpg</filename><folder>users/joselusava//jacob/138</folder><source><submittedBy>Jose Saca</submittedBy></source><imagesize><nrows>3200</nrows><ncols>4800</ncols></imagesize><object><name>m1_s05_138_p_nic085</name><deleted>0</deleted><verified>0</verified><occluded>no</occluded><attributes></attributes><parts><hasparts></hasparts><ispartof></ispartof></parts><date>24-08-20 12:46:39:854</date><id>0</id><type>bounding_box</type><polygon><username>anonymous</username><pt><x>845</x><y>616</y><time>24-08-20 12:46:36:988</time></pt><pt><x>1891</x><y>616</y><time>24-08-20 12:46:38:810</time></pt><pt><x>1891</x><y>1932</y><time>undefined</time></pt><pt><x>845</x><y>1932</y><time>undefined</time></pt><closed_date>24-08-20 12:46:38:810</closed_date></polygon></object></annotation>