<annotation><filename>img_m1_s10_270_p_ic092.jpg</filename><folder>users/joselusava//santiago</folder><source><submittedBy>Jose Saca</submittedBy></source><imagesize><nrows>3200</nrows><ncols>4800</ncols></imagesize><object><name>m1_s10_270_p_ic092</name><deleted>0</deleted><verified>0</verified><occluded>no</occluded><attributes></attributes><parts><hasparts></hasparts><ispartof></ispartof></parts><date>27-08-20 11:59:55:507</date><id>0</id><type>bounding_box</type><polygon><username>anonymous</username><pt><x>1101</x><y>493</y><time>27-08-20 11:59:38:338</time></pt><pt><x>3423</x><y>493</y><time>27-08-20 11:59:47:110</time></pt><pt><x>3423</x><y>2851</y><time>undefined</time></pt><pt><x>1101</x><y>2851</y><time>undefined</time></pt><closed_date>27-08-20 11:59:47:111</closed_date></polygon></object></annotation>