<annotation><filename>img_m1_s10_270_p_nic020.jpg</filename><folder>users/joselusava//santiago</folder><source><submittedBy>Jose Saca</submittedBy></source><imagesize><nrows>3200</nrows><ncols>4800</ncols></imagesize><object><name>m1_s10_270_p_nic020</name><deleted>0</deleted><verified>0</verified><occluded>no</occluded><attributes></attributes><parts><hasparts></hasparts><ispartof></ispartof></parts><date>27-08-20 13:08:20:379</date><id>0</id><type>bounding_box</type><polygon><username>anonymous</username><pt><x>763</x><y>1375</y><time>27-08-20 13:08:10:385</time></pt><pt><x>2530</x><y>1375</y><time>27-08-20 13:08:13:385</time></pt><pt><x>2530</x><y>2829</y><time>undefined</time></pt><pt><x>763</x><y>2829</y><time>undefined</time></pt><closed_date>27-08-20 13:08:13:386</closed_date></polygon></object></annotation>