<annotation><filename>img_m1_s01_270_p_ic043.jpg</filename><folder>users/joselusava//santiago</folder><source><submittedBy>Jose Saca</submittedBy></source><imagesize><nrows>3200</nrows><ncols>4800</ncols></imagesize><object><name>m1_s10_270_p_ic043</name><deleted>0</deleted><verified>0</verified><occluded>no</occluded><attributes></attributes><parts><hasparts></hasparts><ispartof></ispartof></parts><date>26-08-20 21:32:04:816</date><id>0</id><type>bounding_box</type><polygon><username>anonymous</username><pt><x>1019</x><y>324</y><time>26-08-20 21:31:46:973</time></pt><pt><x>3506</x><y>324</y><time>26-08-20 21:31:51:014</time></pt><pt><x>3506</x><y>2322</y><time>undefined</time></pt><pt><x>1019</x><y>2322</y><time>undefined</time></pt><closed_date>26-08-20 21:31:51:016</closed_date></polygon></object></annotation>