<annotation><filename>m1_s05_138_p_ic018.jpg</filename><folder>users/joselusava//jacob</folder><source><submittedBy>Jose Saca</submittedBy></source><imagesize><nrows>3200</nrows><ncols>4800</ncols></imagesize><object><name>m1_s05_138_p_ic018</name><deleted>0</deleted><verified>0</verified><occluded>no</occluded><attributes></attributes><parts><hasparts></hasparts><ispartof></ispartof></parts><date>21-08-20 17:24:47:390</date><id>0</id><type>bounding_box</type><polygon><username>anonymous</username><pt><x>1287</x><y>2808</y><time>21-08-20 17:24:37:998</time></pt><pt><x>2947</x><y>2808</y><time>21-08-20 17:24:39:788</time></pt><pt><x>2947</x><y>673</y><time>undefined</time></pt><pt><x>1287</x><y>673</y><time>undefined</time></pt><closed_date>21-08-20 17:24:39:788</closed_date></polygon></object></annotation>