<annotation><filename>img_m1_s10_270_p_ic066.jpg</filename><folder>users/joselusava//santiago</folder><source><submittedBy>Jose Saca</submittedBy></source><imagesize><nrows>3200</nrows><ncols>4800</ncols></imagesize><object><name>m1_s10_270_p_ic066</name><deleted>0</deleted><verified>0</verified><occluded>no</occluded><attributes></attributes><parts><hasparts></hasparts><ispartof></ispartof></parts><date>26-08-20 23:06:18:015</date><id>0</id><type>bounding_box</type><polygon><username>anonymous</username><pt><x>1202</x><y>688</y><time>26-08-20 23:06:07:403</time></pt><pt><x>3312</x><y>688</y><time>26-08-20 23:06:09:211</time></pt><pt><x>3312</x><y>2718</y><time>undefined</time></pt><pt><x>1202</x><y>2718</y><time>undefined</time></pt><closed_date>26-08-20 23:06:09:211</closed_date></polygon></object></annotation>