<annotation><filename>m1_s07_194_p_nic079.jpg</filename><folder>users/joselusava//santiago</folder><source><submittedBy>Jose Saca</submittedBy></source><imagesize><nrows>3200</nrows><ncols>4800</ncols></imagesize><object><name>m1_s07_194_p_nic079</name><deleted>0</deleted><verified>0</verified><occluded>no</occluded><attributes></attributes><parts><hasparts></hasparts><ispartof></ispartof></parts><date>24-08-20 14:38:07:706</date><id>0</id><type>bounding_box</type><polygon><username>anonymous</username><pt><x>3384</x><y>428</y><time>24-08-20 14:37:59:957</time></pt><pt><x>4586</x><y>428</y><time>24-08-20 14:38:00:983</time></pt><pt><x>4586</x><y>2178</y><time>undefined</time></pt><pt><x>3384</x><y>2178</y><time>undefined</time></pt><closed_date>24-08-20 14:38:00:985</closed_date></polygon></object></annotation>