<annotation><filename>m1_s07_196_x.jpg</filename><folder>users/joselusava//santiago</folder><source><submittedBy>Jose Saca</submittedBy></source><imagesize><nrows>3200</nrows><ncols>4800</ncols></imagesize><object><name>m1_s07_196_x</name><deleted>0</deleted><verified>0</verified><occluded>no</occluded><attributes></attributes><parts><hasparts></hasparts><ispartof></ispartof></parts><date>24-08-20 15:38:22:818</date><id>0</id><type>bounding_box</type><polygon><username>anonymous</username><pt><x>983</x><y>518</y><time>24-08-20 15:38:09:304</time></pt><pt><x>3315</x><y>518</y><time>24-08-20 15:38:13:894</time></pt><pt><x>3315</x><y>2466</y><time>undefined</time></pt><pt><x>983</x><y>2466</y><time>undefined</time></pt><closed_date>24-08-20 15:38:13:896</closed_date></polygon></object></annotation>