<annotation><filename>img_m1_s10_270_p_ic022.jpg</filename><folder>users/joselusava//santiago</folder><source><submittedBy>Jose Saca</submittedBy></source><imagesize><nrows>3200</nrows><ncols>4800</ncols></imagesize><object><name>m1_s10_270_p_ic022</name><deleted>0</deleted><verified>0</verified><occluded>no</occluded><attributes></attributes><parts><hasparts></hasparts><ispartof></ispartof></parts><date>26-08-20 18:51:48:440</date><id>0</id><type>bounding_box</type><polygon><username>anonymous</username><pt><x>734</x><y>468</y><time>26-08-20 18:51:39:222</time></pt><pt><x>3254</x><y>468</y><time>26-08-20 18:51:41:953</time></pt><pt><x>3254</x><y>2703</y><time>undefined</time></pt><pt><x>734</x><y>2703</y><time>undefined</time></pt><closed_date>26-08-20 18:51:41:955</closed_date></polygon></object></annotation>