<annotation><filename>m1_s07_194_p_ic046.jpg</filename><folder>users/joselusava//santiago</folder><source><submittedBy>Jose Saca</submittedBy></source><imagesize><nrows>3200</nrows><ncols>4800</ncols></imagesize><object><name>m1_s07_194_p_ic046</name><deleted>0</deleted><verified>0</verified><occluded>no</occluded><attributes></attributes><parts><hasparts></hasparts><ispartof></ispartof></parts><date>21-08-20 19:03:50:816</date><id>0</id><type>bounding_box</type><polygon><username>anonymous</username><pt><x>1407</x><y>58</y><time>21-08-20 19:03:27:482</time></pt><pt><x>3380</x><y>58</y><time>21-08-20 19:03:33:290</time></pt><pt><x>3380</x><y>2836</y><time>undefined</time></pt><pt><x>1407</x><y>2836</y><time>undefined</time></pt><closed_date>21-08-20 19:03:33:291</closed_date></polygon></object></annotation>