<annotation><filename>img_m1_s10_303_p_ic088.jpg</filename><folder>users/joselusava//santiago</folder><source><submittedBy>Jose Saca</submittedBy></source><imagesize><nrows>3200</nrows><ncols>4800</ncols></imagesize><object><name>m1_s10_303_p_ic088</name><deleted>0</deleted><verified>0</verified><occluded>no</occluded><attributes></attributes><parts><hasparts></hasparts><ispartof></ispartof></parts><date>01-09-20 15:45:00:260</date><id>0</id><type>bounding_box</type><polygon><username>anonymous</username><pt><x>871</x><y>900</y><time>01-09-20 15:44:50:738</time></pt><pt><x>3711</x><y>900</y><time>01-09-20 15:44:53:644</time></pt><pt><x>3711</x><y>2124</y><time>undefined</time></pt><pt><x>871</x><y>2124</y><time>undefined</time></pt><closed_date>01-09-20 15:44:53:645</closed_date></polygon></object></annotation>