<annotation><filename>m1_s05_115_p_ic061.jpg</filename><folder>users/joselusava//jacob/sala5_115_ic</folder><source><submittedBy>Jose Saca</submittedBy></source><imagesize><nrows>3200</nrows><ncols>4796</ncols></imagesize><object><name>m1_s05_115_p_ic061</name><deleted>0</deleted><verified>0</verified><occluded>no</occluded><attributes></attributes><parts><hasparts></hasparts><ispartof></ispartof></parts><date>30-08-20 21:12:05:077</date><id>0</id><type>bounding_box</type><polygon><username>anonymous</username><pt><x>1130</x><y>383</y><time>30-08-20 21:12:02:701</time></pt><pt><x>3446</x><y>383</y><time>30-08-20 21:12:04:263</time></pt><pt><x>3446</x><y>2585</y><time>undefined</time></pt><pt><x>1130</x><y>2585</y><time>undefined</time></pt><closed_date>30-08-20 21:12:04:263</closed_date></polygon></object></annotation>