<annotation><filename>img_m1_s10_270_p_ic064.jpg</filename><folder>users/joselusava//santiago</folder><source><submittedBy>Jose Saca</submittedBy></source><imagesize><nrows>3200</nrows><ncols>4800</ncols></imagesize><object><name>m1_s10_270_p_ic064</name><deleted>0</deleted><verified>0</verified><occluded>no</occluded><attributes></attributes><parts><hasparts></hasparts><ispartof></ispartof></parts><date>26-08-20 23:01:08:716</date><id>0</id><type>bounding_box</type><polygon><username>anonymous</username><pt><x>1101</x><y>702</y><time>26-08-20 23:00:57:573</time></pt><pt><x>2804</x><y>702</y><time>26-08-20 23:01:00:972</time></pt><pt><x>2804</x><y>2610</y><time>undefined</time></pt><pt><x>1101</x><y>2610</y><time>undefined</time></pt><closed_date>26-08-20 23:01:00:972</closed_date></polygon></object></annotation>