<annotation><filename>m1_s05_123_x.jpg</filename><folder>users/joselusava//jacob/sala5</folder><source><submittedBy>Jose Saca</submittedBy></source><imagesize><nrows>3200</nrows><ncols>4800</ncols></imagesize><object><name>m1_s05_123_x</name><deleted>0</deleted><verified>0</verified><occluded>no</occluded><attributes></attributes><parts><hasparts></hasparts><ispartof></ispartof></parts><date>24-08-20 20:02:59:413</date><id>0</id><type>bounding_box</type><polygon><username>anonymous</username><pt><x>1288</x><y>2417</y><time>24-08-20 20:02:56:060</time></pt><pt><x>3380</x><y>2417</y><time>24-08-20 20:02:58:419</time></pt><pt><x>3380</x><y>1039</y><time>undefined</time></pt><pt><x>1288</x><y>1039</y><time>undefined</time></pt><closed_date>24-08-20 20:02:58:419</closed_date></polygon></object></annotation>