<annotation><filename>m1_s05_138_p_nic015.jpg</filename><folder>users/joselusava//jacob/138</folder><source><submittedBy>Jose Saca</submittedBy></source><imagesize><nrows>3200</nrows><ncols>4800</ncols></imagesize><object><name>m1_s05_138_p_nic015</name><deleted>0</deleted><verified>0</verified><occluded>no</occluded><attributes></attributes><parts><hasparts></hasparts><ispartof></ispartof></parts><date>23-08-20 23:30:00:024</date><id>0</id><type>bounding_box</type><polygon><username>anonymous</username><pt><x>2667</x><y>2092</y><time>23-08-20 23:29:55:086</time></pt><pt><x>1967</x><y>2092</y><time>23-08-20 23:29:56:906</time></pt><pt><x>1967</x><y>2971</y><time>undefined</time></pt><pt><x>2667</x><y>2971</y><time>undefined</time></pt><closed_date>23-08-20 23:29:56:907</closed_date></polygon></object></annotation>