<annotation><filename>m1_s07_194_p_ic098.jpg</filename><folder>users/joselusava//santiago</folder><source><submittedBy>Jose Saca</submittedBy></source><imagesize><nrows>3200</nrows><ncols>4800</ncols></imagesize><object><name>m1_s07_194_p_ic098</name><deleted>0</deleted><verified>0</verified><occluded>no</occluded><attributes></attributes><parts><hasparts></hasparts><ispartof></ispartof></parts><date>22-08-20 17:54:18:837</date><id>0</id><type>bounding_box</type><polygon><username>anonymous</username><pt><x>1811</x><y>590</y><time>22-08-20 17:54:07:970</time></pt><pt><x>3150</x><y>590</y><time>22-08-20 17:54:10:399</time></pt><pt><x>3150</x><y>2700</y><time>undefined</time></pt><pt><x>1811</x><y>2700</y><time>undefined</time></pt><closed_date>22-08-20 17:54:10:401</closed_date></polygon></object></annotation>