<annotation><filename>img_m1_s10_270_p_nic046.jpg</filename><folder>users/joselusava//santiago</folder><source><submittedBy>Jose Saca</submittedBy></source><imagesize><nrows>3200</nrows><ncols>4800</ncols></imagesize><object><name>m1_s10_270_p_nic046</name><deleted>0</deleted><verified>0</verified><occluded>no</occluded><attributes></attributes><parts><hasparts></hasparts><ispartof></ispartof></parts><date>27-08-20 14:12:30:078</date><id>0</id><type>bounding_box</type><polygon><username>anonymous</username><pt><x>1523</x><y>1649</y><time>27-08-20 14:12:20:573</time></pt><pt><x>2905</x><y>1649</y><time>27-08-20 14:12:23:188</time></pt><pt><x>2905</x><y>2844</y><time>undefined</time></pt><pt><x>1523</x><y>2844</y><time>undefined</time></pt><closed_date>27-08-20 14:12:23:189</closed_date></polygon></object></annotation>