<annotation><filename>img_m1_s10_303_p_ic082.jpg</filename><folder>users/joselusava//santiago</folder><source><submittedBy>Jose Saca</submittedBy></source><imagesize><nrows>3200</nrows><ncols>4800</ncols></imagesize><object><name>m1_s10_303_p_ic082</name><deleted>0</deleted><verified>0</verified><occluded>no</occluded><attributes></attributes><parts><hasparts></hasparts><ispartof></ispartof></parts><date>01-09-20 15:36:38:360</date><id>0</id><type>bounding_box</type><polygon><username>anonymous</username><pt><x>1281</x><y>734</y><time>01-09-20 15:36:28:354</time></pt><pt><x>3117</x><y>734</y><time>01-09-20 15:36:30:210</time></pt><pt><x>3117</x><y>2261</y><time>undefined</time></pt><pt><x>1281</x><y>2261</y><time>undefined</time></pt><closed_date>01-09-20 15:36:30:210</closed_date></polygon></object></annotation>