<annotation><filename>m1_s05_138_p_nic014.jpg</filename><folder>users/joselusava//jacob/138</folder><source><submittedBy>Jose Saca</submittedBy></source><imagesize><nrows>3200</nrows><ncols>4800</ncols></imagesize><object><name>m1_s05_138_p_nic014</name><deleted>0</deleted><verified>0</verified><occluded>no</occluded><attributes></attributes><parts><hasparts></hasparts><ispartof></ispartof></parts><date>23-08-20 23:29:31:725</date><id>0</id><type>bounding_box</type><polygon><username>anonymous</username><pt><x>1247</x><y>2106</y><time>23-08-20 23:29:25:705</time></pt><pt><x>1953</x><y>2106</y><time>23-08-20 23:29:28:229</time></pt><pt><x>1953</x><y>2971</y><time>undefined</time></pt><pt><x>1247</x><y>2971</y><time>undefined</time></pt><closed_date>23-08-20 23:29:28:229</closed_date></polygon></object></annotation>