<annotation><filename>m1_s05_138_p_nic033.jpg</filename><folder>users/joselusava//jacob/138</folder><source><submittedBy>Jose Saca</submittedBy></source><imagesize><nrows>3200</nrows><ncols>4800</ncols></imagesize><object><name>m1_s05_138_p_nic033</name><deleted>0</deleted><verified>0</verified><occluded>no</occluded><attributes></attributes><parts><hasparts></hasparts><ispartof></ispartof></parts><date>23-08-20 23:38:26:418</date><id>0</id><type>bounding_box</type><polygon><username>anonymous</username><pt><x>479</x><y>364</y><time>23-08-20 23:38:22:647</time></pt><pt><x>1169</x><y>364</y><time>23-08-20 23:38:23:917</time></pt><pt><x>1169</x><y>1293</y><time>undefined</time></pt><pt><x>479</x><y>1293</y><time>undefined</time></pt><closed_date>23-08-20 23:38:23:918</closed_date></polygon></object></annotation>