<annotation><filename>m1_s07_194_p_nic049.jpg</filename><folder>users/joselusava//santiago</folder><source><submittedBy>Jose Saca</submittedBy></source><imagesize><nrows>3200</nrows><ncols>4800</ncols></imagesize><object><name>m1_s07_194_p_nic049</name><deleted>0</deleted><verified>0</verified><occluded>no</occluded><attributes></attributes><parts><hasparts></hasparts><ispartof></ispartof></parts><date>24-08-20 13:40:18:131</date><id>0</id><type>bounding_box</type><polygon><username>anonymous</username><pt><x>274</x><y>781</y><time>24-08-20 13:40:07:783</time></pt><pt><x>1332</x><y>781</y><time>24-08-20 13:40:10:184</time></pt><pt><x>1332</x><y>2390</y><time>undefined</time></pt><pt><x>274</x><y>2390</y><time>undefined</time></pt><closed_date>24-08-20 13:40:10:184</closed_date></polygon></object></annotation>