<annotation><filename>img_m1_s10_303_p_ic072.jpg</filename><folder>users/joselusava//santiago</folder><source><submittedBy>Jose Saca</submittedBy></source><imagesize><nrows>3200</nrows><ncols>4800</ncols></imagesize><object><name>m1_s10_303_p_ic072</name><deleted>0</deleted><verified>0</verified><occluded>no</occluded><attributes></attributes><parts><hasparts></hasparts><ispartof></ispartof></parts><date>01-09-20 10:17:29:050</date><id>0</id><type>bounding_box</type><polygon><username>anonymous</username><pt><x>1141</x><y>947</y><time>01-09-20 10:17:15:244</time></pt><pt><x>3675</x><y>947</y><time>01-09-20 10:17:20:930</time></pt><pt><x>3675</x><y>2286</y><time>undefined</time></pt><pt><x>1141</x><y>2286</y><time>undefined</time></pt><closed_date>01-09-20 10:17:20:931</closed_date></polygon></object></annotation>