<annotation><filename>m1_s05_138_p_ic055.jpg</filename><folder>users/joselusava//jacob</folder><source><submittedBy>Jose Saca</submittedBy></source><imagesize><nrows>3200</nrows><ncols>4800</ncols></imagesize><object><name>m1_s05_138_p_ic055</name><deleted>0</deleted><verified>0</verified><occluded>no</occluded><attributes></attributes><parts><hasparts></hasparts><ispartof></ispartof></parts><date>21-08-20 22:34:03:289</date><id>0</id><type>bounding_box</type><polygon><username>anonymous</username><pt><x>2902</x><y>235</y><time>21-08-20 22:33:52:425</time></pt><pt><x>1046</x><y>235</y><time>21-08-20 22:33:58:456</time></pt><pt><x>1046</x><y>2597</y><time>undefined</time></pt><pt><x>2902</x><y>2597</y><time>undefined</time></pt><closed_date>21-08-20 22:33:58:456</closed_date></polygon></object></annotation>