<annotation><filename>m1_s07_194_p_ic088.jpg</filename><folder>users/joselusava//santiago</folder><source><submittedBy>Jose Saca</submittedBy></source><imagesize><nrows>3200</nrows><ncols>4800</ncols></imagesize><object><name>m1_s07_194_p_ic088</name><deleted>0</deleted><verified>0</verified><occluded>no</occluded><attributes></attributes><parts><hasparts></hasparts><ispartof></ispartof></parts><date>22-08-20 17:33:32:785</date><id>0</id><type>bounding_box</type><polygon><username>anonymous</username><pt><x>1569</x><y>612</y><time>22-08-20 17:33:16:397</time></pt><pt><x>2923</x><y>612</y><time>22-08-20 17:33:19:813</time></pt><pt><x>2923</x><y>2811</y><time>undefined</time></pt><pt><x>1569</x><y>2811</y><time>undefined</time></pt><closed_date>22-08-20 17:33:19:814</closed_date></polygon></object></annotation>