<annotation><filename>m1_s05_138_p_ic005.jpg</filename><folder>users/joselusava//jacob</folder><source><submittedBy>Jose Saca</submittedBy></source><imagesize><nrows>3200</nrows><ncols>4800</ncols></imagesize><object><name>m1_s05_138_p_ic005</name><deleted>0</deleted><verified>0</verified><occluded>no</occluded><attributes></attributes><parts><hasparts></hasparts><ispartof></ispartof></parts><date>21-08-20 16:21:30:280</date><id>0</id><type>bounding_box</type><polygon><username>anonymous</username><pt><x>3043</x><y>2479</y><time>21-08-20 16:20:37:991</time></pt><pt><x>1677</x><y>2479</y><time>21-08-20 16:20:43:116</time></pt><pt><x>1677</x><y>105</y><time>undefined</time></pt><pt><x>3043</x><y>105</y><time>undefined</time></pt><closed_date>21-08-20 16:20:43:117</closed_date></polygon></object></annotation>