<annotation><filename>m1_s07_194_p_nic026.jpg</filename><folder>users/joselusava//santiago</folder><source><submittedBy>Jose Saca</submittedBy></source><imagesize><nrows>3200</nrows><ncols>4800</ncols></imagesize><object><name>m1_s07_194_p_nic026</name><deleted>0</deleted><verified>0</verified><occluded>no</occluded><attributes></attributes><parts><hasparts></hasparts><ispartof></ispartof></parts><date>24-08-20 12:48:04:360</date><id>0</id><type>bounding_box</type><polygon><username>anonymous</username><pt><x>2930</x><y>155</y><time>24-08-20 12:47:54:972</time></pt><pt><x>3733</x><y>155</y><time>24-08-20 12:47:57:838</time></pt><pt><x>3733</x><y>1753</y><time>undefined</time></pt><pt><x>2930</x><y>1753</y><time>undefined</time></pt><closed_date>24-08-20 12:47:57:839</closed_date></polygon></object></annotation>