<annotation><filename>m1_s05_127_x.jpg</filename><folder>users/joselusava//jacob/sala5</folder><source><submittedBy>Jose Saca</submittedBy></source><imagesize><nrows>3200</nrows><ncols>4800</ncols></imagesize><object><name>m1_s05_127_x</name><deleted>0</deleted><verified>0</verified><occluded>no</occluded><attributes></attributes><parts><hasparts></hasparts><ispartof></ispartof></parts><date>24-08-20 20:05:16:269</date><id>0</id><type>bounding_box</type><polygon><username>anonymous</username><pt><x>769</x><y>665</y><time>24-08-20 20:05:12:971</time></pt><pt><x>3456</x><y>665</y><time>24-08-20 20:05:14:899</time></pt><pt><x>3456</x><y>2868</y><time>undefined</time></pt><pt><x>769</x><y>2868</y><time>undefined</time></pt><closed_date>24-08-20 20:05:14:899</closed_date></polygon></object></annotation>