<annotation><filename>m1_s07_194_p_nic046.jpg</filename><folder>users/joselusava//santiago</folder><source><submittedBy>Jose Saca</submittedBy></source><imagesize><nrows>3200</nrows><ncols>4800</ncols></imagesize><object><name>m1_s07_194_p_nic046</name><deleted>0</deleted><verified>0</verified><occluded>no</occluded><attributes></attributes><parts><hasparts></hasparts><ispartof></ispartof></parts><date>24-08-20 13:35:33:331</date><id>0</id><type>bounding_box</type><polygon><username>anonymous</username><pt><x>1433</x><y>1497</y><time>24-08-20 13:35:25:333</time></pt><pt><x>2430</x><y>1497</y><time>24-08-20 13:35:27:621</time></pt><pt><x>2430</x><y>3024</y><time>undefined</time></pt><pt><x>1433</x><y>3024</y><time>undefined</time></pt><closed_date>24-08-20 13:35:27:622</closed_date></polygon></object></annotation>