<annotation><filename>m1_s05_138_p_nic089.jpg</filename><folder>users/joselusava//jacob/138</folder><source><submittedBy>Jose Saca</submittedBy></source><imagesize><nrows>3200</nrows><ncols>4800</ncols></imagesize><object><name>m1_s05_138_p_nic089</name><deleted>0</deleted><verified>0</verified><occluded>no</occluded><attributes></attributes><parts><hasparts></hasparts><ispartof></ispartof></parts><date>24-08-20 12:48:14:348</date><id>0</id><type>bounding_box</type><polygon><username>anonymous</username><pt><x>457</x><y>1690</y><time>24-08-20 12:48:10:828</time></pt><pt><x>1198</x><y>1690</y><time>24-08-20 12:48:13:471</time></pt><pt><x>1198</x><y>2971</y><time>undefined</time></pt><pt><x>457</x><y>2971</y><time>undefined</time></pt><closed_date>24-08-20 12:48:13:471</closed_date></polygon></object></annotation>