<annotation><filename>m1_s07_194_p_nic095.jpg</filename><folder>users/joselusava//santiago</folder><source><submittedBy>Jose Saca</submittedBy></source><imagesize><nrows>3200</nrows><ncols>4800</ncols></imagesize><object><name>m1_s07_194_p_nic095</name><deleted>0</deleted><verified>0</verified><occluded>no</occluded><attributes></attributes><parts><hasparts></hasparts><ispartof></ispartof></parts><date>24-08-20 15:21:14:820</date><id>0</id><type>bounding_box</type><polygon><username>anonymous</username><pt><x>659</x><y>32</y><time>24-08-20 15:21:05:458</time></pt><pt><x>1991</x><y>32</y><time>24-08-20 15:21:07:160</time></pt><pt><x>1991</x><y>2095</y><time>undefined</time></pt><pt><x>659</x><y>2095</y><time>undefined</time></pt><closed_date>24-08-20 15:21:07:161</closed_date></polygon></object></annotation>