<annotation><filename>img_m1_s10_270_p_ic099.jpg</filename><folder>users/joselusava//santiago</folder><source><submittedBy>Jose Saca</submittedBy></source><imagesize><nrows>3200</nrows><ncols>4800</ncols></imagesize><object><name>m1_s10_270_p_ic099</name><deleted>0</deleted><verified>0</verified><occluded>no</occluded><attributes></attributes><parts><hasparts></hasparts><ispartof></ispartof></parts><date>27-08-20 12:14:08:812</date><id>0</id><type>bounding_box</type><polygon><username>anonymous</username><pt><x>831</x><y>1087</y><time>27-08-20 12:13:57:356</time></pt><pt><x>3556</x><y>1087</y><time>27-08-20 12:14:01:955</time></pt><pt><x>3556</x><y>3157</y><time>undefined</time></pt><pt><x>831</x><y>3157</y><time>undefined</time></pt><closed_date>27-08-20 12:14:01:957</closed_date></polygon></object></annotation>