<annotation><filename>img_m1_s10_270_p_nic045.jpg</filename><folder>users/joselusava//santiago</folder><source><submittedBy>Jose Saca</submittedBy></source><imagesize><nrows>3200</nrows><ncols>4800</ncols></imagesize><object><name>m1_s10_270_p_nic045</name><deleted>0</deleted><verified>0</verified><occluded>no</occluded><attributes></attributes><parts><hasparts></hasparts><ispartof></ispartof></parts><date>27-08-20 14:11:01:446</date><id>0</id><type>bounding_box</type><polygon><username>anonymous</username><pt><x>1246</x><y>1680</y><time>27-08-20 14:10:50:592</time></pt><pt><x>2640</x><y>1680</y><time>27-08-20 14:10:53:130</time></pt><pt><x>2640</x><y>2857</y><time>undefined</time></pt><pt><x>1246</x><y>2857</y><time>undefined</time></pt><closed_date>27-08-20 14:10:53:131</closed_date></polygon></object></annotation>