<annotation><filename>m1_s07_194_p_ic005.jpg</filename><folder>users/joselusava//santiago</folder><source><submittedBy>Jose Saca</submittedBy></source><imagesize><nrows>3200</nrows><ncols>4800</ncols></imagesize><object><name>m1_s07_194_p_ic005</name><deleted>0</deleted><verified>0</verified><occluded>no</occluded><attributes></attributes><parts><hasparts></hasparts><ispartof></ispartof></parts><date>21-08-20 12:32:57:086</date><id>0</id><type>bounding_box</type><polygon><username>anonymous</username><pt><x>1667</x><y>400</y><time>21-08-20 12:32:40:325</time></pt><pt><x>3369</x><y>400</y><time>21-08-20 12:32:46:459</time></pt><pt><x>3369</x><y>2948</y><time>undefined</time></pt><pt><x>1667</x><y>2948</y><time>undefined</time></pt><closed_date>21-08-20 12:32:46:459</closed_date></polygon></object></annotation>