<annotation><filename>m1_s07_194_p_ic015.jpg</filename><folder>users/joselusava//santiago</folder><source><submittedBy>Jose Saca</submittedBy></source><imagesize><nrows>3200</nrows><ncols>4800</ncols></imagesize><object><name>m1_s07_194_p_ic015</name><deleted>0</deleted><verified>0</verified><occluded>no</occluded><attributes></attributes><parts><hasparts></hasparts><ispartof></ispartof></parts><date>21-08-20 13:14:03:349</date><id>0</id><type>bounding_box</type><polygon><username>anonymous</username><pt><x>1497</x><y>299</y><time>21-08-20 13:13:47:386</time></pt><pt><x>3261</x><y>299</y><time>21-08-20 13:13:53:546</time></pt><pt><x>3261</x><y>2793</y><time>undefined</time></pt><pt><x>1497</x><y>2793</y><time>undefined</time></pt><closed_date>21-08-20 13:13:53:546</closed_date></polygon></object></annotation>