<annotation><filename>img_m1_s10_303_p_ic049.jpg</filename><folder>users/joselusava//santiago</folder><source><submittedBy>Jose Saca</submittedBy></source><imagesize><nrows>3200</nrows><ncols>4800</ncols></imagesize><object><name>m1_s10_303_p_ic049</name><deleted>0</deleted><verified>0</verified><occluded>no</occluded><attributes></attributes><parts><hasparts></hasparts><ispartof></ispartof></parts><date>31-08-20 13:44:44:550</date><id>0</id><type>bounding_box</type><polygon><username>anonymous</username><pt><x>1325</x><y>1505</y><time>31-08-20 13:44:34:149</time></pt><pt><x>2970</x><y>1505</y><time>31-08-20 13:44:37:330</time></pt><pt><x>2970</x><y>2365</y><time>undefined</time></pt><pt><x>1325</x><y>2365</y><time>undefined</time></pt><closed_date>31-08-20 13:44:37:331</closed_date></polygon></object></annotation>