<annotation><filename>m1_s05_115_p_nic061.jpg</filename><folder>users/joselusava//jacob/sala5_115_nic</folder><source><submittedBy>Jose Saca</submittedBy></source><imagesize><nrows>3200</nrows><ncols>4796</ncols></imagesize><object><name>m1_s05_115_p_nic061</name><deleted>0</deleted><verified>0</verified><occluded>no</occluded><attributes></attributes><parts><hasparts></hasparts><ispartof></ispartof></parts><date>30-08-20 23:48:39:191</date><id>0</id><type>bounding_box</type><polygon><username>anonymous</username><pt><x>2384</x><y>3035</y><time>30-08-20 23:48:37:102</time></pt><pt><x>1388</x><y>3035</y><time>30-08-20 23:48:38:662</time></pt><pt><x>1388</x><y>1991</y><time>undefined</time></pt><pt><x>2384</x><y>1991</y><time>undefined</time></pt><closed_date>30-08-20 23:48:38:662</closed_date></polygon></object></annotation>