<annotation><filename>img_m1_s10_303_p_ic078.jpg</filename><folder>users/joselusava//santiago</folder><source><submittedBy>Jose Saca</submittedBy></source><imagesize><nrows>3200</nrows><ncols>4800</ncols></imagesize><object><name>m1_s10_303_p_ic078</name><deleted>0</deleted><verified>0</verified><occluded>no</occluded><attributes></attributes><parts><hasparts></hasparts><ispartof></ispartof></parts><date>01-09-20 10:25:56:570</date><id>0</id><type>bounding_box</type><polygon><username>anonymous</username><pt><x>1559</x><y>860</y><time>01-09-20 10:25:44:038</time></pt><pt><x>3650</x><y>860</y><time>01-09-20 10:25:50:248</time></pt><pt><x>3650</x><y>2235</y><time>undefined</time></pt><pt><x>1559</x><y>2235</y><time>undefined</time></pt><closed_date>01-09-20 10:25:50:249</closed_date></polygon></object></annotation>