<annotation><filename>img_m1_s10_270_p_ic069.jpg</filename><folder>users/joselusava//santiago</folder><source><submittedBy>Jose Saca</submittedBy></source><imagesize><nrows>3200</nrows><ncols>4800</ncols></imagesize><object><name>m1_s10_270_p_ic069</name><deleted>0</deleted><verified>0</verified><occluded>no</occluded><attributes></attributes><parts><hasparts></hasparts><ispartof></ispartof></parts><date>26-08-20 23:13:24:804</date><id>0</id><type>bounding_box</type><polygon><username>anonymous</username><pt><x>968</x><y>504</y><time>26-08-20 23:13:11:667</time></pt><pt><x>3045</x><y>504</y><time>26-08-20 23:13:16:610</time></pt><pt><x>3045</x><y>2502</y><time>undefined</time></pt><pt><x>968</x><y>2502</y><time>undefined</time></pt><closed_date>26-08-20 23:13:16:611</closed_date></polygon></object></annotation>