<annotation><filename>m1_s05_115_p_ic044.jpg</filename><folder>users/joselusava//jacob/sala5_115_ic</folder><source><submittedBy>Jose Saca</submittedBy></source><imagesize><nrows>3200</nrows><ncols>4796</ncols></imagesize><object><name>m1_s05_115_p_ic044</name><deleted>0</deleted><verified>0</verified><occluded>no</occluded><attributes></attributes><parts><hasparts></hasparts><ispartof></ispartof></parts><date>30-08-20 21:05:43:347</date><id>0</id><type>bounding_box</type><polygon><username>anonymous</username><pt><x>3542</x><y>67</y><time>30-08-20 21:05:41:044</time></pt><pt><x>507</x><y>67</y><time>30-08-20 21:05:42:558</time></pt><pt><x>507</x><y>2690</y><time>undefined</time></pt><pt><x>3542</x><y>2690</y><time>undefined</time></pt><closed_date>30-08-20 21:05:42:558</closed_date></polygon></object></annotation>