<annotation><filename>img_m1_s10_270_p_nic034.jpg</filename><folder>users/joselusava//santiago</folder><source><submittedBy>Jose Saca</submittedBy></source><imagesize><nrows>3200</nrows><ncols>4800</ncols></imagesize><object><name>m1_s10_270_p_nic034</name><deleted>0</deleted><verified>0</verified><occluded>no</occluded><attributes></attributes><parts><hasparts></hasparts><ispartof></ispartof></parts><date>27-08-20 13:40:28:069</date><id>0</id><type>bounding_box</type><polygon><username>anonymous</username><pt><x>137</x><y>425</y><time>27-08-20 13:40:18:644</time></pt><pt><x>1641</x><y>425</y><time>27-08-20 13:40:21:274</time></pt><pt><x>1641</x><y>1713</y><time>undefined</time></pt><pt><x>137</x><y>1713</y><time>undefined</time></pt><closed_date>27-08-20 13:40:21:274</closed_date></polygon></object></annotation>