<annotation><filename>img_m1_s01_270_p_ic059.jpg</filename><folder>users/joselusava//santiago</folder><source><submittedBy>Jose Saca</submittedBy></source><imagesize><nrows>3200</nrows><ncols>4800</ncols></imagesize><object><name>m1_s10_270_p_ic059</name><deleted>0</deleted><verified>0</verified><occluded>no</occluded><attributes></attributes><parts><hasparts></hasparts><ispartof></ispartof></parts><date>26-08-20 22:17:02:125</date><id>0</id><type>bounding_box</type><polygon><username>anonymous</username><pt><x>871</x><y>540</y><time>26-08-20 22:16:51:293</time></pt><pt><x>3027</x><y>540</y><time>26-08-20 22:16:54:289</time></pt><pt><x>3027</x><y>2426</y><time>undefined</time></pt><pt><x>871</x><y>2426</y><time>undefined</time></pt><closed_date>26-08-20 22:16:54:291</closed_date></polygon></object></annotation>