<annotation><filename>img_m1_s10_270_p_nic076.jpg</filename><folder>users/joselusava//santiago</folder><source><submittedBy>Jose Saca</submittedBy></source><imagesize><nrows>3200</nrows><ncols>4800</ncols></imagesize><object><name>m1_s10_270_p_nic076</name><deleted>0</deleted><verified>0</verified><occluded>no</occluded><attributes></attributes><parts><hasparts></hasparts><ispartof></ispartof></parts><date>28-08-20 14:15:05:114</date><id>0</id><type>bounding_box</type><polygon><username>anonymous</username><pt><x>2149</x><y>1674</y><time>28-08-20 14:14:54:417</time></pt><pt><x>3448</x><y>1674</y><time>28-08-20 14:14:57:921</time></pt><pt><x>3448</x><y>2851</y><time>undefined</time></pt><pt><x>2149</x><y>2851</y><time>undefined</time></pt><closed_date>28-08-20 14:14:57:923</closed_date></polygon></object></annotation>