<annotation><filename>m1_s07_194_p_ic017.jpg</filename><folder>users/joselusava//santiago</folder><source><submittedBy>Jose Saca</submittedBy></source><imagesize><nrows>3200</nrows><ncols>4800</ncols></imagesize><object><name>m1_s07_194_p_ic017</name><deleted>0</deleted><verified>0</verified><occluded>no</occluded><attributes></attributes><parts><hasparts></hasparts><ispartof></ispartof></parts><date>21-08-20 13:19:38:409</date><id>0</id><type>bounding_box</type><polygon><username>anonymous</username><pt><x>1562</x><y>259</y><time>21-08-20 13:19:15:447</time></pt><pt><x>3312</x><y>259</y><time>21-08-20 13:19:26:251</time></pt><pt><x>3312</x><y>2890</y><time>undefined</time></pt><pt><x>1562</x><y>2890</y><time>undefined</time></pt><closed_date>21-08-20 13:19:26:252</closed_date></polygon></object></annotation>