<annotation><filename>img_m1_s10_270_p_ic033.jpg</filename><folder>users/joselusava//santiago</folder><source><submittedBy>Jose Saca</submittedBy></source><imagesize><nrows>3200</nrows><ncols>4800</ncols></imagesize><object><name>m1_s10_270_p_ic033</name><deleted>0</deleted><verified>0</verified><occluded>no</occluded><attributes></attributes><parts><hasparts></hasparts><ispartof></ispartof></parts><date>26-08-20 19:22:51:296</date><id>0</id><type>bounding_box</type><polygon><username>anonymous</username><pt><x>1253</x><y>576</y><time>26-08-20 19:22:39:844</time></pt><pt><x>3272</x><y>576</y><time>26-08-20 19:22:43:215</time></pt><pt><x>3272</x><y>2595</y><time>undefined</time></pt><pt><x>1253</x><y>2595</y><time>undefined</time></pt><closed_date>26-08-20 19:22:43:217</closed_date></polygon></object></annotation>