<annotation><filename>m1_s05_115_p_nic060.jpg</filename><folder>users/joselusava//jacob/sala5_115_nic</folder><source><submittedBy>Jose Saca</submittedBy></source><imagesize><nrows>3200</nrows><ncols>4796</ncols></imagesize><object><name>m1_s05_115_p_nic060</name><deleted>0</deleted><verified>0</verified><occluded>no</occluded><attributes></attributes><parts><hasparts></hasparts><ispartof></ispartof></parts><date>30-08-20 23:48:20:077</date><id>0</id><type>bounding_box</type><polygon><username>anonymous</username><pt><x>1139</x><y>1943</y><time>30-08-20 23:48:17:944</time></pt><pt><x>2125</x><y>1943</y><time>30-08-20 23:48:19:243</time></pt><pt><x>2125</x><y>3015</y><time>undefined</time></pt><pt><x>1139</x><y>3015</y><time>undefined</time></pt><closed_date>30-08-20 23:48:19:244</closed_date></polygon></object></annotation>