<annotation><filename>m1_s05_138_p_ic026.jpg</filename><folder>users/joselusava//jacob</folder><source><submittedBy>Jose Saca</submittedBy></source><imagesize><nrows>3200</nrows><ncols>4800</ncols></imagesize><object><name>m1_s05_138_p_ic026</name><deleted>0</deleted><verified>0</verified><occluded>no</occluded><attributes></attributes><parts><hasparts></hasparts><ispartof></ispartof></parts><date>21-08-20 18:32:59:372</date><id>0</id><type>bounding_box</type><polygon><username>anonymous</username><pt><x>2805</x><y>353</y><time>21-08-20 18:32:44:500</time></pt><pt><x>1475</x><y>353</y><time>21-08-20 18:32:48:974</time></pt><pt><x>1475</x><y>2500</y><time>undefined</time></pt><pt><x>2805</x><y>2500</y><time>undefined</time></pt><closed_date>21-08-20 18:32:48:974</closed_date></polygon></object></annotation>