<annotation><filename>img_m1_s10_303_p_ic015.jpg</filename><folder>users/joselusava//santiago</folder><source><submittedBy>Jose Saca</submittedBy></source><imagesize><nrows>3200</nrows><ncols>4800</ncols></imagesize><object><name>m1_s10_303_p_ic015</name><deleted>0</deleted><verified>0</verified><occluded>no</occluded><attributes></attributes><parts><hasparts></hasparts><ispartof></ispartof></parts><date>31-08-20 11:54:01:628</date><id>0</id><type>bounding_box</type><polygon><username>anonymous</username><pt><x>1119</x><y>1116</y><time>31-08-20 11:53:47:561</time></pt><pt><x>3243</x><y>1116</y><time>31-08-20 11:53:53:513</time></pt><pt><x>3243</x><y>2174</y><time>undefined</time></pt><pt><x>1119</x><y>2174</y><time>undefined</time></pt><closed_date>31-08-20 11:53:53:514</closed_date></polygon></object></annotation>