<annotation><filename>m1_s05_115_p_ic043.jpg</filename><folder>users/joselusava//jacob/sala5_115_ic</folder><source><submittedBy>Jose Saca</submittedBy></source><imagesize><nrows>3200</nrows><ncols>4796</ncols></imagesize><object><name>m1_s05_115_p_ic043</name><deleted>0</deleted><verified>0</verified><occluded>no</occluded><attributes></attributes><parts><hasparts></hasparts><ispartof></ispartof></parts><date>30-08-20 21:05:19:291</date><id>0</id><type>bounding_box</type><polygon><username>anonymous</username><pt><x>3896</x><y>2709</y><time>30-08-20 21:05:14:249</time></pt><pt><x>862</x><y>2709</y><time>30-08-20 21:05:18:441</time></pt><pt><x>862</x><y>153</y><time>undefined</time></pt><pt><x>3896</x><y>153</y><time>undefined</time></pt><closed_date>30-08-20 21:05:18:442</closed_date></polygon></object></annotation>