<annotation><filename>m1_s07_206_x.jpg</filename><folder>users/joselusava//santiago</folder><source><submittedBy>Jose Saca</submittedBy></source><imagesize><nrows>3200</nrows><ncols>4800</ncols></imagesize><object><name>m1_s07_206_x</name><deleted>0</deleted><verified>0</verified><occluded>no</occluded><attributes></attributes><parts><hasparts></hasparts><ispartof></ispartof></parts><date>24-08-20 16:25:05:536</date><id>0</id><type>bounding_box</type><polygon><username>anonymous</username><pt><x>1112</x><y>263</y><time>24-08-20 16:24:48:779</time></pt><pt><x>3623</x><y>263</y><time>24-08-20 16:24:56:697</time></pt><pt><x>3623</x><y>2952</y><time>undefined</time></pt><pt><x>1112</x><y>2952</y><time>undefined</time></pt><closed_date>24-08-20 16:24:56:699</closed_date></polygon></object></annotation>