<annotation><filename>m1_s07_194_p_nic024.jpg</filename><folder>users/joselusava//santiago</folder><source><submittedBy>Jose Saca</submittedBy></source><imagesize><nrows>3200</nrows><ncols>4800</ncols></imagesize><object><name>m1_s07_194_p_nic024</name><deleted>0</deleted><verified>0</verified><occluded>no</occluded><attributes></attributes><parts><hasparts></hasparts><ispartof></ispartof></parts><date>24-08-20 12:44:09:176</date><id>0</id><type>bounding_box</type><polygon><username>anonymous</username><pt><x>2263</x><y>141</y><time>24-08-20 12:43:56:588</time></pt><pt><x>3021</x><y>141</y><time>24-08-20 12:44:00:433</time></pt><pt><x>3021</x><y>1733</y><time>undefined</time></pt><pt><x>2263</x><y>1733</y><time>undefined</time></pt><closed_date>24-08-20 12:44:00:434</closed_date></polygon></object></annotation>