<annotation><filename>m1_s05_115_p_nic023.jpg</filename><folder>users/joselusava//jacob/sala5_115_nic</folder><source><submittedBy>Jose Saca</submittedBy></source><imagesize><nrows>3200</nrows><ncols>4796</ncols></imagesize><object><name>m1_s05_115_p_nic023</name><deleted>0</deleted><verified>0</verified><occluded>no</occluded><attributes></attributes><parts><hasparts></hasparts><ispartof></ispartof></parts><date>30-08-20 23:06:39:244</date><id>0</id><type>bounding_box</type><polygon><username>anonymous</username><pt><x>1809</x><y>2029</y><time>30-08-20 23:06:36:367</time></pt><pt><x>316</x><y>2029</y><time>30-08-20 23:06:38:302</time></pt><pt><x>316</x><y>871</y><time>undefined</time></pt><pt><x>1809</x><y>871</y><time>undefined</time></pt><closed_date>30-08-20 23:06:38:303</closed_date></polygon></object></annotation>