<annotation><filename>m1_s08_248_x.jpg</filename><folder>users/joselusava//santiago</folder><source><submittedBy>Jose Saca</submittedBy></source><imagesize><nrows>3200</nrows><ncols>4800</ncols></imagesize><object><name>m1_s08_248_x</name><deleted>0</deleted><verified>0</verified><occluded>no</occluded><attributes></attributes><parts><hasparts></hasparts><ispartof></ispartof></parts><date>25-08-20 13:43:45:811</date><id>0</id><type>bounding_box</type><polygon><username>anonymous</username><pt><x>1033</x><y>425</y><time>25-08-20 13:43:33:394</time></pt><pt><x>3978</x><y>425</y><time>25-08-20 13:43:37:121</time></pt><pt><x>3978</x><y>2912</y><time>undefined</time></pt><pt><x>1033</x><y>2912</y><time>undefined</time></pt><closed_date>25-08-20 13:43:37:122</closed_date></polygon></object></annotation>