<annotation><filename>img_m1_s10_303_p_ic098.jpg</filename><folder>users/joselusava//santiago</folder><source><submittedBy>Jose Saca</submittedBy></source><imagesize><nrows>3200</nrows><ncols>4800</ncols></imagesize><object><name>m1_s10_303_p_ic098</name><deleted>0</deleted><verified>0</verified><occluded>no</occluded><attributes></attributes><parts><hasparts></hasparts><ispartof></ispartof></parts><date>01-09-20 16:02:10:639</date><id>0</id><type>bounding_box</type><polygon><username>anonymous</username><pt><x>1278</x><y>1163</y><time>01-09-20 16:02:02:244</time></pt><pt><x>3700</x><y>1163</y><time>01-09-20 16:02:04:186</time></pt><pt><x>3700</x><y>2325</y><time>undefined</time></pt><pt><x>1278</x><y>2325</y><time>undefined</time></pt><closed_date>01-09-20 16:02:04:188</closed_date></polygon></object></annotation>