<annotation><filename>m1_s05_138_p_nic069.jpg</filename><folder>users/joselusava//jacob/138</folder><source><submittedBy>Jose Saca</submittedBy></source><imagesize><nrows>3200</nrows><ncols>4800</ncols></imagesize><object><name>m1_s05_138_p_nic069</name><deleted>0</deleted><verified>0</verified><occluded>no</occluded><attributes></attributes><parts><hasparts></hasparts><ispartof></ispartof></parts><date>23-08-20 23:57:49:445</date><id>0</id><type>bounding_box</type><polygon><username>anonymous</username><pt><x>3200</x><y>1744</y><time>23-08-20 23:57:47:107</time></pt><pt><x>4311</x><y>1744</y><time>23-08-20 23:57:48:531</time></pt><pt><x>4311</x><y>3037</y><time>undefined</time></pt><pt><x>3200</x><y>3037</y><time>undefined</time></pt><closed_date>23-08-20 23:57:48:531</closed_date></polygon></object></annotation>