<annotation><filename>m1_s05_115_p_ic034.jpg</filename><folder>users/joselusava//jacob/sala5_115_ic</folder><source><submittedBy>Jose Saca</submittedBy></source><imagesize><nrows>3200</nrows><ncols>4796</ncols></imagesize><object><name>m1_s05_115_p_ic034</name><deleted>0</deleted><verified>0</verified><occluded>no</occluded><attributes></attributes><parts><hasparts></hasparts><ispartof></ispartof></parts><date>30-08-20 21:01:38:702</date><id>0</id><type>bounding_box</type><polygon><username>anonymous</username><pt><x>1091</x><y>2719</y><time>30-08-20 21:01:36:546</time></pt><pt><x>3714</x><y>2719</y><time>30-08-20 21:01:37:893</time></pt><pt><x>3714</x><y>105</y><time>undefined</time></pt><pt><x>1091</x><y>105</y><time>undefined</time></pt><closed_date>30-08-20 21:01:37:893</closed_date></polygon></object></annotation>