<annotation><filename>img_m1_s10_270_p_nic022.jpg</filename><folder>users/joselusava//santiago</folder><source><submittedBy>Jose Saca</submittedBy></source><imagesize><nrows>3200</nrows><ncols>4800</ncols></imagesize><object><name>m1_s10_270_p_nic022</name><deleted>0</deleted><verified>0</verified><occluded>no</occluded><attributes></attributes><parts><hasparts></hasparts><ispartof></ispartof></parts><date>27-08-20 13:22:04:813</date><id>0</id><type>bounding_box</type><polygon><username>anonymous</username><pt><x>1116</x><y>1483</y><time>27-08-20 13:21:54:161</time></pt><pt><x>2822</x><y>1483</y><time>27-08-20 13:21:58:234</time></pt><pt><x>2822</x><y>2818</y><time>undefined</time></pt><pt><x>1116</x><y>2818</y><time>undefined</time></pt><closed_date>27-08-20 13:21:58:236</closed_date></polygon></object></annotation>