<annotation><filename>img_m1_s10_303_p_ic061.jpg</filename><folder>users/joselusava//santiago</folder><source><submittedBy>Jose Saca</submittedBy></source><imagesize><nrows>3200</nrows><ncols>4800</ncols></imagesize><object><name>m1_s10_303_p_ic061</name><deleted>0</deleted><verified>0</verified><occluded>no</occluded><attributes></attributes><parts><hasparts></hasparts><ispartof></ispartof></parts><date>31-08-20 14:23:22:193</date><id>0</id><type>bounding_box</type><polygon><username>anonymous</username><pt><x>1299</x><y>1112</y><time>31-08-20 14:23:09:767</time></pt><pt><x>3229</x><y>1112</y><time>31-08-20 14:23:13:464</time></pt><pt><x>3229</x><y>2297</y><time>undefined</time></pt><pt><x>1299</x><y>2297</y><time>undefined</time></pt><closed_date>31-08-20 14:23:13:466</closed_date></polygon></object></annotation>