<annotation><filename>img_m1_s01_270_p_ic051.jpg</filename><folder>users/joselusava//santiago</folder><source><submittedBy>Jose Saca</submittedBy></source><imagesize><nrows>3200</nrows><ncols>4800</ncols></imagesize><object><name>m1_s10_270_p_ic051</name><deleted>0</deleted><verified>0</verified><occluded>no</occluded><attributes></attributes><parts><hasparts></hasparts><ispartof></ispartof></parts><date>26-08-20 21:53:27:258</date><id>0</id><type>bounding_box</type><polygon><username>anonymous</username><pt><x>936</x><y>443</y><time>26-08-20 21:53:15:040</time></pt><pt><x>3344</x><y>443</y><time>26-08-20 21:53:19:504</time></pt><pt><x>3344</x><y>2171</y><time>undefined</time></pt><pt><x>936</x><y>2171</y><time>undefined</time></pt><closed_date>26-08-20 21:53:19:506</closed_date></polygon></object></annotation>