<annotation><filename>img_m1_s10_270_p_ic086.jpg</filename><folder>users/joselusava//santiago</folder><source><submittedBy>Jose Saca</submittedBy></source><imagesize><nrows>3200</nrows><ncols>4800</ncols></imagesize><object><name>m1_s10_270_p_ic086</name><deleted>0</deleted><verified>0</verified><occluded>no</occluded><attributes></attributes><parts><hasparts></hasparts><ispartof></ispartof></parts><date>27-08-20 11:47:30:260</date><id>0</id><type>bounding_box</type><polygon><username>anonymous</username><pt><x>1094</x><y>486</y><time>27-08-20 11:47:20:818</time></pt><pt><x>3787</x><y>486</y><time>27-08-20 11:47:23:331</time></pt><pt><x>3787</x><y>2682</y><time>undefined</time></pt><pt><x>1094</x><y>2682</y><time>undefined</time></pt><closed_date>27-08-20 11:47:23:333</closed_date></polygon></object></annotation>