<annotation><filename>m1_s07_194_p_ic086.jpg</filename><folder>users/joselusava//santiago</folder><source><submittedBy>Jose Saca</submittedBy></source><imagesize><nrows>3200</nrows><ncols>4800</ncols></imagesize><object><name>m1_s07_194_p_ic086</name><deleted>0</deleted><verified>0</verified><occluded>no</occluded><attributes></attributes><parts><hasparts></hasparts><ispartof></ispartof></parts><date>22-08-20 17:29:48:805</date><id>0</id><type>bounding_box</type><polygon><username>anonymous</username><pt><x>1371</x><y>547</y><time>22-08-20 17:29:31:431</time></pt><pt><x>2980</x><y>547</y><time>22-08-20 17:29:36:797</time></pt><pt><x>2980</x><y>2858</y><time>undefined</time></pt><pt><x>1371</x><y>2858</y><time>undefined</time></pt><closed_date>22-08-20 17:29:36:799</closed_date></polygon></object></annotation>