<annotation><filename>m1_s07_194_p_nic069.jpg</filename><folder>users/joselusava//santiago</folder><source><submittedBy>Jose Saca</submittedBy></source><imagesize><nrows>3200</nrows><ncols>4800</ncols></imagesize><object><name>m1_s07_194_p_nic069</name><deleted>0</deleted><verified>0</verified><occluded>no</occluded><attributes></attributes><parts><hasparts></hasparts><ispartof></ispartof></parts><date>24-08-20 14:23:20:529</date><id>0</id><type>bounding_box</type><polygon><username>anonymous</username><pt><x>202</x><y>179</y><time>24-08-20 14:23:11:419</time></pt><pt><x>1070</x><y>179</y><time>24-08-20 14:23:13:517</time></pt><pt><x>1070</x><y>1996</y><time>undefined</time></pt><pt><x>202</x><y>1996</y><time>undefined</time></pt><closed_date>24-08-20 14:23:13:518</closed_date></polygon></object></annotation>