<annotation><filename>img_m1_s10_303_p_ic054.jpg</filename><folder>users/joselusava//santiago</folder><source><submittedBy>Jose Saca</submittedBy></source><imagesize><nrows>3200</nrows><ncols>4800</ncols></imagesize><object><name>m1_s10_303_p_ic054</name><deleted>0</deleted><verified>0</verified><occluded>no</occluded><attributes></attributes><parts><hasparts></hasparts><ispartof></ispartof></parts><date>31-08-20 14:00:46:498</date><id>0</id><type>bounding_box</type><polygon><username>anonymous</username><pt><x>1854</x><y>360</y><time>31-08-20 14:00:33:966</time></pt><pt><x>3319</x><y>360</y><time>31-08-20 14:00:39:600</time></pt><pt><x>3319</x><y>1461</y><time>undefined</time></pt><pt><x>1854</x><y>1461</y><time>undefined</time></pt><closed_date>31-08-20 14:00:39:601</closed_date></polygon></object></annotation>