<annotation><filename>m1_s05_115_p_ic037.jpg</filename><folder>users/joselusava//jacob/sala5_115_ic</folder><source><submittedBy>Jose Saca</submittedBy></source><imagesize><nrows>3200</nrows><ncols>4796</ncols></imagesize><object><name>m1_s05_115_p_ic037</name><deleted>0</deleted><verified>0</verified><occluded>no</occluded><attributes></attributes><parts><hasparts></hasparts><ispartof></ispartof></parts><date>30-08-20 21:02:42:263</date><id>0</id><type>bounding_box</type><polygon><username>anonymous</username><pt><x>986</x><y>2824</y><time>30-08-20 21:02:39:796</time></pt><pt><x>3963</x><y>2824</y><time>30-08-20 21:02:41:485</time></pt><pt><x>3963</x><y>335</y><time>undefined</time></pt><pt><x>986</x><y>335</y><time>undefined</time></pt><closed_date>30-08-20 21:02:41:485</closed_date></polygon></object></annotation>