<annotation><filename>m1_s05_138_p_nic058.jpg</filename><folder>users/joselusava//jacob/138</folder><source><submittedBy>Jose Saca</submittedBy></source><imagesize><nrows>3200</nrows><ncols>4800</ncols></imagesize><object><name>m1_s05_138_p_nic058</name><deleted>0</deleted><verified>0</verified><occluded>no</occluded><attributes></attributes><parts><hasparts></hasparts><ispartof></ispartof></parts><date>23-08-20 23:52:55:321</date><id>0</id><type>bounding_box</type><polygon><username>anonymous</username><pt><x>3823</x><y>3028</y><time>23-08-20 23:52:52:224</time></pt><pt><x>2663</x><y>3028</y><time>23-08-20 23:52:54:127</time></pt><pt><x>2663</x><y>1562</y><time>undefined</time></pt><pt><x>3823</x><y>1562</y><time>undefined</time></pt><closed_date>23-08-20 23:52:54:127</closed_date></polygon></object></annotation>