<annotation><filename>m1_s07_194_p_ic096.jpg</filename><folder>users/joselusava//santiago</folder><source><submittedBy>Jose Saca</submittedBy></source><imagesize><nrows>3200</nrows><ncols>4800</ncols></imagesize><object><name>m1_s07_194_p_ic096</name><deleted>0</deleted><verified>0</verified><occluded>no</occluded><attributes></attributes><parts><hasparts></hasparts><ispartof></ispartof></parts><date>22-08-20 17:48:58:268</date><id>0</id><type>bounding_box</type><polygon><username>anonymous</username><pt><x>1764</x><y>472</y><time>22-08-20 17:48:43:539</time></pt><pt><x>3042</x><y>472</y><time>22-08-20 17:48:47:748</time></pt><pt><x>3042</x><y>2833</y><time>undefined</time></pt><pt><x>1764</x><y>2833</y><time>undefined</time></pt><closed_date>22-08-20 17:48:47:749</closed_date></polygon></object></annotation>