<annotation><filename>m1_s07_194_p_ic042.jpg</filename><folder>users/joselusava//santiago</folder><source><submittedBy>Jose Saca</submittedBy></source><imagesize><nrows>3200</nrows><ncols>4800</ncols></imagesize><object><name>m1_s07_194_p_ic042</name><deleted>0</deleted><verified>0</verified><occluded>no</occluded><attributes></attributes><parts><hasparts></hasparts><ispartof></ispartof></parts><date>21-08-20 18:51:02:397</date><id>0</id><type>bounding_box</type><polygon><username>anonymous</username><pt><x>1289</x><y>281</y><time>21-08-20 18:50:20:429</time></pt><pt><x>3193</x><y>281</y><time>21-08-20 18:50:24:622</time></pt><pt><x>3193</x><y>3117</y><time>undefined</time></pt><pt><x>1289</x><y>3117</y><time>undefined</time></pt><closed_date>21-08-20 18:50:24:623</closed_date></polygon></object></annotation>