<annotation><filename>m1_s05_138_p_ic050.jpg</filename><folder>users/joselusava//jacob</folder><source><submittedBy>Jose Saca</submittedBy></source><imagesize><nrows>3200</nrows><ncols>4800</ncols></imagesize><object><name>m1_s05_138_p_ic049</name><deleted>0</deleted><verified>0</verified><occluded>no</occluded><attributes></attributes><parts><hasparts></hasparts><ispartof></ispartof></parts><date>21-08-20 22:25:40:986</date><id>0</id><type>bounding_box</type><polygon><username>anonymous</username><pt><x>1087</x><y>173</y><time>21-08-20 22:25:35:330</time></pt><pt><x>3242</x><y>173</y><time>21-08-20 22:25:37:370</time></pt><pt><x>3242</x><y>2646</y><time>undefined</time></pt><pt><x>1087</x><y>2646</y><time>undefined</time></pt><closed_date>21-08-20 22:25:37:370</closed_date></polygon></object></annotation>