<annotation><filename>m1_s08_259_x.jpg</filename><folder>users/joselusava//santiago</folder><source><submittedBy>Jose Saca</submittedBy></source><imagesize><nrows>3200</nrows><ncols>4800</ncols></imagesize><object><name>m1_s08_259_x</name><deleted>0</deleted><verified>0</verified><occluded>no</occluded><attributes></attributes><parts><hasparts></hasparts><ispartof></ispartof></parts><date>25-08-20 14:10:55:384</date><id>0</id><type>bounding_box</type><polygon><username>anonymous</username><pt><x>1191</x><y>212</y><time>25-08-20 14:10:44:468</time></pt><pt><x>3268</x><y>212</y><time>25-08-20 14:10:47:930</time></pt><pt><x>3268</x><y>2746</y><time>undefined</time></pt><pt><x>1191</x><y>2746</y><time>undefined</time></pt><closed_date>25-08-20 14:10:47:932</closed_date></polygon></object></annotation>