<annotation><filename>m1_s05_115_p_nic098.jpg</filename><folder>users/joselusava//jacob/sala5_115_nic</folder><source><submittedBy>Jose Saca</submittedBy></source><imagesize><nrows>3200</nrows><ncols>4796</ncols></imagesize><object><name>m1_s05_115_p_nic098</name><deleted>0</deleted><verified>0</verified><occluded>no</occluded><attributes></attributes><parts><hasparts></hasparts><ispartof></ispartof></parts><date>31-08-20 00:08:40:271</date><id>0</id><type>bounding_box</type><polygon><username>anonymous</username><pt><x>3188</x><y>1991</y><time>31-08-20 00:08:37:942</time></pt><pt><x>4059</x><y>1991</y><time>31-08-20 00:08:39:103</time></pt><pt><x>4059</x><y>2690</y><time>undefined</time></pt><pt><x>3188</x><y>2690</y><time>undefined</time></pt><closed_date>31-08-20 00:08:39:104</closed_date></polygon></object></annotation>