<annotation><filename>m1_s07_199_x.jpg</filename><folder>users/joselusava//santiago</folder><source><submittedBy>Jose Saca</submittedBy></source><imagesize><nrows>3200</nrows><ncols>4800</ncols></imagesize><object><name>m1_s07_199_x</name><deleted>0</deleted><verified>0</verified><occluded>no</occluded><attributes></attributes><parts><hasparts></hasparts><ispartof></ispartof></parts><date>24-08-20 15:44:06:956</date><id>0</id><type>bounding_box</type><polygon><username>anonymous</username><pt><x>529</x><y>248</y><time>24-08-20 15:44:00:601</time></pt><pt><x>4251</x><y>248</y><time>24-08-20 15:44:03:326</time></pt><pt><x>4251</x><y>2243</y><time>undefined</time></pt><pt><x>529</x><y>2243</y><time>undefined</time></pt><closed_date>24-08-20 15:44:03:327</closed_date></polygon></object></annotation>