<annotation><filename>img_m1_s10_303_p_ic081.jpg</filename><folder>users/joselusava//santiago</folder><source><submittedBy>Jose Saca</submittedBy></source><imagesize><nrows>3200</nrows><ncols>4800</ncols></imagesize><object><name>m1_s10_303_p_ic081</name><deleted>0</deleted><verified>0</verified><occluded>no</occluded><attributes></attributes><parts><hasparts></hasparts><ispartof></ispartof></parts><date>01-09-20 15:35:23:201</date><id>0</id><type>bounding_box</type><polygon><username>anonymous</username><pt><x>1195</x><y>731</y><time>01-09-20 15:35:11:711</time></pt><pt><x>3182</x><y>731</y><time>01-09-20 15:35:14:661</time></pt><pt><x>3182</x><y>2239</y><time>undefined</time></pt><pt><x>1195</x><y>2239</y><time>undefined</time></pt><closed_date>01-09-20 15:35:14:662</closed_date></polygon></object></annotation>