<annotation><filename>img_m1_s01_270_p_ic042.jpg</filename><folder>users/joselusava//santiago</folder><source><submittedBy>Jose Saca</submittedBy></source><imagesize><nrows>3200</nrows><ncols>4800</ncols></imagesize><object><name>m1_s10_270_p_ic042</name><deleted>0</deleted><verified>0</verified><occluded>no</occluded><attributes></attributes><parts><hasparts></hasparts><ispartof></ispartof></parts><date>26-08-20 21:26:17:223</date><id>0</id><type>bounding_box</type><polygon><username>anonymous</username><pt><x>1091</x><y>436</y><time>26-08-20 21:26:05:107</time></pt><pt><x>3531</x><y>436</y><time>26-08-20 21:26:07:906</time></pt><pt><x>3531</x><y>2451</y><time>undefined</time></pt><pt><x>1091</x><y>2451</y><time>undefined</time></pt><closed_date>26-08-20 21:26:07:908</closed_date></polygon></object></annotation>