<annotation><filename>m1_s07_194_p_ic009.jpg</filename><folder>users/joselusava//santiago</folder><source><submittedBy>Jose Saca</submittedBy></source><imagesize><nrows>3200</nrows><ncols>4800</ncols></imagesize><object><name>m1_s07_194_p_ic009</name><deleted>0</deleted><verified>0</verified><occluded>no</occluded><attributes></attributes><parts><hasparts></hasparts><ispartof></ispartof></parts><date>21-08-20 12:42:43:441</date><id>0</id><type>bounding_box</type><polygon><username>anonymous</username><pt><x>1332</x><y>374</y><time>21-08-20 12:42:28:368</time></pt><pt><x>3250</x><y>374</y><time>21-08-20 12:42:34:807</time></pt><pt><x>3250</x><y>2836</y><time>undefined</time></pt><pt><x>1332</x><y>2836</y><time>undefined</time></pt><closed_date>21-08-20 12:42:34:808</closed_date></polygon></object></annotation>