<annotation><filename>img_m1_s10_303_p_ic066.jpg</filename><folder>users/joselusava//santiago</folder><source><submittedBy>Jose Saca</submittedBy></source><imagesize><nrows>3200</nrows><ncols>4800</ncols></imagesize><object><name>m1_s10_303_p_ic066</name><deleted>0</deleted><verified>0</verified><occluded>no</occluded><attributes></attributes><parts><hasparts></hasparts><ispartof></ispartof></parts><date>31-08-20 14:32:55:357</date><id>0</id><type>bounding_box</type><polygon><username>anonymous</username><pt><x>925</x><y>936</y><time>31-08-20 14:32:45:442</time></pt><pt><x>3340</x><y>936</y><time>31-08-20 14:32:48:128</time></pt><pt><x>3340</x><y>2163</y><time>undefined</time></pt><pt><x>925</x><y>2163</y><time>undefined</time></pt><closed_date>31-08-20 14:32:48:130</closed_date></polygon></object></annotation>