<annotation><filename>m1_s05_138_p_nic097.jpg</filename><folder>users/joselusava//jacob/138</folder><source><submittedBy>Jose Saca</submittedBy></source><imagesize><nrows>3200</nrows><ncols>4800</ncols></imagesize><object><name>m1_s05_138_p_nic097</name><deleted>0</deleted><verified>0</verified><occluded>no</occluded><attributes></attributes><parts><hasparts></hasparts><ispartof></ispartof></parts><date>24-08-20 12:51:27:054</date><id>0</id><type>bounding_box</type><polygon><username>anonymous</username><pt><x>2771</x><y>346</y><time>24-08-20 12:51:24:237</time></pt><pt><x>1552</x><y>346</y><time>24-08-20 12:51:26:287</time></pt><pt><x>1552</x><y>1842</y><time>undefined</time></pt><pt><x>2771</x><y>1842</y><time>undefined</time></pt><closed_date>24-08-20 12:51:26:287</closed_date></polygon></object></annotation>