<annotation><filename>m1_s09_264_x.jpg</filename><folder>users/joselusava//santiago</folder><source><submittedBy>Jose Saca</submittedBy></source><imagesize><nrows>3200</nrows><ncols>4800</ncols></imagesize><object><name>m1_s09_264_x</name><deleted>0</deleted><verified>0</verified><occluded>no</occluded><attributes></attributes><parts><hasparts></hasparts><ispartof></ispartof></parts><date>25-08-20 14:21:35:822</date><id>0</id><type>bounding_box</type><polygon><username>anonymous</username><pt><x>266</x><y>576</y><time>25-08-20 14:21:26:510</time></pt><pt><x>4553</x><y>576</y><time>25-08-20 14:21:29:284</time></pt><pt><x>4553</x><y>2649</y><time>undefined</time></pt><pt><x>266</x><y>2649</y><time>undefined</time></pt><closed_date>25-08-20 14:21:29:285</closed_date></polygon></object></annotation>