<annotation><filename>m1_s07_194_p_nic038.jpg</filename><folder>users/joselusava//santiago</folder><source><submittedBy>Jose Saca</submittedBy></source><imagesize><nrows>3200</nrows><ncols>4800</ncols></imagesize><object><name>m1_s07_194_p_nic038</name><deleted>0</deleted><verified>0</verified><occluded>no</occluded><attributes></attributes><parts><hasparts></hasparts><ispartof></ispartof></parts><date>24-08-20 13:10:01:012</date><id>0</id><type>bounding_box</type><polygon><username>anonymous</username><pt><x>3229</x><y>1029</y><time>24-08-20 13:09:46:013</time></pt><pt><x>4456</x><y>1029</y><time>24-08-20 13:09:52:820</time></pt><pt><x>4456</x><y>2556</y><time>undefined</time></pt><pt><x>3229</x><y>2556</y><time>undefined</time></pt><closed_date>24-08-20 13:09:52:822</closed_date></polygon></object></annotation>