<annotation><filename>m1_s05_115_p_nic021.jpg</filename><folder>users/joselusava//jacob/sala5_115_nic</folder><source><submittedBy>Jose Saca</submittedBy></source><imagesize><nrows>3200</nrows><ncols>4796</ncols></imagesize><object><name>m1_s05_115_p_nic021</name><deleted>0</deleted><verified>0</verified><occluded>no</occluded><attributes></attributes><parts><hasparts></hasparts><ispartof></ispartof></parts><date>30-08-20 23:05:52:577</date><id>0</id><type>bounding_box</type><polygon><username>anonymous</username><pt><x>1675</x><y>1350</y><time>30-08-20 23:05:49:484</time></pt><pt><x>172</x><y>1350</y><time>30-08-20 23:05:51:753</time></pt><pt><x>172</x><y>172</y><time>undefined</time></pt><pt><x>1675</x><y>172</y><time>undefined</time></pt><closed_date>30-08-20 23:05:51:753</closed_date></polygon></object></annotation>