<annotation><filename>img_m1_s10_303_p_ic095.jpg</filename><folder>users/joselusava//santiago</folder><source><submittedBy>Jose Saca</submittedBy></source><imagesize><nrows>3200</nrows><ncols>4800</ncols></imagesize><object><name>m1_s10_303_p_ic095</name><deleted>0</deleted><verified>0</verified><occluded>no</occluded><attributes></attributes><parts><hasparts></hasparts><ispartof></ispartof></parts><date>01-09-20 15:56:13:607</date><id>0</id><type>bounding_box</type><polygon><username>anonymous</username><pt><x>1080</x><y>1015</y><time>01-09-20 15:56:05:003</time></pt><pt><x>3711</x><y>1015</y><time>01-09-20 15:56:06:772</time></pt><pt><x>3711</x><y>2199</y><time>undefined</time></pt><pt><x>1080</x><y>2199</y><time>undefined</time></pt><closed_date>01-09-20 15:56:06:774</closed_date></polygon></object></annotation>