<annotation><filename>m1_s07_194_p_nic002.jpg</filename><folder>users/joselusava//santiago</folder><source><submittedBy>Jose Saca</submittedBy></source><imagesize><nrows>3200</nrows><ncols>4800</ncols></imagesize><object><name>m1_s07_194_p_nic002</name><deleted>0</deleted><verified>0</verified><occluded>no</occluded><attributes></attributes><parts><hasparts></hasparts><ispartof></ispartof></parts><date>24-08-20 11:05:11:953</date><id>0</id><type>bounding_box</type><polygon><username>anonymous</username><pt><x>3402</x><y>590</y><time>24-08-20 11:05:02:284</time></pt><pt><x>4283</x><y>590</y><time>24-08-20 11:05:04:565</time></pt><pt><x>4283</x><y>2217</y><time>undefined</time></pt><pt><x>3402</x><y>2217</y><time>undefined</time></pt><closed_date>24-08-20 11:05:04:566</closed_date></polygon></object></annotation>