<annotation><filename>m1_s05_138_p_ic043.jpg</filename><folder>users/joselusava//jacob</folder><source><submittedBy>Jose Saca</submittedBy></source><imagesize><nrows>3200</nrows><ncols>4800</ncols></imagesize><object><name>m1_s05_138_p_ic043</name><deleted>0</deleted><verified>0</verified><occluded>no</occluded><attributes></attributes><parts><hasparts></hasparts><ispartof></ispartof></parts><date>21-08-20 22:21:58:813</date><id>0</id><type>bounding_box</type><polygon><username>anonymous</username><pt><x>3221</x><y>464</y><time>21-08-20 22:21:51:180</time></pt><pt><x>1323</x><y>464</y><time>21-08-20 22:21:54:914</time></pt><pt><x>1323</x><y>2771</y><time>undefined</time></pt><pt><x>3221</x><y>2771</y><time>undefined</time></pt><closed_date>21-08-20 22:21:54:914</closed_date></polygon></object></annotation>