<annotation><filename>m1_s07_221_x.jpg</filename><folder>users/joselusava//santiago</folder><source><submittedBy>Jose Saca</submittedBy></source><imagesize><nrows>3200</nrows><ncols>4800</ncols></imagesize><object><name>m1_s07_221_x</name><deleted>0</deleted><verified>0</verified><occluded>no</occluded><attributes></attributes><parts><hasparts></hasparts><ispartof></ispartof></parts><date>24-08-20 20:38:18:287</date><id>0</id><type>bounding_box</type><polygon><username>anonymous</username><pt><x>688</x><y>270</y><time>24-08-20 20:38:05:758</time></pt><pt><x>3952</x><y>270</y><time>24-08-20 20:38:10:094</time></pt><pt><x>3952</x><y>3020</y><time>undefined</time></pt><pt><x>688</x><y>3020</y><time>undefined</time></pt><closed_date>24-08-20 20:38:10:095</closed_date></polygon></object></annotation>