<annotation><filename>m1_s05_136_x.jpg</filename><folder>users/joselusava//jacob/sala5</folder><source><submittedBy>Jose Saca</submittedBy></source><imagesize><nrows>3200</nrows><ncols>4800</ncols></imagesize><object><name>m1_s05_136_x</name><deleted>0</deleted><verified>0</verified><occluded>no</occluded><attributes></attributes><parts><hasparts></hasparts><ispartof></ispartof></parts><date>25-08-20 18:21:47:617</date><id>0</id><type>bounding_box</type><polygon><username>anonymous</username><pt><x>900</x><y>2577</y><time>25-08-20 18:21:42:594</time></pt><pt><x>3858</x><y>2577</y><time>25-08-20 18:21:46:385</time></pt><pt><x>3858</x><y>471</y><time>undefined</time></pt><pt><x>900</x><y>471</y><time>undefined</time></pt><closed_date>25-08-20 18:21:46:385</closed_date></polygon></object></annotation>