<annotation><filename>img_m1_s10_303_p_ic064.jpg</filename><folder>users/joselusava//santiago</folder><source><submittedBy>Jose Saca</submittedBy></source><imagesize><nrows>3200</nrows><ncols>4800</ncols></imagesize><object><name>m1_s10_303_p_ic064</name><deleted>0</deleted><verified>0</verified><occluded>no</occluded><attributes></attributes><parts><hasparts></hasparts><ispartof></ispartof></parts><date>31-08-20 14:27:48:971</date><id>0</id><type>bounding_box</type><polygon><username>anonymous</username><pt><x>1011</x><y>921</y><time>31-08-20 14:27:34:780</time></pt><pt><x>3355</x><y>921</y><time>31-08-20 14:27:41:829</time></pt><pt><x>3355</x><y>2369</y><time>undefined</time></pt><pt><x>1011</x><y>2369</y><time>undefined</time></pt><closed_date>31-08-20 14:27:41:830</closed_date></polygon></object></annotation>