<annotation><filename>img_m1_s10_270_p_nic087.jpg</filename><folder>users/joselusava//santiago</folder><source><submittedBy>Jose Saca</submittedBy></source><imagesize><nrows>3200</nrows><ncols>4800</ncols></imagesize><object><name>m1_s10_270_p_nic087</name><deleted>0</deleted><verified>0</verified><occluded>no</occluded><attributes></attributes><parts><hasparts></hasparts><ispartof></ispartof></parts><date>28-08-20 14:39:32:824</date><id>0</id><type>bounding_box</type><polygon><username>anonymous</username><pt><x>2300</x><y>324</y><time>28-08-20 14:39:23:142</time></pt><pt><x>4003</x><y>324</y><time>28-08-20 14:39:25:810</time></pt><pt><x>4003</x><y>1652</y><time>undefined</time></pt><pt><x>2300</x><y>1652</y><time>undefined</time></pt><closed_date>28-08-20 14:39:25:811</closed_date></polygon></object></annotation>