<annotation><filename>m1_s07_194_p_ic099.jpg</filename><folder>users/joselusava//santiago</folder><source><submittedBy>Jose Saca</submittedBy></source><imagesize><nrows>3200</nrows><ncols>4800</ncols></imagesize><object><name>m1_s07_194_p_ic099</name><deleted>0</deleted><verified>0</verified><occluded>no</occluded><attributes></attributes><parts><hasparts></hasparts><ispartof></ispartof></parts><date>22-08-20 17:56:24:244</date><id>0</id><type>bounding_box</type><polygon><username>anonymous</username><pt><x>1721</x><y>454</y><time>22-08-20 17:56:12:054</time></pt><pt><x>2779</x><y>454</y><time>22-08-20 17:56:16:120</time></pt><pt><x>2779</x><y>2779</y><time>undefined</time></pt><pt><x>1721</x><y>2779</y><time>undefined</time></pt><closed_date>22-08-20 17:56:16:120</closed_date></polygon></object></annotation>