<annotation><filename>m1_s05_138_p_ic096.jpg</filename><folder>users/joselusava//jacob</folder><source><submittedBy>Jose Saca</submittedBy></source><imagesize><nrows>3200</nrows><ncols>4800</ncols></imagesize><object><name>m1_s05_138_p_ic096</name><deleted>0</deleted><verified>0</verified><occluded>no</occluded><attributes></attributes><parts><hasparts></hasparts><ispartof></ispartof></parts><date>21-08-20 23:12:41:846</date><id>0</id><type>bounding_box</type><polygon><username>anonymous</username><pt><x>1621</x><y>339</y><time>21-08-20 23:12:36:918</time></pt><pt><x>3325</x><y>339</y><time>21-08-20 23:12:38:601</time></pt><pt><x>3325</x><y>3096</y><time>undefined</time></pt><pt><x>1621</x><y>3096</y><time>undefined</time></pt><closed_date>21-08-20 23:12:38:601</closed_date></polygon></object></annotation>