<annotation><filename>m1_s05_138_p_ic022.jpg</filename><folder>users/joselusava//jacob</folder><source><submittedBy>Jose Saca</submittedBy></source><imagesize><nrows>3200</nrows><ncols>4800</ncols></imagesize><object><name>m1_s05_138_p_ic022</name><deleted>0</deleted><verified>0</verified><occluded>no</occluded><attributes></attributes><parts><hasparts></hasparts><ispartof></ispartof></parts><date>21-08-20 18:29:48:856</date><id>0</id><type>bounding_box</type><polygon><username>anonymous</username><pt><x>1509</x><y>2752</y><time>21-08-20 18:29:41:906</time></pt><pt><x>2804</x><y>2752</y><time>21-08-20 18:29:43:228</time></pt><pt><x>2804</x><y>717</y><time>undefined</time></pt><pt><x>1509</x><y>717</y><time>undefined</time></pt><closed_date>21-08-20 18:29:43:229</closed_date></polygon></object></annotation>