<annotation><filename>m1_s07_194_p_nic035.jpg</filename><folder>users/joselusava//santiago</folder><source><submittedBy>Jose Saca</submittedBy></source><imagesize><nrows>3200</nrows><ncols>4800</ncols></imagesize><object><name>m1_s07_194_p_nic035</name><deleted>1</deleted><verified>0</verified><occluded>no</occluded><attributes></attributes><parts><hasparts></hasparts><ispartof></ispartof></parts><date>24-08-20 13:03:32:661</date><id>0</id><type>bounding_box</type><polygon><username>anonymous</username><pt><x>2937</x><y>284</y><time>24-08-20 13:03:22:455</time></pt><pt><x>4064</x><y>284</y><time>24-08-20 13:03:25:445</time></pt><pt><x>4064</x><y>1778</y><time>undefined</time></pt><pt><x>2937</x><y>1778</y><time>undefined</time></pt><closed_date>24-08-20 13:03:25:446</closed_date></polygon></object><object><name>m1_s07_194_p_nic035</name><deleted>0</deleted><verified>0</verified><occluded>no</occluded><attributes></attributes><parts><hasparts></hasparts><ispartof></ispartof></parts><date>24-08-20 13:03:58:036</date><id>1</id><type>bounding_box</type><polygon><username>anonymous</username><pt><x>2944</x><y>288</y><time>24-08-20 13:03:47:297</time></pt><pt><x>4100</x><y>288</y><time>24-08-20 13:03:49:780</time></pt><pt><x>4100</x><y>1803</y><time>undefined</time></pt><pt><x>2944</x><y>1803</y><time>undefined</time></pt><closed_date>24-08-20 13:03:49:781</closed_date></polygon></object></annotation>