<annotation><filename>m1_s07_194_p_nic039.jpg</filename><folder>users/joselusava//santiago</folder><source><submittedBy>Jose Saca</submittedBy></source><imagesize><nrows>3200</nrows><ncols>4800</ncols></imagesize><object><name>m1_s07_194_p_nic039</name><deleted>0</deleted><verified>0</verified><occluded>no</occluded><attributes></attributes><parts><hasparts></hasparts><ispartof></ispartof></parts><date>24-08-20 13:11:31:009</date><id>0</id><type>bounding_box</type><polygon><username>anonymous</username><pt><x>3243</x><y>1245</y><time>24-08-20 13:11:21:075</time></pt><pt><x>4503</x><y>1245</y><time>24-08-20 13:11:24:267</time></pt><pt><x>4503</x><y>2826</y><time>undefined</time></pt><pt><x>3243</x><y>2826</y><time>undefined</time></pt><closed_date>24-08-20 13:11:24:268</closed_date></polygon></object></annotation>