<annotation><filename>m1_s07_194_p_ic041.jpg</filename><folder>users/joselusava//santiago</folder><source><submittedBy>Jose Saca</submittedBy></source><imagesize><nrows>3200</nrows><ncols>4800</ncols></imagesize><object><name>m1_s07_194_p_ic041</name><deleted>0</deleted><verified>0</verified><occluded>no</occluded><attributes></attributes><parts><hasparts></hasparts><ispartof></ispartof></parts><date>21-08-20 18:32:16:906</date><id>0</id><type>bounding_box</type><polygon><username>anonymous</username><pt><x>1404</x><y>65</y><time>21-08-20 18:31:59:062</time></pt><pt><x>3322</x><y>65</y><time>21-08-20 18:32:04:046</time></pt><pt><x>3322</x><y>2768</y><time>undefined</time></pt><pt><x>1404</x><y>2768</y><time>undefined</time></pt><closed_date>21-08-20 18:32:04:047</closed_date></polygon></object></annotation>