<annotation><filename>m1_s07_194_p_ic055.jpg</filename><folder>users/joselusava//santiago</folder><source><submittedBy>Jose Saca</submittedBy></source><imagesize><nrows>3200</nrows><ncols>4800</ncols></imagesize><object><name>m1_s07_194_p_ic055</name><deleted>0</deleted><verified>0</verified><occluded>no</occluded><attributes></attributes><parts><hasparts></hasparts><ispartof></ispartof></parts><date>21-08-20 19:34:18:380</date><id>0</id><type>bounding_box</type><polygon><username>anonymous</username><pt><x>1555</x><y>29</y><time>21-08-20 19:33:58:116</time></pt><pt><x>3258</x><y>29</y><time>21-08-20 19:34:07:900</time></pt><pt><x>3258</x><y>3171</y><time>undefined</time></pt><pt><x>1555</x><y>3171</y><time>undefined</time></pt><closed_date>21-08-20 19:34:07:901</closed_date></polygon></object></annotation>