<annotation><filename>m1_s05_138_p_nic095.jpg</filename><folder>users/joselusava//jacob/138</folder><source><submittedBy>Jose Saca</submittedBy></source><imagesize><nrows>3200</nrows><ncols>4800</ncols></imagesize><object><name>m1_s05_138_p_nic095</name><deleted>0</deleted><verified>0</verified><occluded>no</occluded><attributes></attributes><parts><hasparts></hasparts><ispartof></ispartof></parts><date>24-08-20 12:50:37:057</date><id>0</id><type>bounding_box</type><polygon><username>anonymous</username><pt><x>1794</x><y>457</y><time>24-08-20 12:50:33:498</time></pt><pt><x>2888</x><y>457</y><time>24-08-20 12:50:36:104</time></pt><pt><x>2888</x><y>1829</y><time>undefined</time></pt><pt><x>1794</x><y>1829</y><time>undefined</time></pt><closed_date>24-08-20 12:50:36:104</closed_date></polygon></object></annotation>