<annotation><filename>m1_s07_194_p_ic071.jpg</filename><folder>users/joselusava//santiago</folder><source><submittedBy>Jose Saca</submittedBy></source><imagesize><nrows>3200</nrows><ncols>4800</ncols></imagesize><object><name>m1_s07_194_p_ic071</name><deleted>0</deleted><verified>0</verified><occluded>no</occluded><attributes></attributes><parts><hasparts></hasparts><ispartof></ispartof></parts><date>22-08-20 16:51:06:735</date><id>0</id><type>bounding_box</type><polygon><username>anonymous</username><pt><x>1497</x><y>601</y><time>22-08-20 16:50:53:748</time></pt><pt><x>3420</x><y>601</y><time>22-08-20 16:50:58:519</time></pt><pt><x>3420</x><y>2707</y><time>undefined</time></pt><pt><x>1497</x><y>2707</y><time>undefined</time></pt><closed_date>22-08-20 16:50:58:521</closed_date></polygon></object></annotation>