<annotation><filename>m1_s08_254_x.jpg</filename><folder>users/joselusava//santiago</folder><source><submittedBy>Jose Saca</submittedBy></source><imagesize><nrows>3200</nrows><ncols>4800</ncols></imagesize><object><name>m1_s08_254_x</name><deleted>0</deleted><verified>0</verified><occluded>no</occluded><attributes></attributes><parts><hasparts></hasparts><ispartof></ispartof></parts><date>25-08-20 14:02:26:181</date><id>0</id><type>bounding_box</type><polygon><username>anonymous</username><pt><x>803</x><y>310</y><time>25-08-20 14:02:14:065</time></pt><pt><x>4031</x><y>310</y><time>25-08-20 14:02:18:261</time></pt><pt><x>4031</x><y>2948</y><time>undefined</time></pt><pt><x>803</x><y>2948</y><time>undefined</time></pt><closed_date>25-08-20 14:02:18:263</closed_date></polygon></object></annotation>