<annotation><filename>m1_s05_115_p_nic054.jpg</filename><folder>users/joselusava//jacob/sala5_115_nic</folder><source><submittedBy>Jose Saca</submittedBy></source><imagesize><nrows>3200</nrows><ncols>4796</ncols></imagesize><object><name>m1_s05_115_p_nic054</name><deleted>0</deleted><verified>0</verified><occluded>no</occluded><attributes></attributes><parts><hasparts></hasparts><ispartof></ispartof></parts><date>30-08-20 23:46:06:901</date><id>0</id><type>bounding_box</type><polygon><username>anonymous</username><pt><x>1311</x><y>2135</y><time>30-08-20 23:46:04:248</time></pt><pt><x>287</x><y>2135</y><time>30-08-20 23:46:06:191</time></pt><pt><x>287</x><y>929</y><time>undefined</time></pt><pt><x>1311</x><y>929</y><time>undefined</time></pt><closed_date>30-08-20 23:46:06:191</closed_date></polygon></object></annotation>