<annotation><filename>img_m1_s10_303_p_ic011.jpg</filename><folder>users/joselusava//santiago</folder><source><submittedBy>Jose Saca</submittedBy></source><imagesize><nrows>3200</nrows><ncols>4800</ncols></imagesize><object><name>m1_s10_303_p_ic011</name><deleted>0</deleted><verified>0</verified><occluded>no</occluded><attributes></attributes><parts><hasparts></hasparts><ispartof></ispartof></parts><date>31-08-20 11:47:50:510</date><id>0</id><type>bounding_box</type><polygon><username>anonymous</username><pt><x>975</x><y>835</y><time>31-08-20 11:47:39:443</time></pt><pt><x>3456</x><y>835</y><time>31-08-20 11:47:41:776</time></pt><pt><x>3456</x><y>2030</y><time>undefined</time></pt><pt><x>975</x><y>2030</y><time>undefined</time></pt><closed_date>31-08-20 11:47:41:777</closed_date></polygon></object></annotation>