<annotation><filename>m1_s07_194_p_nic015.jpg</filename><folder>users/joselusava//santiago</folder><source><submittedBy>Jose Saca</submittedBy></source><imagesize><nrows>3200</nrows><ncols>4800</ncols></imagesize><object><name>m1_s07_194_p_nic015</name><deleted>0</deleted><verified>0</verified><occluded>no</occluded><attributes></attributes><parts><hasparts></hasparts><ispartof></ispartof></parts><date>24-08-20 11:30:11:527</date><id>0</id><type>bounding_box</type><polygon><username>anonymous</username><pt><x>1296</x><y>1130</y><time>24-08-20 11:29:59:740</time></pt><pt><x>2030</x><y>1130</y><time>24-08-20 11:30:01:456</time></pt><pt><x>2030</x><y>2898</y><time>undefined</time></pt><pt><x>1296</x><y>2898</y><time>undefined</time></pt><closed_date>24-08-20 11:30:01:457</closed_date></polygon></object></annotation>