<annotation><filename>m1_s05_138_p_ic078.jpg</filename><folder>users/joselusava//jacob</folder><source><submittedBy>Jose Saca</submittedBy></source><imagesize><nrows>3200</nrows><ncols>4800</ncols></imagesize><object><name>m1_s05_138_p_ic078</name><deleted>0</deleted><verified>0</verified><occluded>no</occluded><attributes></attributes><parts><hasparts></hasparts><ispartof></ispartof></parts><date>21-08-20 22:53:48:792</date><id>0</id><type>bounding_box</type><polygon><username>anonymous</username><pt><x>2646</x><y>2383</y><time>21-08-20 22:53:43:252</time></pt><pt><x>1877</x><y>2383</y><time>21-08-20 22:53:45:745</time></pt><pt><x>1877</x><y>450</y><time>undefined</time></pt><pt><x>2646</x><y>450</y><time>undefined</time></pt><closed_date>21-08-20 22:53:45:745</closed_date></polygon></object></annotation>