<annotation><filename>img_m1_s01_270_p_ic048.jpg</filename><folder>users/joselusava//santiago</folder><source><submittedBy>Jose Saca</submittedBy></source><imagesize><nrows>3200</nrows><ncols>4800</ncols></imagesize><object><name>m1_s10_270_p_ic048</name><deleted>0</deleted><verified>0</verified><occluded>no</occluded><attributes></attributes><parts><hasparts></hasparts><ispartof></ispartof></parts><date>26-08-20 21:45:30:432</date><id>0</id><type>bounding_box</type><polygon><username>anonymous</username><pt><x>918</x><y>767</y><time>26-08-20 21:45:19:789</time></pt><pt><x>3405</x><y>767</y><time>26-08-20 21:45:23:407</time></pt><pt><x>3405</x><y>2412</y><time>undefined</time></pt><pt><x>918</x><y>2412</y><time>undefined</time></pt><closed_date>26-08-20 21:45:23:409</closed_date></polygon></object></annotation>