<annotation><filename>m1_s05_138_p_nic080.jpg</filename><folder>users/joselusava//jacob/138</folder><source><submittedBy>Jose Saca</submittedBy></source><imagesize><nrows>3200</nrows><ncols>4800</ncols></imagesize><object><name>m1_s05_138_p_nic080</name><deleted>0</deleted><verified>0</verified><occluded>no</occluded><attributes></attributes><parts><hasparts></hasparts><ispartof></ispartof></parts><date>24-08-20 12:44:37:458</date><id>0</id><type>bounding_box</type><polygon><username>anonymous</username><pt><x>2764</x><y>1378</y><time>24-08-20 12:44:34:364</time></pt><pt><x>1794</x><y>1378</y><time>24-08-20 12:44:36:245</time></pt><pt><x>1794</x><y>173</y><time>undefined</time></pt><pt><x>2764</x><y>173</y><time>undefined</time></pt><closed_date>24-08-20 12:44:36:245</closed_date></polygon></object></annotation>