<annotation><filename>img_m1_s10_303_p_ic050.jpg</filename><folder>users/joselusava//santiago</folder><source><submittedBy>Jose Saca</submittedBy></source><imagesize><nrows>3200</nrows><ncols>4800</ncols></imagesize><object><name>m1_s10_303_p_ic050</name><deleted>0</deleted><verified>0</verified><occluded>no</occluded><attributes></attributes><parts><hasparts></hasparts><ispartof></ispartof></parts><date>31-08-20 13:46:02:102</date><id>0</id><type>bounding_box</type><polygon><username>anonymous</username><pt><x>1173</x><y>1413</y><time>31-08-20 13:45:49:232</time></pt><pt><x>2922</x><y>1413</y><time>31-08-20 13:45:54:178</time></pt><pt><x>2922</x><y>2248</y><time>undefined</time></pt><pt><x>1173</x><y>2248</y><time>undefined</time></pt><closed_date>31-08-20 13:45:54:180</closed_date></polygon></object></annotation>