<annotation><filename>img_m1_s10_303_p_ic036.jpg</filename><folder>users/joselusava//santiago</folder><source><submittedBy>Jose Saca</submittedBy></source><imagesize><nrows>3200</nrows><ncols>4800</ncols></imagesize><object><name>m1_s10_303_p_ic036</name><deleted>0</deleted><verified>0</verified><occluded>no</occluded><attributes></attributes><parts><hasparts></hasparts><ispartof></ispartof></parts><date>31-08-20 13:12:17:396</date><id>0</id><type>bounding_box</type><polygon><username>anonymous</username><pt><x>1155</x><y>1051</y><time>31-08-20 13:12:06:000</time></pt><pt><x>3225</x><y>1051</y><time>31-08-20 13:12:09:772</time></pt><pt><x>3225</x><y>2207</y><time>undefined</time></pt><pt><x>1155</x><y>2207</y><time>undefined</time></pt><closed_date>31-08-20 13:12:09:774</closed_date></polygon></object></annotation>