<annotation><filename>m1_s05_138_p_ic039.jpg</filename><folder>users/joselusava//jacob</folder><source><submittedBy>Jose Saca</submittedBy></source><imagesize><nrows>3200</nrows><ncols>4800</ncols></imagesize><object><name>m1_s05_138_p_ic039</name><deleted>0</deleted><verified>0</verified><occluded>no</occluded><attributes></attributes><parts><hasparts></hasparts><ispartof></ispartof></parts><date>21-08-20 20:12:50:588</date><id>0</id><type>bounding_box</type><polygon><username>anonymous</username><pt><x>3110</x><y>457</y><time>21-08-20 20:12:43:943</time></pt><pt><x>1475</x><y>457</y><time>21-08-20 20:12:46:203</time></pt><pt><x>1475</x><y>2826</y><time>undefined</time></pt><pt><x>3110</x><y>2826</y><time>undefined</time></pt><closed_date>21-08-20 20:12:46:204</closed_date></polygon></object></annotation>