<annotation><filename>m1_s05_115_p_nic046.jpg</filename><folder>users/joselusava//jacob/sala5_115_nic</folder><source><submittedBy>Jose Saca</submittedBy></source><imagesize><nrows>3200</nrows><ncols>4796</ncols></imagesize><object><name>m1_s05_115_p_nic046</name><deleted>0</deleted><verified>0</verified><occluded>no</occluded><attributes></attributes><parts><hasparts></hasparts><ispartof></ispartof></parts><date>30-08-20 23:30:41:704</date><id>0</id><type>bounding_box</type><polygon><username>anonymous</username><pt><x>2422</x><y>211</y><time>30-08-20 23:30:37:740</time></pt><pt><x>3418</x><y>211</y><time>30-08-20 23:30:38:687</time></pt><pt><x>3418</x><y>1292</y><time>undefined</time></pt><pt><x>2422</x><y>1292</y><time>undefined</time></pt><closed_date>30-08-20 23:30:38:687</closed_date></polygon></object></annotation>