<annotation><filename>img_m1_s10_303_p_ic063.jpg</filename><folder>users/joselusava//santiago</folder><source><submittedBy>Jose Saca</submittedBy></source><imagesize><nrows>3200</nrows><ncols>4800</ncols></imagesize><object><name>m1_s10_303_p_ic063</name><deleted>0</deleted><verified>0</verified><occluded>no</occluded><attributes></attributes><parts><hasparts></hasparts><ispartof></ispartof></parts><date>31-08-20 14:26:05:297</date><id>0</id><type>bounding_box</type><polygon><username>anonymous</username><pt><x>1231</x><y>1119</y><time>31-08-20 14:25:54:311</time></pt><pt><x>3304</x><y>1119</y><time>31-08-20 14:25:58:693</time></pt><pt><x>3304</x><y>2138</y><time>undefined</time></pt><pt><x>1231</x><y>2138</y><time>undefined</time></pt><closed_date>31-08-20 14:25:58:694</closed_date></polygon></object></annotation>