<annotation><filename>img_m1_s10_303_p_ic024.jpg</filename><folder>users/joselusava//santiago</folder><source><submittedBy>Jose Saca</submittedBy></source><imagesize><nrows>3200</nrows><ncols>4800</ncols></imagesize><object><name>m1_s10_303_p_ic024</name><deleted>0</deleted><verified>0</verified><occluded>no</occluded><attributes></attributes><parts><hasparts></hasparts><ispartof></ispartof></parts><date>31-08-20 12:55:12:781</date><id>0</id><type>bounding_box</type><polygon><username>anonymous</username><pt><x>1699</x><y>666</y><time>31-08-20 12:55:04:034</time></pt><pt><x>2800</x><y>666</y><time>31-08-20 12:55:06:458</time></pt><pt><x>2800</x><y>2127</y><time>undefined</time></pt><pt><x>1699</x><y>2127</y><time>undefined</time></pt><closed_date>31-08-20 12:55:06:460</closed_date></polygon></object></annotation>