<annotation><filename>img_m1_s10_270_p_nic007.jpg</filename><folder>users/joselusava//santiago</folder><source><submittedBy>Jose Saca</submittedBy></source><imagesize><nrows>3200</nrows><ncols>4800</ncols></imagesize><object><name>m1_s10_270_p_nic007</name><deleted>0</deleted><verified>0</verified><occluded>no</occluded><attributes></attributes><parts><hasparts></hasparts><ispartof></ispartof></parts><date>27-08-20 12:47:41:479</date><id>0</id><type>bounding_box</type><polygon><username>anonymous</username><pt><x>1645</x><y>374</y><time>27-08-20 12:47:31:527</time></pt><pt><x>3459</x><y>374</y><time>27-08-20 12:47:34:213</time></pt><pt><x>3459</x><y>1674</y><time>undefined</time></pt><pt><x>1645</x><y>1674</y><time>undefined</time></pt><closed_date>27-08-20 12:47:34:214</closed_date></polygon></object></annotation>