<annotation><filename>m1_s07_228_x.jpg</filename><folder>users/joselusava//santiago</folder><source><submittedBy>Jose Saca</submittedBy></source><imagesize><nrows>3200</nrows><ncols>4800</ncols></imagesize><object><name>m1_s07_228_x</name><deleted>0</deleted><verified>0</verified><occluded>no</occluded><attributes></attributes><parts><hasparts></hasparts><ispartof></ispartof></parts><date>24-08-20 20:50:43:762</date><id>0</id><type>bounding_box</type><polygon><username>anonymous</username><pt><x>750</x><y>255</y><time>24-08-20 20:50:32:051</time></pt><pt><x>4057</x><y>255</y><time>24-08-20 20:50:34:662</time></pt><pt><x>4057</x><y>2842</y><time>undefined</time></pt><pt><x>750</x><y>2842</y><time>undefined</time></pt><closed_date>24-08-20 20:50:34:663</closed_date></polygon></object></annotation>