<annotation><filename>m1_s05_115_p_ic028.jpg</filename><folder>users/joselusava//jacob/sala5_115_ic</folder><source><submittedBy>Jose Saca</submittedBy></source><imagesize><nrows>3200</nrows><ncols>4796</ncols></imagesize><object><name>m1_s05_115_p_ic028</name><deleted>0</deleted><verified>0</verified><occluded>no</occluded><attributes></attributes><parts><hasparts></hasparts><ispartof></ispartof></parts><date>30-08-20 20:59:24:774</date><id>0</id><type>bounding_box</type><polygon><username>anonymous</username><pt><x>1321</x><y>2891</y><time>30-08-20 20:59:21:735</time></pt><pt><x>3245</x><y>2891</y><time>30-08-20 20:59:23:775</time></pt><pt><x>3245</x><y>220</y><time>undefined</time></pt><pt><x>1321</x><y>220</y><time>undefined</time></pt><closed_date>30-08-20 20:59:23:775</closed_date></polygon></object></annotation>