<annotation><filename>m1_s07_194_p_nic077.jpg</filename><folder>users/joselusava//santiago</folder><source><submittedBy>Jose Saca</submittedBy></source><imagesize><nrows>3200</nrows><ncols>4800</ncols></imagesize><object><name>m1_s07_194_p_nic077</name><deleted>0</deleted><verified>0</verified><occluded>no</occluded><attributes></attributes><parts><hasparts></hasparts><ispartof></ispartof></parts><date>24-08-20 14:35:30:835</date><id>0</id><type>bounding_box</type><polygon><username>anonymous</username><pt><x>2790</x><y>468</y><time>24-08-20 14:35:22:658</time></pt><pt><x>3942</x><y>468</y><time>24-08-20 14:35:23:863</time></pt><pt><x>3942</x><y>2012</y><time>undefined</time></pt><pt><x>2790</x><y>2012</y><time>undefined</time></pt><closed_date>24-08-20 14:35:23:864</closed_date></polygon></object></annotation>