<annotation><filename>img_m1_s10_270_p_nic069.jpg</filename><folder>users/joselusava//santiago</folder><source><submittedBy>Jose Saca</submittedBy></source><imagesize><nrows>3200</nrows><ncols>4800</ncols></imagesize><object><name>m1_s10_270_p_nic069</name><deleted>0</deleted><verified>0</verified><occluded>no</occluded><attributes></attributes><parts><hasparts></hasparts><ispartof></ispartof></parts><date>28-08-20 14:06:03:353</date><id>0</id><type>bounding_box</type><polygon><username>anonymous</username><pt><x>331</x><y>1448</y><time>28-08-20 14:05:53:615</time></pt><pt><x>1688</x><y>1448</y><time>28-08-20 14:05:56:115</time></pt><pt><x>1688</x><y>2735</y><time>undefined</time></pt><pt><x>331</x><y>2735</y><time>undefined</time></pt><closed_date>28-08-20 14:05:56:117</closed_date></polygon></object></annotation>