<annotation><filename>m1_s07_194_p_ic029.jpg</filename><folder>users/joselusava//santiago</folder><source><submittedBy>Jose Saca</submittedBy></source><imagesize><nrows>3200</nrows><ncols>4800</ncols></imagesize><object><name>m1_s07_194_p_ic029</name><deleted>0</deleted><verified>0</verified><occluded>no</occluded><attributes></attributes><parts><hasparts></hasparts><ispartof></ispartof></parts><date>21-08-20 16:44:43:630</date><id>0</id><type>bounding_box</type><polygon><username>anonymous</username><pt><x>1454</x><y>86</y><time>21-08-20 16:44:28:801</time></pt><pt><x>2898</x><y>86</y><time>21-08-20 16:44:35:756</time></pt><pt><x>2898</x><y>2671</y><time>undefined</time></pt><pt><x>1454</x><y>2671</y><time>undefined</time></pt><closed_date>21-08-20 16:44:35:757</closed_date></polygon></object></annotation>