<annotation><filename>m1_s05_111_x.jpg</filename><folder>users/joselusava//jacob/sala5</folder><source><submittedBy>Jose Saca</submittedBy></source><imagesize><nrows>3200</nrows><ncols>4800</ncols></imagesize><object><name>m1_s05_111_x</name><deleted>0</deleted><verified>0</verified><occluded>no</occluded><attributes></attributes><parts><hasparts></hasparts><ispartof></ispartof></parts><date>24-08-20 12:56:36:727</date><id>0</id><type>bounding_box</type><polygon><username>anonymous</username><pt><x>4772</x><y>3068</y><time>24-08-20 12:56:24:308</time></pt><pt><x>14</x><y>3068</y><time>24-08-20 12:56:32:312</time></pt><pt><x>14</x><y>42</y><time>undefined</time></pt><pt><x>4772</x><y>42</y><time>undefined</time></pt><closed_date>24-08-20 12:56:32:313</closed_date></polygon></object></annotation>