<annotation><filename>m1_s05_115_p_nic077.jpg</filename><folder>users/joselusava//jacob/sala5_115_nic</folder><source><submittedBy>Jose Saca</submittedBy></source><imagesize><nrows>3200</nrows><ncols>4796</ncols></imagesize><object><name>m1_s05_115_p_nic077</name><deleted>0</deleted><verified>0</verified><occluded>no</occluded><attributes></attributes><parts><hasparts></hasparts><ispartof></ispartof></parts><date>30-08-20 23:58:08:624</date><id>0</id><type>bounding_box</type><polygon><username>anonymous</username><pt><x>689</x><y>1311</y><time>30-08-20 23:58:06:444</time></pt><pt><x>1809</x><y>1311</y><time>30-08-20 23:58:07:725</time></pt><pt><x>1809</x><y>268</y><time>undefined</time></pt><pt><x>689</x><y>268</y><time>undefined</time></pt><closed_date>30-08-20 23:58:07:726</closed_date></polygon></object></annotation>