<annotation><filename>m1_s07_214_x.jpg</filename><folder>users/joselusava//santiago</folder><source><submittedBy>Jose Saca</submittedBy></source><imagesize><nrows>3200</nrows><ncols>4800</ncols></imagesize><object><name>m1_s07_214_x</name><deleted>0</deleted><verified>0</verified><occluded>no</occluded><attributes></attributes><parts><hasparts></hasparts><ispartof></ispartof></parts><date>24-08-20 16:46:50:033</date><id>0</id><type>bounding_box</type><polygon><username>anonymous</username><pt><x>1461</x><y>313</y><time>24-08-20 16:46:40:448</time></pt><pt><x>3481</x><y>313</y><time>24-08-20 16:46:42:795</time></pt><pt><x>3481</x><y>2732</y><time>undefined</time></pt><pt><x>1461</x><y>2732</y><time>undefined</time></pt><closed_date>24-08-20 16:46:42:796</closed_date></polygon></object></annotation>