<annotation><filename>img_m1_s10_270_p_nic079.jpg</filename><folder>users/joselusava//santiago</folder><source><submittedBy>Jose Saca</submittedBy></source><imagesize><nrows>3200</nrows><ncols>4800</ncols></imagesize><object><name>m1_s10_270_p_nic079</name><deleted>0</deleted><verified>0</verified><occluded>no</occluded><attributes></attributes><parts><hasparts></hasparts><ispartof></ispartof></parts><date>28-08-20 14:18:55:693</date><id>0</id><type>bounding_box</type><polygon><username>anonymous</username><pt><x>3090</x><y>267</y><time>28-08-20 14:18:46:320</time></pt><pt><x>4465</x><y>267</y><time>28-08-20 14:18:48:971</time></pt><pt><x>4465</x><y>1509</y><time>undefined</time></pt><pt><x>3090</x><y>1509</y><time>undefined</time></pt><closed_date>28-08-20 14:18:48:972</closed_date></polygon></object></annotation>