<annotation><filename>img_m1_s10_303_p_ic008.jpg</filename><folder>users/joselusava//santiago</folder><source><submittedBy>Jose Saca</submittedBy></source><imagesize><nrows>3200</nrows><ncols>4800</ncols></imagesize><object><name>m1_s10_303_p_ic008</name><deleted>0</deleted><verified>0</verified><occluded>no</occluded><attributes></attributes><parts><hasparts></hasparts><ispartof></ispartof></parts><date>31-08-20 11:42:56:803</date><id>0</id><type>bounding_box</type><polygon><username>anonymous</username><pt><x>932</x><y>1033</y><time>31-08-20 11:42:47:084</time></pt><pt><x>3607</x><y>1033</y><time>31-08-20 11:42:48:972</time></pt><pt><x>3607</x><y>2311</y><time>undefined</time></pt><pt><x>932</x><y>2311</y><time>undefined</time></pt><closed_date>31-08-20 11:42:48:974</closed_date></polygon></object></annotation>