<annotation><filename>m1_s07_194_p_ic049.jpg</filename><folder>users/joselusava//santiago</folder><source><submittedBy>Jose Saca</submittedBy></source><imagesize><nrows>3200</nrows><ncols>4800</ncols></imagesize><object><name>m1_s07_194_p_ic049</name><deleted>0</deleted><verified>0</verified><occluded>no</occluded><attributes></attributes><parts><hasparts></hasparts><ispartof></ispartof></parts><date>21-08-20 19:12:35:894</date><id>0</id><type>bounding_box</type><polygon><username>anonymous</username><pt><x>1645</x><y>54</y><time>21-08-20 19:12:19:677</time></pt><pt><x>3495</x><y>54</y><time>21-08-20 19:12:23:057</time></pt><pt><x>3495</x><y>2736</y><time>undefined</time></pt><pt><x>1645</x><y>2736</y><time>undefined</time></pt><closed_date>21-08-20 19:12:23:058</closed_date></polygon></object></annotation>