<annotation><filename>m1_s05_138_p_ic084.jpg</filename><folder>users/joselusava//jacob</folder><source><submittedBy>Jose Saca</submittedBy></source><imagesize><nrows>3200</nrows><ncols>4800</ncols></imagesize><object><name>m1_s05_138_p_ic084</name><deleted>0</deleted><verified>0</verified><occluded>no</occluded><attributes></attributes><parts><hasparts></hasparts><ispartof></ispartof></parts><date>21-08-20 23:06:21:015</date><id>0</id><type>bounding_box</type><polygon><username>anonymous</username><pt><x>2944</x><y>2584</y><time>21-08-20 23:06:15:754</time></pt><pt><x>1475</x><y>2584</y><time>21-08-20 23:06:17:846</time></pt><pt><x>1475</x><y>312</y><time>undefined</time></pt><pt><x>2944</x><y>312</y><time>undefined</time></pt><closed_date>21-08-20 23:06:17:846</closed_date></polygon></object></annotation>