<annotation><filename>m1_s07_194_p_nic032.jpg</filename><folder>users/joselusava//santiago</folder><source><submittedBy>Jose Saca</submittedBy></source><imagesize><nrows>3200</nrows><ncols>4800</ncols></imagesize><object><name>m1_s07_194_p_nic032</name><deleted>0</deleted><verified>0</verified><occluded>no</occluded><attributes></attributes><parts><hasparts></hasparts><ispartof></ispartof></parts><date>24-08-20 12:57:46:748</date><id>0</id><type>bounding_box</type><polygon><username>anonymous</username><pt><x>3610</x><y>745</y><time>24-08-20 12:57:38:589</time></pt><pt><x>4557</x><y>745</y><time>24-08-20 12:57:40:805</time></pt><pt><x>4557</x><y>2315</y><time>undefined</time></pt><pt><x>3610</x><y>2315</y><time>undefined</time></pt><closed_date>24-08-20 12:57:40:807</closed_date></polygon></object></annotation>